Accident_ID,Date,Latitude,Longitude,Severity,Road_Type,Weather,Region,Source
REAL-1,2021-12-31,18.27845745037488,76.00957388786227,Fatal,NH,,,
REAL-2,2021-12-31,24.543681356839087,84.28057070288547,Fatal,NH,,,
REAL-3,2021-12-30,15.390068035586197,74.39144094880469,Fatal,NH,,,
REAL-4,2021-12-30,13.067050304037062,79.30040631066949,Fatal,OR,,,
REAL-5,2021-12-30,13.039775780916695,79.29047838425367,Fatal,OR,,,
REAL-6,2021-12-30,26.64362250050694,74.19299113226057,Fatal,NH,,,
REAL-7,2021-12-30,27.793665237757928,70.35519318244828,Fatal,NH,,,
REAL-8,2021-12-30,11.299962063279324,76.94191717015218,Fatal,SH,,,
REAL-9,2022-01-01,25.808661598311467,71.40488769828872,Fatal,NH,,,
REAL-10,2021-12-31,17.692782870071433,77.62231729628967,Fatal,NH,,,
REAL-11,2022-01-01,16.48884543363603,78.3091303972808,Fatal,SH,,,
REAL-12,2022-01-01,16.526195268882535,78.59603307218524,Fatal,OR,,,
REAL-13,2022-01-01,27.011963538352493,75.76932901260889,Fatal,NH,,,
REAL-14,2022-01-01,25.188347677151736,86.97434233075197,Fatal,SH,,,
REAL-15,2022-01-01,25.242396484247,86.98888681844828,Fatal,OR,,,
REAL-16,2022-01-01,29.47257166225623,77.71737212387585,Fatal,SH,,,
REAL-17,2022-01-01,17.76444710552003,81.01025874640929,Fatal,OR,,,
REAL-18,2021-12-31,12.917305822072388,79.24589931923434,Fatal,SH,,,
REAL-19,2022-01-01,11.038158152772835,77.03756589670454,Fatal,NH,,,
REAL-20,2022-01-01,18.991748018503824,73.03711475232855,Fatal,NH,,,
REAL-21,2022-01-01,18.976004872607675,73.03152779361652,Fatal,OR,,,
REAL-22,2022-01-02,16.572508890221638,75.9754540804605,Fatal,SH,,,
REAL-23,2022-01-02,14.89006685560942,76.22398648067914,Fatal,SH,,,
REAL-24,2022-01-02,13.066746957230484,77.50327116691861,Fatal,SH,,,
REAL-25,2022-01-02,13.040914155489356,77.61704511801918,Fatal,NH,,,
REAL-26,2022-01-04,8.541149770701736,77.31592904791036,Fatal,SH,,,
REAL-27,2022-01-02,16.5081867897076,74.22019958556264,Fatal,OR,,,
REAL-28,2022-01-04,22.776769204616333,71.72962248310266,Fatal,SH,,,
REAL-29,2022-01-03,21.97278752577793,70.78862073790624,Fatal,NH,,,
REAL-30,2022-01-03,22.56034861853684,70.4258539831936,Fatal,SH,,,
REAL-31,2022-01-03,18.45072219760597,73.91614459634192,Fatal,NH,,,
REAL-32,2022-01-02,18.486331175038483,73.79708554934217,Fatal,NH,,,
REAL-33,2022-01-04,29.794701671789223,77.83802738617437,Fatal,OR,,,
REAL-34,2022-01-02,26.847744161614127,81.00770583339522,Fatal,NH,,,
REAL-35,2022-01-06,26.23244327782419,82.075673988543,Fatal,NH,,,
REAL-36,2022-01-04,22.69729187357254,75.90860390970307,Fatal,OR,,,
REAL-37,2022-01-04,22.43115195743422,75.61763951190622,Fatal,NH,,,
REAL-38,2022-01-05,9.478253797120738,76.91578562862944,Fatal,OR,,,
REAL-39,2022-01-06,26.172269871051377,79.96053447979006,Fatal,SH,,,
REAL-40,2022-01-06,17.819637365225628,81.03034800094213,Fatal,NH,,,
REAL-41,2022-01-05,17.52559528053733,78.27114402473659,Fatal,NH,,,
REAL-42,2022-01-06,12.93497388725656,77.53145535271094,Fatal,SH,,,
REAL-43,2022-01-06,12.967955279692166,77.52407059158364,Fatal,OR,,,
REAL-44,2022-01-06,30.56554678240335,78.32522300136368,Fatal,NH,,,
REAL-45,2022-01-07,30.38157293024726,77.79771572590872,Fatal,OR,,,
REAL-46,2022-01-07,12.858376301854657,77.52802094205354,Fatal,OR,,,
REAL-47,2022-01-07,23.059882776138668,72.52057320671621,Fatal,NH,,,
REAL-48,2022-01-08,17.10266311413749,80.76936937354604,Fatal,NH,,,
REAL-49,2022-01-08,17.033617916586227,80.64713177640807,Fatal,NH,,,
REAL-50,2022-01-09,20.31379687035904,74.66384510003404,Fatal,SH,,,
REAL-51,2022-01-09,22.17985011402323,71.65078918083432,Fatal,SH,,,
REAL-52,2022-01-09,17.716464062931237,80.99279291890697,Fatal,SH,,,
REAL-53,2022-01-09,22.15122333271011,71.65877930084991,Fatal,NH,,,
REAL-54,2022-01-09,21.64440087690713,82.34278934682449,Fatal,NH,,,
REAL-55,2022-01-09,19.9864533330699,73.78419165143977,Fatal,NH,,,
REAL-56,2022-01-10,12.879137929078608,77.4456388022993,Fatal,NH,,,
REAL-57,2022-01-10,18.46087329898162,73.82215405131329,Fatal,NH,,,
REAL-58,2022-01-09,12.52753677679566,76.3833438370817,Fatal,OR,,,
REAL-59,2022-01-09,26.589105945186247,74.85948627660595,Fatal,NH,,,
REAL-60,2022-01-09,20.00678053729021,73.8291134262243,Fatal,OR,,,
REAL-61,2022-01-09,20.033277226299347,73.79524144570404,Fatal,NH,,,
REAL-62,2022-01-09,19.96973794288776,73.81769001774795,Fatal,SH,,,
REAL-63,2022-01-11,16.436925517988787,79.61217474801305,Fatal,SH,,,
REAL-64,2022-01-09,12.889577748612352,77.56353894092923,Fatal,OR,,,
REAL-65,2022-01-12,28.49043013078424,77.08153241633956,Fatal,NH,,,
REAL-66,2022-01-12,13.130457182123903,77.35974095043811,Fatal,NH,,,
REAL-67,2022-01-14,14.553328636829782,76.43302899167439,Fatal,NH,,,
REAL-68,2022-01-13,12.874086694098173,77.54072195604662,Fatal,OR,,,
REAL-69,2022-01-13,22.70824432220356,75.92920211827541,Fatal,NH,,,
REAL-70,2022-01-14,20.23465588078181,79.01543924056895,Fatal,NH,,,
REAL-71,2022-01-14,8.30188369743812,77.41809566119392,Fatal,OR,,,
REAL-72,2022-01-14,22.64953470429659,88.43818561245637,Fatal,OR,,,
REAL-73,2022-01-14,10.011092687874315,76.68826342227766,Fatal,SH,,,
REAL-74,2022-01-15,15.281550861387068,74.43777778218772,Fatal,OR,,,
REAL-75,2022-01-15,27.11896896428953,73.67248311917048,Fatal,NH,,,
REAL-76,2022-01-15,22.961108702798008,72.61966017499154,Fatal,OR,,,
REAL-77,2022-01-16,23.523684332362315,79.37929010088607,Fatal,OR,,,
REAL-78,2022-01-16,22.601570130287165,80.38020370045963,Fatal,SH,,,
REAL-79,2022-01-16,23.459623017585365,74.92905852422956,Fatal,OR,,,
REAL-80,2022-01-15,31.21441147347508,75.62514255479414,Fatal,OR,,,
REAL-81,2022-01-17,25.484100715535924,81.97930524084148,Fatal,SH,,,
REAL-82,2022-01-17,25.513167610968463,81.8661763224527,Fatal,NH,,,
REAL-83,2022-01-16,19.121440192297,72.90781946380115,Fatal,OR,,,
REAL-84,2022-01-18,24.76730676338609,76.39400027518448,Fatal,NH,,,
REAL-85,2022-01-18,27.76748297692978,80.84767138661462,Fatal,SH,,,
REAL-86,2022-01-16,18.553896418910423,73.7243675904804,Fatal,OR,,,
REAL-87,2022-01-15,19.17442005976027,72.85976934887162,Fatal,OR,,,
REAL-88,2022-01-20,29.449454153821858,73.87581502395967,Fatal,NH,,,
REAL-89,2022-01-18,18.26150912534684,74.3476151574748,Fatal,OR,,,
REAL-90,2022-01-19,26.921072245843384,75.80705975340842,Fatal,OR,,,
REAL-91,2022-01-19,18.687104227193668,81.34610593869849,Fatal,SH,,,
REAL-92,2022-01-19,18.77406040183497,81.37775798626792,Fatal,SH,,,
REAL-93,2022-01-19,22.7741266742808,75.93616228783264,Fatal,NH,,,
REAL-94,2022-01-21,23.05622910208412,72.54839248535511,Fatal,NH,,,
REAL-95,2022-01-21,13.013395634204327,77.69952194675402,Fatal,NH,,,
REAL-96,2022-01-20,18.496302418026232,73.97119797630161,Fatal,NH,,,
REAL-97,2022-01-22,21.28144345287941,86.69191416872226,Fatal,OR,,,
REAL-98,2022-01-21,22.99894531519997,72.62465978696193,Fatal,OR,,,
REAL-99,2022-01-22,15.53144664568562,74.33107228229224,Fatal,NH,,,
REAL-100,2022-01-23,18.68473490820972,74.11586934949585,Fatal,SH,,,
REAL-101,2022-01-23,25.192410594168933,82.8270546312142,Fatal,OR,,,
REAL-102,2022-01-22,25.10276774054831,82.8672602963507,Fatal,NH,,,
REAL-103,2022-01-22,22.637960655646225,75.86771888717327,Fatal,NH,,,
REAL-104,2022-01-22,23.04697914071979,72.56910733421006,Fatal,OR,,,
REAL-105,2022-01-22,18.60526606930425,73.75217758015306,Fatal,NH,,,
REAL-106,2022-01-25,20.63715635920813,78.47350022936271,Fatal,NH,,,
REAL-107,2022-01-23,13.032318332628448,79.28776387307676,Fatal,NH,,,
REAL-108,2022-01-23,22.61203487217105,88.39303596485522,Fatal,OR,,,
REAL-109,2022-01-23,13.03254168175602,79.2878451721592,Fatal,NH,,,
REAL-110,2022-01-23,22.59474582753312,75.7003748573627,Fatal,NH,,,
REAL-111,2022-01-24,30.85883681083785,75.48669577236953,Fatal,OR,,,
REAL-112,2022-01-25,23.293852728757138,77.43635540033472,Fatal,OR,,,
REAL-113,2022-01-27,16.080937609341778,80.15831819833785,Fatal,NH,,,
REAL-114,2022-01-26,19.883564516772523,72.68264417660346,Fatal,OR,,,
REAL-115,2022-01-27,20.608413591260497,79.85587713179397,Fatal,NH,,,
REAL-116,2022-01-26,12.953940017532451,77.54359380855148,Fatal,NH,,,
REAL-117,2022-01-27,15.75873311270647,79.67422646980734,Fatal,NH,,,
REAL-118,2022-01-27,23.53469623782937,77.22595938027769,Fatal,NH,,,
REAL-119,2022-01-26,17.647684108050818,80.96775701533049,Fatal,SH,,,
REAL-120,2022-01-27,31.03747281688876,78.73627773458514,Fatal,NH,,,
REAL-121,2022-01-28,17.490912151289685,80.57321678720476,Fatal,SH,,,
REAL-122,2022-01-28,15.903511995945667,74.55948072624453,Fatal,OR,,,
REAL-123,2022-01-28,18.4954422867835,81.2763409923892,Fatal,SH,,,
REAL-124,2022-01-30,18.42803807145549,79.13507468317677,Fatal,NH,,,
REAL-125,2022-01-30,12.941901560510074,79.25485216802566,Fatal,OR,,,
REAL-126,2022-01-30,26.448594325625667,80.343810933111,Fatal,OR,,,
REAL-127,2022-01-29,13.235809378630744,79.36183461382159,Fatal,OR,,,
REAL-128,2022-01-30,18.989326374345,79.08330736132393,Fatal,OR,,,
REAL-129,2022-01-31,27.092451869286297,74.42748015803826,Fatal,SH,,,
REAL-130,2022-01-31,25.792933776374102,72.1629058029464,Fatal,OR,,,
REAL-131,2022-02-01,24.04493489967109,78.6394929061528,Fatal,NH,,,
REAL-132,2022-02-01,21.815346974057224,80.17806276395049,Fatal,SH,,,
REAL-133,2022-01-31,22.209325349494875,70.8009083158295,Fatal,NH,,,
REAL-134,2022-01-31,22.68448170947923,75.86399687841984,Fatal,OR,,,
REAL-135,2022-02-03,33.303370177922346,75.77549202867355,Fatal,OR,,,
REAL-136,2022-02-02,22.48983884444052,75.66671181495484,Fatal,NH,,,
REAL-137,2022-02-01,12.293012045391656,76.2663866231776,Fatal,OR,,,
REAL-138,2022-02-03,17.666465319754213,80.97459337639053,Fatal,SH,,,
REAL-139,2022-02-03,26.910703910916823,70.9337404020313,Fatal,NH,,,
REAL-140,2022-02-03,21.04061585241248,73.4061732227355,Fatal,OR,,,
REAL-141,2022-02-03,9.83194947142872,76.76475757569993,Fatal,OR,,,
REAL-142,2022-02-03,9.929597110544416,76.72306203379753,Fatal,NH,,,
REAL-143,2022-02-02,22.68273981416625,72.90717749509794,Fatal,NH,,,
REAL-144,2022-02-03,27.21585406766396,77.20152201303823,Fatal,SH,,,
REAL-145,2022-02-03,27.41685838705793,76.10444383342535,Fatal,NH,,,
REAL-146,2022-02-03,13.12297281283396,79.32076210387156,Fatal,SH,,,
REAL-147,2022-02-03,13.126032102413577,79.32187568527854,Fatal,SH,,,
REAL-148,2022-02-04,26.738629447023207,80.35052740128569,Fatal,SH,,,
REAL-149,2022-02-05,16.82089116931901,80.66680438563212,Fatal,SH,,,
REAL-150,2022-02-06,14.962623936340336,77.23330737491476,Fatal,NH,,,
REAL-151,2022-02-05,8.659199326714372,77.26552188749295,Fatal,SH,,,
REAL-152,2022-02-05,30.740356213706715,76.72431923906225,Fatal,OR,,,
REAL-153,2022-02-05,22.746248516667844,75.7982094212455,Fatal,OR,,,
REAL-154,2022-02-05,23.05288443571828,76.59684714485893,Fatal,OR,,,
REAL-155,2022-02-05,19.97123485981148,73.81562224560645,Fatal,OR,,,
REAL-156,2022-02-04,30.2999631966134,79.5166363500949,Fatal,OR,,,
REAL-157,2022-02-05,18.632492103607568,73.74157079427587,Fatal,NH,,,
REAL-158,2022-02-06,17.760528885443883,81.00883251430157,Fatal,SH,,,
REAL-159,2022-02-07,31.591633638231283,78.03685723801158,Fatal,OR,,,
REAL-160,2022-02-07,27.2138302972568,73.71605649545057,Fatal,NH,,,
REAL-161,2022-02-07,25.49987528377706,73.25112435658373,Fatal,NH,,,
REAL-162,2022-02-06,19.12471261878596,72.89574856667453,Fatal,OR,,,
REAL-163,2022-02-09,23.004502500291743,71.15380897504323,Fatal,SH,,,
REAL-164,2022-02-08,26.22754594175393,84.24243447792814,Fatal,NH,,,
REAL-165,2022-02-08,12.440200277367603,79.07223290096181,Fatal,NH,,,
REAL-166,2022-02-09,9.156390493413303,77.05322125931251,Fatal,SH,,,
REAL-167,2022-02-08,23.320313870253266,78.53019329464922,Fatal,OR,,,
REAL-168,2022-02-09,25.18714588010464,77.11115122253314,Fatal,NH,,,
REAL-169,2022-02-08,17.931285780564018,81.0709880241253,Fatal,NH,,,
REAL-170,2022-02-09,8.74283202760778,77.22981072421148,Fatal,SH,,,
REAL-171,2022-02-11,23.967751166911828,86.76956791098664,Fatal,OR,,,
REAL-172,2022-02-09,11.531926575865088,76.0388673521056,Fatal,OR,,,
REAL-173,2022-02-10,22.974129466237112,72.6534256375576,Fatal,NH,,,
REAL-174,2022-02-11,33.05115098808208,74.64351066713232,Fatal,OR,,,
REAL-175,2022-02-11,23.48821291020068,80.10769353179742,Fatal,NH,,,
REAL-176,2022-02-11,23.448803225439857,77.36161885815567,Fatal,OR,,,
REAL-177,2022-02-10,17.23253687972608,79.69398413248594,Fatal,OR,,,
REAL-178,2022-02-11,26.23693879193369,70.47955938658713,Fatal,OR,,,
REAL-179,2022-02-12,14.838820326235735,75.3533581920594,Fatal,NH,,,
REAL-180,2022-02-12,21.00119281715471,79.39828299234789,Fatal,SH,,,
REAL-181,2022-02-12,24.50744282460239,74.54469995593209,Fatal,OR,,,
REAL-182,2022-02-12,10.873262324653169,77.00665745816913,Fatal,NH,,,
REAL-183,2022-02-14,26.51961727992392,80.77002471393665,Fatal,OR,,,
REAL-184,2022-02-13,9.99484592411198,76.69520079040417,Fatal,OR,,,
REAL-185,2022-02-14,22.78801212541457,86.03337294127007,Fatal,OR,,,
REAL-186,2022-02-15,26.761340281072,75.74696895289894,Fatal,SH,,,
REAL-187,2022-02-15,18.785150637116026,73.34700081173162,Fatal,NH,,,
REAL-188,2022-02-14,26.54020341108048,81.63236223814823,Fatal,NH,,,
REAL-189,2022-02-16,13.126527581387272,78.11583179770683,Fatal,NH,,,
REAL-190,2022-02-14,10.944913295408462,76.93881475047148,Fatal,OR,,,
REAL-191,2022-02-16,25.19145275727694,83.02887846513721,Fatal,SH,,,
REAL-192,2022-02-14,22.56295765776425,88.35872928795361,Fatal,OR,,,
REAL-193,2022-02-14,22.540902886677657,88.34096360238837,Fatal,OR,,,
REAL-194,2022-02-15,22.71454402717872,75.87184933982203,Fatal,OR,,,
REAL-195,2022-02-16,21.108177205326385,81.72271029614801,Fatal,OR,,,
REAL-196,2022-02-16,10.938080599081948,76.98016337449293,Fatal,NH,,,
REAL-197,2022-02-15,22.57898332625892,75.77721150442704,Fatal,NH,,,
REAL-198,2022-02-18,12.869718563956598,79.087678239575,Fatal,SH,,,
REAL-199,2022-02-17,27.56809926680972,72.2475957764855,Fatal,NH,,,
REAL-200,2022-02-16,28.90148755626485,77.2051188885555,Fatal,OR,,,
REAL-201,2022-02-19,18.188326947884857,79.91491551269137,Fatal,NH,,,
REAL-202,2022-02-19,24.9308253171582,73.82617210519453,Fatal,NH,,,
REAL-203,2022-02-19,27.482790115159805,75.3815748302894,Fatal,OR,,,
REAL-204,2022-02-17,21.22049960531919,82.40670193772387,Fatal,NH,,,
REAL-205,2022-02-19,25.58987074605308,84.25004814353804,Fatal,NH,,,
REAL-206,2022-02-20,25.19596716523665,75.84516315344385,Fatal,NH,,,
REAL-207,2022-02-18,24.92149865757436,92.7815669664388,Fatal,NH,,,
REAL-208,2022-02-19,28.602052711144825,77.1348181091842,Fatal,OR,,,
REAL-209,2022-02-18,23.00544441957308,72.53338811590844,Fatal,NH,,,
REAL-210,2022-02-21,17.313601040235092,78.13928501548331,Fatal,NH,,,
REAL-211,2022-02-18,19.83064800938073,73.82802256128227,Fatal,OR,,,
REAL-212,2022-02-19,30.81523877034962,76.17096503780348,Fatal,OR,,,
REAL-213,2022-02-20,16.726270377838905,80.63236241753336,Fatal,NH,,,
REAL-214,2022-02-20,14.08097302776957,78.06890620844874,Fatal,SH,,,
REAL-215,2022-02-19,26.38744492359492,73.53981947509264,Fatal,SH,,,
REAL-216,2022-02-22,29.05701000003004,80.1021978906326,Fatal,NH,,,
REAL-217,2022-02-20,23.45618762511605,75.88182763022814,Fatal,SH,,,
REAL-218,2022-02-21,25.57615794018205,85.1604735245477,Fatal,OR,,,
REAL-219,2022-02-21,25.60311850146915,85.15846727705956,Fatal,OR,,,
REAL-220,2022-02-21,18.056694486628253,78.2584638520406,Fatal,OR,,,
REAL-221,2022-02-22,27.158435724776187,78.06272867574049,Fatal,SH,,,
REAL-222,2022-02-21,29.75842648666641,78.54244677611753,Fatal,NH,,,
REAL-223,2022-02-21,28.315880502085022,75.42778059962849,Fatal,SH,,,
REAL-224,2022-02-22,27.015212450599027,71.70535690266628,Fatal,NH,,,
REAL-225,2022-02-19,30.9199903667924,75.88087428875404,Fatal,OR,,,
REAL-226,2022-02-22,17.329662439312923,78.27425994433521,Fatal,NH,,,
REAL-227,2022-02-21,20.33283598716889,73.88779870315513,Fatal,NH,,,
REAL-228,2022-02-20,20.628825370716992,74.03792201888484,Fatal,SH,,,
REAL-229,2022-02-23,22.64951001448067,75.88658250405783,Fatal,SH,,,
REAL-230,2022-02-24,18.391701123992394,73.85593140292903,Fatal,NH,,,
REAL-231,2022-02-24,17.55375191054745,78.46363355451433,Fatal,OR,,,
REAL-232,2022-02-24,28.59959351288085,76.91196809389415,Fatal,OR,,,
REAL-233,2022-02-24,17.26200439015837,78.38814180946548,Fatal,NH,,,
REAL-234,2022-02-24,18.91367527325495,73.17852135553856,Fatal,NH,,,
REAL-235,2022-02-24,16.263716185019536,74.47309535046699,Fatal,SH,,,
REAL-236,2022-02-27,29.29006598210077,77.47378345407694,Fatal,SH,,,
REAL-237,2022-02-25,21.26724764610783,81.62042269163943,Fatal,OR,,,
REAL-238,2022-02-26,26.294580894090394,83.09086815543051,Fatal,OR,,,
REAL-239,2022-02-27,28.64373969635639,77.03230998622084,Fatal,OR,,,
REAL-240,2022-02-27,13.134571102347406,77.61675186207687,Fatal,NH,,,
REAL-241,2022-02-27,13.035500082682866,77.58892000253744,Fatal,NH,,,
REAL-242,2022-02-26,30.88918704406389,75.85126767384848,Fatal,OR,,,
REAL-243,2022-02-28,12.923248510571252,79.24806245784794,Fatal,OR,,,
REAL-244,2022-02-27,19.846577303394984,73.97107766153536,Fatal,NH,,,
REAL-245,2022-03-01,18.77063933979836,73.36590938508034,Fatal,NH,,,
REAL-246,2022-02-27,12.967598908664984,77.51248898800186,Fatal,OR,,,
REAL-247,2022-02-27,12.846453600857831,77.67215941964415,Fatal,NH,,,
REAL-248,2022-02-28,26.90193341448318,75.77265925901905,Fatal,OR,,,
REAL-249,2022-02-28,17.286690427411575,74.18447132552234,Fatal,NH,,,
REAL-250,2022-02-28,23.243281034929208,77.4730609770155,Fatal,OR,,,
REAL-251,2022-03-01,26.42795651556272,80.38381214859015,Fatal,OR,,,
REAL-252,2022-02-28,18.63298730467365,73.74146182222104,Fatal,NH,,,
REAL-253,2022-03-02,8.560349800808412,77.3077306350548,Fatal,NH,,,
REAL-254,2022-03-02,10.058505914678154,76.64636492554786,Fatal,NH,,,
REAL-255,2022-03-02,9.955551623713422,76.71197945667436,Fatal,OR,,,
REAL-256,2022-03-03,31.63504378170524,76.77955354651563,Fatal,OR,,,
REAL-257,2022-03-02,28.47243249625412,77.10280302306421,Fatal,OR,,,
REAL-258,2022-03-02,28.29757364132327,76.86837399663595,Fatal,NH,,,
REAL-259,2022-03-03,29.87432755455267,77.89471485225786,Fatal,OR,,,
REAL-260,2022-03-04,21.199324620235608,81.2887682600112,Fatal,SH,,,
REAL-261,2022-03-03,27.298943064764845,75.95762115840584,Fatal,NH,,,
REAL-262,2022-03-05,18.21815163836048,79.98216386293753,Fatal,OR,,,
REAL-263,2022-03-04,21.20426880104254,79.14620422583027,Fatal,NH,,,
REAL-264,2022-03-05,33.30045710490115,74.41128186730069,Fatal,OR,,,
REAL-265,2022-03-04,25.606649196412548,85.16517591163063,Fatal,OR,,,
REAL-266,2022-03-05,18.39892041913737,73.84935979276045,Fatal,NH,,,
REAL-267,2022-03-06,10.87206032990684,76.89348210572516,Fatal,NH,,,
REAL-268,2022-03-05,25.10031536069514,76.67646540999337,Fatal,NH,,,
REAL-269,2022-03-05,25.101947583026973,76.6731180130028,Fatal,NH,,,
REAL-270,2022-03-04,13.050848763275782,79.29450894983238,Fatal,SH,,,
REAL-271,2022-03-06,17.609504860432846,74.02802490439436,Fatal,NH,,,
REAL-272,2022-03-06,17.555017076256856,80.9340262157575,Fatal,NH,,,
REAL-273,2022-03-05,23.207140010932616,81.41677662765933,Fatal,OR,,,
REAL-274,2022-03-06,25.956761504018843,82.71131150731956,Fatal,OR,,,
REAL-275,2022-03-07,23.231864541961247,77.45041074030301,Fatal,OR,,,
REAL-276,2022-03-06,22.430437925963226,75.61669537388278,Fatal,NH,,,
REAL-277,2022-03-06,29.033168315618305,78.5706426813862,Fatal,OR,,,
REAL-278,2022-03-08,10.90188754347919,77.35709665574765,Fatal,SH,,,
REAL-279,2022-03-08,19.20476538193532,72.86441892019303,Fatal,OR,,,
REAL-280,2022-03-08,19.182147545682533,72.81874827513124,Fatal,OR,,,
REAL-281,2022-03-10,12.6827308747718,79.16051403841693,Fatal,SH,,,
REAL-282,2022-03-08,28.833243263781423,77.57414318476498,Fatal,SH,,,
REAL-283,2022-03-09,16.682241723631137,80.39168244486339,Fatal,OR,,,
REAL-284,2022-03-09,25.17335542150828,75.81972366517368,Fatal,OR,,,
REAL-285,2022-03-09,18.534999658377465,81.2907398756494,Fatal,SH,,,
REAL-286,2022-03-10,17.000592653821027,73.77712806029851,Fatal,NH,,,
REAL-287,2022-03-11,19.032645423077582,73.02942374993484,Fatal,NH,,,
REAL-288,2022-03-11,17.29688453077931,76.37495067788755,Fatal,NH,,,
REAL-289,2022-03-11,15.633147275421006,76.56589681159844,Fatal,SH,,,
REAL-290,2022-03-11,22.67603178168848,75.94522481989529,Fatal,NH,,,
REAL-291,2022-03-10,25.76209446884033,75.38625216638773,Fatal,OR,,,
REAL-292,2022-03-13,16.895063126476742,80.11560317781093,Fatal,SH,,,
REAL-293,2022-03-11,28.6176937443294,77.31168964686108,Fatal,OR,,,
REAL-294,2022-03-12,22.710742787060603,82.50931693292135,Fatal,SH,,,
REAL-295,2022-03-11,17.86628118850109,81.04732635261439,Fatal,SH,,,
REAL-296,2022-03-12,10.84905403327252,77.44744409508702,Fatal,SH,,,
REAL-297,2022-03-12,22.601893290143234,88.37383577308988,Fatal,SH,,,
REAL-298,2022-03-12,22.51956382145056,88.38301300833446,Fatal,OR,,,
REAL-299,2022-03-13,23.30257872827068,77.40437085008443,Fatal,OR,,,
REAL-300,2022-03-13,17.828370956174,81.03352702804733,Fatal,OR,,,
REAL-301,2022-03-13,13.085424120268678,77.55399352966118,Fatal,OR,,,
REAL-302,2022-03-14,8.699304833692288,77.24839683601338,Fatal,OR,,,
REAL-303,2022-03-14,26.48141084467203,89.50661291551545,Fatal,OR,,,
REAL-304,2022-03-15,19.42937203559203,81.76036041919969,Fatal,NH,,,
REAL-305,2022-03-16,30.05735761999651,76.87996493850258,Fatal,NH,,,
REAL-306,2022-03-16,18.449707400024923,81.25969349360906,Fatal,SH,,,
REAL-307,2022-03-16,26.7792203588406,80.99173130626232,Fatal,OR,,,
REAL-308,2022-03-15,13.303354608979705,77.55850068631615,Fatal,OR,,,
REAL-309,2022-03-15,12.98598086079149,77.6906853405282,Fatal,NH,,,
REAL-310,2022-03-17,17.42939031894922,78.40337078144518,Fatal,OR,,,
REAL-311,2022-03-17,9.588884057588386,76.86854650740976,Fatal,OR,,,
REAL-312,2022-03-17,12.90132392464512,77.57327142335227,Fatal,OR,,,
REAL-313,2022-03-19,14.091201794191328,77.28334785048443,Fatal,SH,,,
REAL-314,2022-03-19,25.73528404547904,81.8319099160402,Fatal,OR,,,
REAL-315,2022-03-17,19.451565504072555,72.81717005034415,Fatal,OR,,,
REAL-316,2022-03-18,19.065974182720065,72.84628105564998,Fatal,OR,,,
REAL-317,2022-03-18,24.678680517555648,83.23432439854633,Fatal,OR,,,
REAL-318,2022-03-19,28.45316731819581,77.03035134919776,Fatal,NH,,,
REAL-319,2022-03-18,27.36293399918115,76.76680149484488,Fatal,SH,,,
REAL-320,2022-03-19,27.89165081734564,76.29406000600738,Fatal,SH,,,
REAL-321,2022-03-18,27.15788653014015,76.70106350691624,Fatal,NH,,,
REAL-322,2022-03-19,25.60421636264345,75.16468547655597,Fatal,SH,,,
REAL-323,2022-03-19,30.83528544322029,76.19317304364307,Fatal,NH,,,
REAL-324,2022-03-19,22.7306388647458,75.90297829499102,Fatal,SH,,,
REAL-325,2022-03-20,22.81779102211153,75.92631838853163,Fatal,OR,,,
REAL-326,2022-03-20,11.022633201492065,76.25633562296288,Fatal,SH,,,
REAL-327,2022-03-20,15.386857225098757,74.39281196488282,Fatal,NH,,,
REAL-328,2022-03-19,18.74894959298032,73.87303015246229,Fatal,NH,,,
REAL-329,2022-03-18,18.712167579022104,73.84833083894642,Fatal,NH,,,
REAL-330,2022-03-19,8.425114026256335,77.36547631078854,Fatal,NH,,,
REAL-331,2022-03-20,10.972996028122315,76.85939808424197,Fatal,OR,,,
REAL-332,2022-03-20,26.92560141747501,80.71326575663424,Fatal,NH,,,
REAL-333,2022-03-21,18.50775263416563,73.78094308026502,Fatal,NH,,,
REAL-334,2022-03-22,18.52364327565652,73.61912720298396,Fatal,SH,,,
REAL-335,2022-03-23,28.64956655017259,77.26835112560862,Fatal,OR,,,
REAL-336,2022-03-21,23.44497179629504,77.5908366379383,Fatal,OR,,,
REAL-337,2022-03-21,26.944745583993694,71.17748065615804,Fatal,NH,,,
REAL-338,2022-03-23,23.64489422323448,77.37362362570198,Fatal,NH,,,
REAL-339,2022-03-23,14.538681632255631,79.87098174140185,Fatal,SH,,,
REAL-340,2022-03-24,19.493534128994547,72.86529457913572,Fatal,OR,,,
REAL-341,2022-03-24,16.31620733669864,79.9089805723207,Fatal,OR,,,
REAL-342,2022-03-23,23.622972151317818,77.43896535202445,Fatal,NH,,,
REAL-343,2022-03-24,16.313366889296606,79.91658201878245,Fatal,OR,,,
REAL-344,2022-03-25,26.97329716136762,75.75200510380681,Fatal,NH,,,
REAL-345,2022-03-24,20.04600488961532,73.78192209476408,Fatal,SH,,,
REAL-346,2022-03-26,30.995997444574527,77.16195518053911,Fatal,OR,,,
REAL-347,2022-03-25,28.18230078918827,76.84364266963185,Fatal,OR,,,
REAL-348,2022-03-26,13.642311228271684,79.37428208359776,Fatal,OR,,,
REAL-349,2022-03-26,12.891476094655223,75.45833970758221,Fatal,OR,,,
REAL-350,2022-03-25,17.364729331569848,79.52306107787611,Fatal,OR,,,
REAL-351,2022-03-26,25.033442643350504,71.15309353338016,Fatal,NH,,,
REAL-352,2022-03-27,17.54245898655154,80.92945507110475,Fatal,OR,,,
REAL-353,2022-03-28,32.49814017838053,76.05668866434591,Fatal,OR,,,
REAL-354,2022-03-26,17.509872371083986,78.36186632666866,Fatal,OR,,,
REAL-355,2022-03-28,33.18350949098157,74.1436194735346,Fatal,OR,,,
REAL-356,2022-03-23,19.997540139104625,73.84619243807843,Fatal,SH,,,
REAL-357,2022-03-26,19.995635061963444,73.80014527715502,Fatal,NH,,,
REAL-358,2022-03-28,21.682811615194524,72.18554626754947,Fatal,SH,,,
REAL-359,2022-03-28,28.99720370523596,79.51982690464236,Fatal,NH,,,
REAL-360,2022-03-28,18.32542130889608,78.33671289159956,Fatal,SH,,,
REAL-361,2022-03-28,13.190783091478997,79.34544504529835,Fatal,NH,,,
REAL-362,2022-03-28,13.151971575559946,79.33131765350382,Fatal,SH,,,
REAL-363,2022-03-28,18.302276963312497,73.97470322663037,Fatal,OR,,,
REAL-364,2022-03-30,22.581638997335748,88.43569962072566,Fatal,SH,,,
REAL-365,2022-03-29,22.719123211499827,75.90901828646132,Fatal,OR,,,
REAL-366,2022-03-29,15.01307210074714,79.1444151537734,Fatal,NH,,,
REAL-367,2022-03-30,27.15083110001251,78.40875398690227,Fatal,SH,,,
REAL-368,2022-03-30,28.62594267821742,77.21703786094925,Fatal,OR,,,
REAL-369,2022-03-30,19.121374247652373,73.24219155935228,Fatal,OR,,,
REAL-370,2022-04-01,29.692679266873924,79.26730347942578,Fatal,OR,,,
REAL-371,2022-04-01,15.771109039806737,78.29277991268702,Fatal,SH,,,
REAL-372,2022-03-31,22.5258797785175,88.39572396277454,Fatal,SH,,,
REAL-373,2022-03-31,33.76023112882418,74.09532449203185,Fatal,OR,,,
REAL-374,2022-04-02,20.386849301378763,84.75951006419386,Fatal,NH,,,
REAL-375,2022-04-02,12.330894102290552,78.64516600099078,Fatal,OR,,,
REAL-376,2022-04-01,22.53473426703114,88.35349413112056,Fatal,OR,,,
REAL-377,2022-04-01,14.259495209831885,76.34745630421739,Fatal,NH,,,
REAL-378,2022-04-03,13.5964583824096,79.468585292512,Fatal,SH,,,
REAL-379,2022-04-02,17.8740683869601,81.05016089285347,Fatal,SH,,,
REAL-380,2022-04-02,17.62550225814061,80.95968282196318,Fatal,SH,,,
REAL-381,2022-04-04,19.13533197445404,72.85494317192074,Fatal,OR,,,
REAL-382,2022-04-03,28.552632789117965,79.90025737886869,Fatal,NH,,,
REAL-383,2022-04-04,31.66970962001833,77.06586802710562,Fatal,NH,,,
REAL-384,2022-04-04,25.092960195726874,73.46160638222635,Fatal,SH,,,
REAL-385,2022-04-03,10.981239408019407,78.54117114451905,Fatal,NH,,,
REAL-386,2022-04-03,28.62602923604718,77.12056827917954,Fatal,OR,,,
REAL-387,2022-04-04,22.569819011113804,72.95995977859526,Fatal,OR,,,
REAL-388,2022-04-05,23.299427266699663,70.40345904842641,Fatal,NH,,,
REAL-389,2022-04-05,30.15060831797989,78.59925397495051,Fatal,NH,,,
REAL-390,2022-04-06,28.67912541700529,77.09443602339877,Fatal,OR,,,
REAL-391,2022-04-05,26.459541143422,80.24767007985751,Fatal,OR,,,
REAL-392,2022-04-05,18.536993846113365,74.03235874368784,Fatal,OR,,,
REAL-393,2022-04-05,16.580804903849405,80.57941298500118,Fatal,SH,,,
REAL-394,2022-04-05,13.183598472157184,79.34282984386522,Fatal,OR,,,
REAL-395,2022-04-06,13.171279357726563,79.33834568621246,Fatal,OR,,,
REAL-396,2022-04-05,15.281800721919511,75.058526902019,Fatal,NH,,,
REAL-397,2022-04-06,8.723635248478216,77.23800774889979,Fatal,OR,,,
REAL-398,2022-04-05,22.720453428245552,75.86160460073096,Fatal,OR,,,
REAL-399,2022-04-07,16.423952188523433,80.52231859662253,Fatal,SH,,,
REAL-400,2022-04-06,30.71302555473968,76.7310651754111,Fatal,OR,,,
REAL-401,2022-04-07,17.50621987331073,78.50462883692596,Fatal,OR,,,
REAL-402,2022-04-06,22.239040864246256,70.80054155721797,Fatal,OR,,,
REAL-403,2022-04-07,22.76773947655036,76.30006755515738,Fatal,SH,,,
REAL-404,2022-04-09,18.669361372986447,73.70523150874553,Fatal,NH,,,
REAL-405,2022-04-07,18.57622652992348,73.96439239883848,Fatal,NH,,,
REAL-406,2022-04-06,23.169829884385884,77.32106913299467,Fatal,OR,,,
REAL-407,2022-04-07,12.88591495582588,79.23447304392062,Fatal,NH,,,
REAL-408,2022-04-08,23.276018511391488,77.41485091850154,Fatal,OR,,,
REAL-409,2022-04-07,22.70291816153943,76.12554753043058,Fatal,OR,,,
REAL-410,2022-04-08,26.46168600616486,80.26142451959889,Fatal,OR,,,
REAL-411,2022-04-09,19.598982977379222,81.66725013695202,Fatal,NH,,,
REAL-412,2022-04-09,21.56119083802376,70.69380270430669,Fatal,SH,,,
REAL-413,2022-04-09,12.872029863590946,75.46664324824665,Fatal,NH,,,
REAL-414,2022-04-09,26.201229579749192,79.81247657221951,Fatal,NH,,,
REAL-415,2022-04-08,18.637106819015163,73.84988079329204,Fatal,NH,,,
REAL-416,2022-04-09,18.720052899904065,73.85047660624807,Fatal,NH,,,
REAL-417,2022-04-10,10.123612582478428,76.64021742728171,Fatal,OR,,,
REAL-418,2022-04-10,28.682779530176727,77.48174137516231,Fatal,OR,,,
REAL-419,2022-04-10,12.949288313011635,75.43365389034403,Fatal,OR,,,
REAL-420,2022-04-10,18.52676118624109,73.85204922102443,Fatal,NH,,,
REAL-421,2022-04-12,26.94136818070364,81.17162240541494,Fatal,OR,,,
REAL-422,2022-04-11,22.902650161552707,75.97796428673341,Fatal,NH,,,
REAL-423,2022-04-11,18.65945991780443,81.3360434100808,Fatal,SH,,,
REAL-424,2022-04-11,10.994733560179242,76.96875643801445,Fatal,OR,,,
REAL-425,2022-04-12,23.19544452061331,74.44391666904448,Fatal,SH,,,
REAL-426,2022-04-12,18.83106812424265,81.39850879722432,Fatal,SH,,,
REAL-427,2022-04-11,12.676546999838552,79.15826310794122,Fatal,SH,,,
REAL-428,2022-04-12,26.030203017950896,70.91346201393944,Fatal,OR,,,
REAL-429,2022-04-12,10.905377377294188,76.9971740559451,Fatal,NH,,,
REAL-430,2022-04-13,17.408324254611227,78.65562326919091,Fatal,OR,,,
REAL-431,2022-04-13,26.916443718042647,75.86306769223953,Fatal,OR,,,
REAL-432,2022-04-13,26.029810713639986,92.9301888460384,Fatal,OR,,,
REAL-433,2022-04-12,23.01785728193693,76.72633917479718,Fatal,SH,,,
REAL-434,2022-04-12,26.35991622041536,79.8593936761911,Fatal,NH,,,
REAL-435,2022-04-15,11.797728841314983,78.83837329823865,Fatal,OR,,,
REAL-436,2022-04-15,25.19828882143047,75.858251500867,Fatal,OR,,,
REAL-437,2022-04-15,26.227105879573745,73.6201015735607,Fatal,NH,,,
REAL-438,2022-04-13,19.054881955818303,72.84647030885186,Fatal,OR,,,
REAL-439,2022-04-15,23.06743463472224,75.82225197023755,Fatal,SH,,,
REAL-440,2022-04-14,30.71986900643926,76.82354771827367,Fatal,OR,,,
REAL-441,2022-04-14,30.73480019932561,76.75148064797337,Fatal,NH,,,
REAL-442,2022-04-16,32.53057554629484,76.38425810709141,Fatal,OR,,,
REAL-443,2022-04-17,26.740171597463235,93.13518556287204,Fatal,NH,,,
REAL-444,2022-04-16,19.2544764448886,77.2750422220933,Fatal,OR,,,
REAL-445,2022-04-15,22.28880880427284,73.155765072573,Fatal,OR,,,
REAL-446,2022-04-15,23.41738772247104,76.27213749049376,Fatal,SH,,,
REAL-447,2022-04-17,15.49417109049796,74.34698894435736,Fatal,OR,,,
REAL-448,2022-04-17,18.501875704897813,73.93945146677993,Fatal,OR,,,
REAL-449,2022-04-15,19.99584045699654,73.71046632576827,Fatal,OR,,,
REAL-450,2022-04-16,32.46665742303505,76.44948547422419,Fatal,NH,,,
REAL-451,2022-04-17,26.9144246821791,93.4384607461288,Fatal,OR,,,
REAL-452,2022-04-17,30.70088486737961,77.82058594642874,Fatal,OR,,,
REAL-453,2022-04-16,18.53890188950243,73.68393535995644,Fatal,OR,,,
REAL-454,2022-04-19,27.894518754260805,75.5195796533422,Fatal,SH,,,
REAL-455,2022-04-17,26.172500703315,80.12020879743844,Fatal,OR,,,
REAL-456,2022-04-18,30.159175616700445,75.89198824181408,Fatal,SH,,,
REAL-457,2022-04-18,13.1090918133165,77.78941921897804,Fatal,OR,,,
REAL-458,2022-04-18,21.241376697864432,72.85236566026549,Fatal,OR,,,
REAL-459,2022-04-18,23.44757243471522,77.36436802486355,Fatal,OR,,,
REAL-460,2022-04-19,12.889272287739498,77.62569230321775,Fatal,NH,,,
REAL-461,2022-04-18,27.79935660549364,76.73894056278301,Fatal,SH,,,
REAL-462,2022-04-18,25.77027691872968,71.42749308706475,Fatal,NH,,,
REAL-463,2022-04-21,33.36989542597566,74.87960210454254,Fatal,OR,,,
REAL-464,2022-04-21,25.79831184514784,71.16921130348882,Fatal,OR,,,
REAL-465,2022-04-20,12.29501625188559,76.28993924551796,Fatal,SH,,,
REAL-466,2022-04-21,23.027061511160188,72.544926989018,Fatal,OR,,,
REAL-467,2022-04-20,25.274202246112697,73.57923514893909,Fatal,SH,,,
REAL-468,2022-04-21,25.83487828621875,85.33500360056412,Fatal,OR,,,
REAL-469,2022-04-21,25.8388962736232,85.76681502036023,Fatal,SH,,,
REAL-470,2022-04-22,22.962557046705843,75.52744832280665,Fatal,OR,,,
REAL-471,2022-04-22,21.82694311702633,82.0084168860238,Fatal,OR,,,
REAL-472,2022-04-23,18.63941091769798,76.76402564055542,Fatal,OR,,,
REAL-473,2022-04-21,19.95173447938508,73.56741328905738,Fatal,NH,,,
REAL-474,2022-04-22,25.046374876476605,86.93369751859285,Fatal,OR,,,
REAL-475,2022-04-22,24.889629573670987,86.61099563394598,Fatal,OR,,,
REAL-476,2022-04-22,22.73837868031073,75.41630565076322,Fatal,NH,,,
REAL-477,2022-04-22,20.04593894486277,73.80579635852874,Fatal,SH,,,
REAL-478,2022-04-23,19.96236449964473,73.77830912895728,Fatal,OR,,,
REAL-479,2022-04-24,18.57898901619572,79.36551061472527,Fatal,SH,,,
REAL-480,2022-04-25,23.85444928204001,78.79416489774007,Fatal,SH,,,
REAL-481,2022-04-25,13.750992856158822,79.54936139964181,Fatal,NH,,,
REAL-482,2022-04-25,19.953154908495364,73.8929701909034,Fatal,OR,,,
REAL-483,2022-04-25,19.96305555397572,73.7787320913185,Fatal,OR,,,
REAL-484,2022-04-24,20.042239217323,73.92583785052105,Fatal,OR,,,
REAL-485,2022-04-25,15.43987949225076,75.31420272936964,Fatal,OR,,,
REAL-486,2022-04-25,23.28543455286936,79.99283903508297,Fatal,OR,,,
REAL-487,2022-04-25,30.700775777548813,75.87145147031943,Fatal,SH,,,
REAL-488,2022-04-27,29.96850796266665,77.41054641219449,Fatal,OR,,,
REAL-489,2022-04-28,18.47447111558917,73.85625672943155,Fatal,NH,,,
REAL-490,2022-04-27,28.81983719440365,77.95134545025617,Fatal,OR,,,
REAL-491,2022-04-27,19.979574740467225,73.80746902150943,Fatal,OR,,,
REAL-492,2022-04-25,20.01247947962857,73.70822613430512,Fatal,OR,,,
REAL-493,2022-04-28,18.167944800968232,78.98399312247022,Fatal,SH,,,
REAL-494,2022-04-29,30.16966929895964,76.7142578185512,Fatal,SH,,,
REAL-495,2022-04-28,22.591463037301,74.00111840706462,Fatal,OR,,,
REAL-496,2022-04-28,27.87732506064252,78.59079201357487,Fatal,OR,,,
REAL-497,2022-04-29,14.60561885834924,75.646646142623,Fatal,SH,,,
REAL-498,2022-04-27,18.50282814618757,73.79273536008648,Fatal,OR,,,
REAL-499,2022-05-01,28.212999609199144,77.78246750806592,Fatal,OR,,,
REAL-500,2022-04-29,28.24073031526176,76.81172053351116,Fatal,NH,,,
REAL-501,2022-04-30,15.73886532453066,78.00883490269743,Fatal,NH,,,
REAL-502,2022-04-28,23.052824845247688,72.52592699336206,Fatal,OR,,,
REAL-503,2022-05-01,25.57213250556316,75.49769646588867,Fatal,NH,,,
REAL-504,2022-05-01,28.630679383164843,77.27750440437758,Fatal,OR,,,
REAL-505,2022-05-01,30.1595183159966,76.86745988134582,Fatal,OR,,,
REAL-506,2022-05-02,20.972379664461112,72.94042110106639,Fatal,SH,,,
REAL-507,2022-05-01,17.6896933088262,80.98304836441274,Fatal,SH,,,
REAL-508,2022-04-30,28.48095602504437,77.5152199389311,Fatal,OR,,,
REAL-509,2022-04-30,28.42761857627242,77.5108676583755,Fatal,NH,,,
REAL-510,2022-05-01,15.25354820713187,74.44973491555469,Fatal,NH,,,
REAL-511,2022-05-01,23.70037319819732,92.4844937608874,Fatal,OR,,,
REAL-512,2022-05-01,22.63282196747591,88.47722056198232,Fatal,SH,,,
REAL-513,2022-05-02,25.74342634347203,70.64229202677052,Fatal,OR,,,
REAL-514,2022-05-02,23.77709192717789,75.10357459411742,Fatal,NH,,,
REAL-515,2022-05-03,27.68687341006997,78.99534007682946,Fatal,OR,,,
REAL-516,2022-05-01,19.619365923859743,74.66934423756827,Fatal,OR,,,
REAL-517,2022-05-01,20.02888590922913,73.78356602795414,Fatal,OR,,,
REAL-518,2022-05-02,19.986226675027623,73.72427000478474,Fatal,NH,,,
REAL-519,2022-05-03,28.35668739430214,77.52223848818913,Fatal,OR,,,
REAL-520,2022-05-04,23.18987165663209,77.41725455377265,Fatal,OR,,,
REAL-521,2022-05-02,18.59495056442222,73.75604351884867,Fatal,NH,,,
REAL-522,2022-05-03,28.4868611335339,77.49429776106942,Fatal,OR,,,
REAL-523,2022-05-04,23.11807752039203,75.46407547714456,Fatal,SH,,,
REAL-524,2022-05-06,20.135418839658183,74.65510756400444,Fatal,OR,,,
REAL-525,2022-05-06,28.90540428985604,79.1062956902194,Fatal,OR,,,
REAL-526,2022-05-05,12.862020226009756,77.77205292578337,Fatal,OR,,,
REAL-527,2022-05-04,23.326057720477177,77.78323501672479,Fatal,NH,,,
REAL-528,2022-05-06,21.41739426604872,74.12288272195988,Fatal,SH,,,
REAL-529,2022-05-07,27.848858173365432,77.64898347498242,Fatal,OR,,,
REAL-530,2022-05-06,24.546249333417336,76.17053028498194,Fatal,NH,,,
REAL-531,2022-05-05,23.509171942775687,77.78835661293982,Fatal,NH,,,
REAL-532,2022-05-06,23.44951204329349,77.3603739357083,Fatal,OR,,,
REAL-533,2022-05-07,26.843753078055684,80.05730563196957,Fatal,SH,,,
REAL-534,2022-05-05,20.00965282755729,73.71378296498804,Fatal,OR,,,
REAL-535,2022-05-06,19.9627494591814,73.73507929240238,Fatal,OR,,,
REAL-536,2022-05-08,8.449716258087044,77.35497115779683,Fatal,OR,,,
REAL-537,2022-05-08,22.767861943269647,73.61872223349603,Fatal,OR,,,
REAL-538,2022-05-08,9.27376582632313,77.91965076078162,Fatal,OR,,,
REAL-539,2022-05-05,10.10300239442941,76.64901797757864,Fatal,NH,,,
REAL-540,2022-05-08,18.23012896743648,77.9416637111745,Fatal,OR,,,
REAL-541,2022-05-08,10.550878056041286,78.30319449051245,Fatal,NH,,,
REAL-542,2022-05-10,25.073389007726288,76.50665915927111,Fatal,NH,,,
REAL-543,2022-05-10,17.69115982171781,77.60837662178527,Fatal,NH,,,
REAL-544,2022-05-09,30.89018554406826,76.26028024071125,Fatal,OR,,,
REAL-545,2022-05-10,22.732695893685733,75.84650844923,Fatal,OR,,,
REAL-546,2022-05-09,28.526036569312605,78.37006266407325,Fatal,OR,,,
REAL-547,2022-05-10,22.7223401593432,75.88048907591714,Fatal,OR,,,
REAL-548,2022-05-11,20.203697639564613,74.44080082484251,Fatal,SH,,,
REAL-549,2022-05-11,24.543746111111343,72.84649963022653,Fatal,NH,,,
REAL-550,2022-05-10,18.55155531894663,73.82130109671685,Fatal,SH,,,
REAL-551,2022-05-11,19.68438224727177,73.51307575663338,Fatal,NH,,,
REAL-552,2022-05-13,31.409100888859907,77.82994025068348,Fatal,OR,,,
REAL-553,2022-05-11,12.946089999182604,77.64904856289866,Fatal,OR,,,
REAL-554,2022-05-11,24.44651654208099,72.74707664039552,Fatal,NH,,,
REAL-555,2022-05-11,26.15094649667107,80.86852361436021,Fatal,OR,,,
REAL-556,2022-05-13,17.743685955669505,81.00270168786369,Fatal,SH,,,
REAL-557,2022-05-13,17.68578095861871,80.98162426893721,Fatal,OR,,,
REAL-558,2022-05-14,10.19544529148008,76.609544860538,Fatal,NH,,,
REAL-559,2022-05-15,26.88272477932876,75.90358755515705,Fatal,NH,,,
REAL-560,2022-05-15,26.46894502713314,74.71138723875984,Fatal,NH,,,
REAL-561,2022-05-15,27.19218308433097,76.61110009421967,Fatal,SH,,,
REAL-562,2022-05-14,27.07366738590148,80.51646348612965,Fatal,OR,,,
REAL-563,2022-05-14,27.93132132286943,81.13886070926094,Fatal,NH,,,
REAL-564,2022-05-12,20.10192523502073,73.93152734494723,Fatal,NH,,,
REAL-565,2022-05-14,20.053177692119505,73.80500197185006,Fatal,SH,,,
REAL-566,2022-05-14,20.000333469792885,73.78958773099342,Fatal,OR,,,
REAL-567,2022-05-14,20.005980445162187,73.76297469835275,Fatal,OR,,,
REAL-568,2022-05-16,31.577913906049712,77.35941405794472,Fatal,NH,,,
REAL-569,2022-05-14,22.671794394071348,75.918089949171,Fatal,NH,,,
REAL-570,2022-05-15,12.88524566992615,77.57634127016719,Fatal,OR,,,
REAL-571,2022-05-15,25.47766297263684,94.13632029737812,Fatal,NH,,,
REAL-572,2022-05-17,28.057112633830748,76.53551845040089,Fatal,NH,,,
REAL-573,2022-05-17,22.0671794566842,76.49031909208674,Fatal,SH,,,
REAL-574,2022-05-16,26.16296342733361,86.88909277791048,Fatal,OR,,,
REAL-575,2022-05-16,17.269234345810965,80.83000130187519,Fatal,OR,,,
REAL-576,2022-05-17,30.671221259827167,76.88999539410526,Fatal,NH,,,
REAL-577,2022-05-17,20.72823115621517,74.70037694353343,Fatal,NH,,,
REAL-578,2022-05-17,28.55335666053787,77.36494784033461,Fatal,OR,,,
REAL-579,2022-05-19,28.75432712431857,76.7952203240415,Fatal,NH,,,
REAL-580,2022-05-17,27.881762542999425,77.66609822093308,Fatal,SH,,,
REAL-581,2022-05-17,19.096141570969568,72.89509648023314,Fatal,OR,,,
REAL-582,2022-05-18,22.684423019574734,75.86403139203829,Fatal,OR,,,
REAL-583,2022-05-18,22.68762302544426,76.02893113430558,Fatal,NH,,,
REAL-584,2022-05-20,27.52172053183818,82.41235769557638,Fatal,NH,,,
REAL-585,2022-05-20,25.550649693378844,82.08572387562211,Fatal,NH,,,
REAL-586,2022-05-19,10.052362937218437,77.10900568693022,Fatal,NH,,,
REAL-587,2022-05-18,27.204043277713968,77.51521609091031,Fatal,NH,,,
REAL-588,2022-05-19,28.39348444862294,74.53522041330635,Fatal,SH,,,
REAL-589,2022-05-19,21.133458389144444,81.56444633764796,Fatal,OR,,,
REAL-590,2022-05-18,26.787152514773027,75.7190998159622,Fatal,OR,,,
REAL-591,2022-05-16,28.73009672249688,77.0946501729977,Fatal,OR,,,
REAL-592,2022-05-21,15.403185532896078,74.94871527223813,Fatal,SH,,,
REAL-593,2022-05-20,17.69064089159312,80.98339328453989,Fatal,SH,,,
REAL-594,2022-05-20,12.720451344575162,79.17424428942536,Fatal,SH,,,
REAL-595,2022-05-20,12.92543689033756,77.5500190244414,Fatal,OR,,,
REAL-596,2022-05-21,23.40338740944115,72.91766547164153,Fatal,SH,,,
REAL-597,2022-05-20,22.11624018077627,81.83013784997301,Fatal,NH,,,
REAL-598,2022-05-20,21.18904212939866,81.34545038662783,Fatal,OR,,,
REAL-599,2022-05-22,27.8986323679581,76.78800883305775,Fatal,SH,,,
REAL-600,2022-05-22,18.137699542148816,81.14612263334216,Fatal,NH,,,
REAL-601,2022-05-22,18.60336510138477,81.31562489690405,Fatal,SH,,,
REAL-602,2022-05-22,25.643551452860763,83.27729612961552,Fatal,NH,,,
REAL-603,2022-05-22,17.509481708599825,80.26925174221408,Fatal,OR,,,
REAL-604,2022-05-22,13.273478560975471,79.027086825356,Fatal,OR,,,
REAL-605,2022-05-22,13.86819759021567,78.77461262053599,Fatal,NH,,,
REAL-606,2022-05-21,18.524568989580217,73.87871353371771,Fatal,OR,,,
REAL-607,2022-05-23,26.664755910360004,84.71219867953789,Fatal,OR,,,
REAL-608,2022-05-22,18.006945956912094,79.5901092116075,Fatal,SH,,,
REAL-609,2022-05-24,28.584515854011727,77.79003248290203,Fatal,SH,,,
REAL-610,2022-05-24,15.362913139180938,75.04617176877429,Fatal,NH,,,
REAL-611,2022-05-23,23.096472405499167,85.97996457161798,Fatal,OR,,,
REAL-612,2022-05-24,28.716174074863723,77.15867912877115,Fatal,OR,,,
REAL-613,2022-05-22,23.0267247850169,72.5728796766614,Fatal,OR,,,
REAL-614,2022-05-25,26.9247811469672,81.21674603315309,Fatal,SH,,,
REAL-615,2022-05-24,29.380654201283967,76.34064669325195,Fatal,SH,,,
REAL-616,2022-05-24,10.782139133310102,78.46869864452488,Fatal,NH,,,
REAL-617,2022-05-25,34.048386081745086,74.38044562399234,Fatal,OR,,,
REAL-618,2022-05-25,13.620821614553693,78.24049514806525,Fatal,SH,,,
REAL-619,2022-05-25,30.374375138949954,78.39255813167205,Fatal,NH,,,
REAL-620,2022-05-25,16.789162736432047,80.27281226724797,Fatal,NH,,,
REAL-621,2022-05-25,19.87764854486526,75.59152408859178,Fatal,OR,,,
REAL-622,2022-05-26,16.065948412909762,80.39200522229915,Fatal,NH,,,
REAL-623,2022-05-26,12.8760252943092,75.46493719932997,Fatal,OR,,,
REAL-624,2022-05-25,34.260992074940674,75.44272159468981,Fatal,OR,,,
REAL-625,2022-05-26,22.20782226270041,69.65416821977574,Fatal,OR,,,
REAL-626,2022-05-26,22.12385006207408,75.89816995636659,Fatal,OR,,,
REAL-627,2022-05-26,16.491462412431225,80.54689231812496,Fatal,NH,,,
REAL-628,2022-05-27,27.537376678664568,76.35858949059887,Fatal,OR,,,
REAL-629,2022-05-26,30.80689279355813,78.20420198159802,Fatal,NH,,,
REAL-630,2022-05-29,28.016454798886496,81.31789301824823,Fatal,NH,,,
REAL-631,2022-05-28,22.5890902368082,75.80747013188054,Fatal,OR,,,
REAL-632,2022-05-28,26.51265659250291,80.32094887430725,Fatal,OR,,,
REAL-633,2022-05-29,27.10712572431873,79.84481244584792,Fatal,OR,,,
REAL-634,2022-05-29,27.25894051998348,88.45985559791545,Fatal,SH,,,
REAL-635,2022-05-29,24.711856481447,73.22791031897731,Fatal,NH,,,
REAL-636,2022-05-28,23.12955157529088,73.60547304334649,Fatal,SH,,,
REAL-637,2022-05-28,23.088775010841232,72.52882841657133,Fatal,NH,,,
REAL-638,2022-05-28,22.566176366809227,75.64855895145381,Fatal,NH,,,
REAL-639,2022-05-29,22.75498607765412,75.87853274338192,Fatal,SH,,,
REAL-640,2022-05-30,18.649575510343123,73.0449974782437,Fatal,OR,,,
REAL-641,2022-05-29,16.553717107957826,79.5669647203101,Fatal,SH,,,
REAL-642,2022-06-01,21.76514006925777,72.15269214296974,Fatal,OR,,,
REAL-643,2022-05-31,33.18545253731576,75.81882794553698,Fatal,OR,,,
REAL-644,2022-05-31,21.80984062733621,76.37687237616558,Fatal,SH,,,
REAL-645,2022-05-30,23.347097950679085,77.25918848605697,Fatal,NH,,,
REAL-646,2022-05-31,26.91569951713656,70.89697169768434,Fatal,SH,,,
REAL-647,2022-06-02,27.959452458226192,79.74446841036747,Fatal,OR,,,
REAL-648,2022-06-02,20.32965689286712,73.89217606845048,Fatal,NH,,,
REAL-649,2022-06-02,22.01081464760876,77.98420074749231,Fatal,SH,,,
REAL-650,2022-06-02,17.252287102196647,78.45286538050513,Fatal,OR,,,
REAL-651,2022-06-04,28.381317931424377,77.09948647408966,Fatal,OR,,,
REAL-652,2022-06-03,15.814044464114778,74.56729689574281,Fatal,NH,,,
REAL-653,2022-06-02,18.36360217088783,73.86012694800759,Fatal,OR,,,
REAL-654,2022-06-03,18.84890874470196,73.80568030739035,Fatal,OR,,,
REAL-655,2022-06-04,23.32282627491751,75.0468541197892,Fatal,OR,,,
REAL-656,2022-06-04,24.489426562017265,74.85483398272432,Fatal,SH,,,
REAL-657,2022-06-04,17.12572168069846,74.19127777864087,Fatal,NH,,,
REAL-658,2022-06-03,9.675948577660348,78.09748683294364,Fatal,OR,,,
REAL-659,2022-06-03,10.003957226637306,77.6341600810625,Fatal,NH,,,
REAL-660,2022-06-03,23.449334301618304,77.3607202210014,Fatal,OR,,,
REAL-661,2022-06-03,23.27046988834774,77.46788863666241,Fatal,OR,,,
REAL-662,2022-06-03,16.42736453357851,74.1379363663469,Fatal,SH,,,
REAL-663,2022-06-06,24.843835217520407,80.54652078893034,Fatal,OR,,,
REAL-664,2022-06-06,23.89608174250091,79.37799143927613,Fatal,OR,,,
REAL-665,2022-06-06,24.73970254600168,78.83286181028619,Fatal,NH,,,
REAL-666,2022-06-05,30.60700990783332,77.92334486813934,Fatal,NH,,,
REAL-667,2022-06-05,26.896897317556963,75.82424423351988,Fatal,OR,,,
REAL-668,2022-06-05,28.6047886293844,77.27089969675745,Fatal,NH,,,
REAL-669,2022-06-06,25.197726924004595,71.71201875826284,Fatal,SH,,,
REAL-670,2022-06-06,29.40754265662659,79.94652157587642,Fatal,OR,,,
REAL-671,2022-06-06,28.726342104897373,77.0033666696386,Fatal,OR,,,
REAL-672,2022-06-06,30.452562843086973,78.03844532104883,Fatal,OR,,,
REAL-673,2022-06-06,10.86882577607217,77.02051059067522,Fatal,OR,,,
REAL-674,2022-06-07,29.83312276296098,77.88378718498475,Fatal,OR,,,
REAL-675,2022-06-08,23.021397236302818,77.57139574905625,Fatal,NH,,,
REAL-676,2022-06-07,29.544815632725147,80.18018430174787,Fatal,NH,,,
REAL-677,2022-06-08,29.47283678032048,77.70853161890987,Fatal,SH,,,
REAL-678,2022-06-08,28.998630838222216,79.399947294297,Fatal,OR,,,
REAL-679,2022-06-07,22.43349235246265,82.06702247933407,Fatal,OR,,,
REAL-680,2022-06-07,22.01035749836458,82.58599721304581,Fatal,NH,,,
REAL-681,2022-06-09,30.4586272875753,78.70163543032653,Fatal,OR,,,
REAL-682,2022-06-08,16.59875151445646,80.58594555126214,Fatal,NH,,,
REAL-683,2022-06-09,22.544311210043418,88.39890503031775,Fatal,SH,,,
REAL-684,2022-06-08,17.42351210964127,76.30204082041193,Fatal,NH,,,
REAL-685,2022-06-09,22.487576871396016,88.39408350639546,Fatal,SH,,,
REAL-686,2022-06-10,17.387342591299387,78.34000592608474,Fatal,OR,,,
REAL-687,2022-06-09,22.7141298425738,75.88354620665447,Fatal,OR,,,
REAL-688,2022-06-09,22.55360876863101,75.76871631788185,Fatal,SH,,,
REAL-689,2022-06-10,26.824227561796626,79.58801099182983,Fatal,NH,,,
REAL-690,2022-06-10,26.760918716034745,79.60709809681573,Fatal,OR,,,
REAL-691,2022-06-10,20.488917635786787,80.37200741396082,Fatal,SH,,,
REAL-692,2022-06-11,23.010797916478825,76.48802412418075,Fatal,OR,,,
REAL-693,2022-06-12,12.889403720908282,79.23574295441061,Fatal,NH,,,
REAL-694,2022-06-11,13.058460611238306,76.7494479289059,Fatal,NH,,,
REAL-695,2022-06-12,28.758982298235107,77.14780488503342,Fatal,NH,,,
REAL-696,2022-06-11,20.45415421973366,81.2836608711166,Fatal,OR,,,
REAL-697,2022-06-12,29.739018265867426,80.04729161837417,Fatal,NH,,,
REAL-698,2022-06-13,17.71033223624886,80.99056093399459,Fatal,OR,,,
REAL-699,2022-06-12,11.460151503251812,78.18452570801001,Fatal,SH,,,
REAL-700,2022-06-13,25.407253287536825,86.91995408209277,Fatal,NH,,,
REAL-701,2022-06-14,28.02313954626916,79.12937913492142,Fatal,OR,,,
REAL-702,2022-06-12,12.904043861103126,79.24107196544153,Fatal,NH,,,
REAL-703,2022-06-12,18.156652491502765,78.89867795354597,Fatal,OR,,,
REAL-704,2022-06-13,31.16958473782653,75.20000672346983,Fatal,OR,,,
REAL-705,2022-06-13,17.74308695588915,81.00248365194365,Fatal,NH,,,
REAL-706,2022-06-15,8.712696172048279,77.5610187479597,Fatal,SH,,,
REAL-707,2022-06-14,26.985445380102394,75.77955684552268,Fatal,OR,,,
REAL-708,2022-06-14,28.358411157896693,78.9402235597724,Fatal,OR,,,
REAL-709,2022-06-15,21.95789968935356,78.86742427655147,Fatal,OR,,,
REAL-710,2022-06-15,21.978495374182536,75.30041082308722,Fatal,OR,,,
REAL-711,2022-06-15,22.12321794916913,78.08725001776396,Fatal,SH,,,
REAL-712,2022-06-15,22.68147172363308,75.61653095236426,Fatal,NH,,,
REAL-713,2022-06-17,32.60981528477968,75.60329412107643,Fatal,OR,,,
REAL-714,2022-06-16,8.755006853393292,77.22461207360105,Fatal,SH,,,
REAL-715,2022-06-15,22.59376084907397,88.36450140941672,Fatal,OR,,,
REAL-716,2022-06-16,28.591308378136794,77.25251504704204,Fatal,OR,,,
REAL-717,2022-06-16,22.57096862646255,88.41184015407762,Fatal,OR,,,
REAL-718,2022-06-18,27.919215943809085,79.82156315624165,Fatal,NH,,,
REAL-719,2022-06-17,22.540617881487176,88.33483201192526,Fatal,NH,,,
REAL-720,2022-06-17,22.56136102015589,88.35869138597114,Fatal,OR,,,
REAL-721,2022-06-18,30.722798266506864,76.74669907929116,Fatal,OR,,,
REAL-722,2022-06-17,23.630954469953743,75.10644107944135,Fatal,OR,,,
REAL-723,2022-06-19,8.383775135535078,77.38312801712651,Fatal,NH,,,
REAL-724,2022-06-20,31.45917259295232,75.44308835486723,Fatal,NH,,,
REAL-725,2022-06-18,23.65229598645202,77.38162562568597,Fatal,OR,,,
REAL-726,2022-06-18,23.24328372425857,77.43738707623673,Fatal,OR,,,
REAL-727,2022-06-19,13.144252476160666,79.32850790132248,Fatal,NH,,,
REAL-728,2022-06-19,31.520272112966133,76.24243591574853,Fatal,OR,,,
REAL-729,2022-06-17,31.516174765446653,76.21153257214968,Fatal,NH,,,
REAL-730,2022-06-18,31.088160066720075,77.40668866158566,Fatal,OR,,,
REAL-731,2022-06-20,22.68770221465245,76.0234808853594,Fatal,NH,,,
REAL-732,2022-06-19,13.100764084068198,75.36897373610287,Fatal,NH,,,
REAL-733,2022-06-19,17.21017526105063,78.13340311121085,Fatal,OR,,,
REAL-734,2022-06-22,24.58797659722208,75.70261053450251,Fatal,SH,,,
REAL-735,2022-06-20,12.847483722753951,77.67080028948838,Fatal,NH,,,
REAL-736,2022-06-20,22.25473509082233,70.78872755482206,Fatal,OR,,,
REAL-737,2022-06-20,12.498795037602902,79.09356139368745,Fatal,OR,,,
REAL-738,2022-06-23,22.82371598065521,87.00897651665815,Fatal,SH,,,
REAL-739,2022-06-23,28.62107754494429,79.80985291947017,Fatal,OR,,,
REAL-740,2022-06-22,19.971217301958408,73.75406583397073,Fatal,OR,,,
REAL-741,2022-06-21,30.70036017851341,76.80339365756433,Fatal,OR,,,
REAL-742,2022-06-21,30.75145121105724,76.78203788018612,Fatal,OR,,,
REAL-743,2022-06-22,21.249841727400177,81.39278428412615,Fatal,OR,,,
REAL-744,2022-06-23,26.995900874614293,75.78719090728592,Fatal,OR,,,
REAL-745,2022-06-23,26.88019770038552,75.737086220834,Fatal,OR,,,
REAL-746,2022-06-23,10.88123592387691,76.31671226050456,Fatal,OR,,,
REAL-747,2022-06-23,17.461431854583598,78.73478348257953,Fatal,NH,,,
REAL-748,2022-06-23,22.12547661531989,76.06464599523055,Fatal,OR,,,
REAL-749,2022-06-21,19.98791733008655,73.78509283065542,Fatal,NH,,,
REAL-750,2022-06-22,19.99390201399,73.79693369619416,Fatal,NH,,,
REAL-751,2022-06-25,26.154467016159845,92.35321244165476,Fatal,NH,,,
REAL-752,2022-06-25,22.44078812784517,81.38729302075325,Fatal,SH,,,
REAL-753,2022-06-26,33.0057291641876,76.23978717952649,Fatal,SH,,,
REAL-754,2022-06-26,23.23242197370012,72.66930963454277,Fatal,OR,,,
REAL-755,2022-06-24,23.058240771465144,72.64260468877143,Fatal,OR,,,
REAL-756,2022-06-25,11.097663917966608,76.94439981490837,Fatal,OR,,,
REAL-757,2022-06-25,11.17034084300654,76.95224526691806,Fatal,NH,,,
REAL-758,2022-06-26,21.17325109826753,82.38837900705931,Fatal,OR,,,
REAL-759,2022-06-26,21.794187261819545,76.2363213038457,Fatal,SH,,,
REAL-760,2022-06-27,26.419793569420616,74.67315301086593,Fatal,NH,,,
REAL-761,2022-06-27,17.428329826418363,78.52878586422034,Fatal,OR,,,
REAL-762,2022-06-29,21.00372816744372,75.65463240054079,Fatal,NH,,,
REAL-763,2022-06-28,26.57641694935181,93.17244312223876,Fatal,NH,,,
REAL-764,2022-06-28,30.77644890265528,76.79167715188477,Fatal,OR,,,
REAL-765,2022-06-30,14.579402458271849,77.89147080225071,Fatal,OR,,,
REAL-766,2022-06-29,23.09801552032268,83.23081845910845,Fatal,NH,,,
REAL-767,2022-07-01,27.447432986812327,80.20576952578446,Fatal,OR,,,
REAL-768,2022-06-29,23.66402378322263,77.42374682363342,Fatal,OR,,,
REAL-769,2022-06-29,23.26507953283944,77.38068804042345,Fatal,SH,,,
REAL-770,2022-06-28,18.53951781912577,73.88711078052866,Fatal,OR,,,
REAL-771,2022-07-02,16.86488967953178,74.29674180561348,Fatal,NH,,,
REAL-772,2022-06-28,16.828713200092736,74.30574962148575,Fatal,SH,,,
REAL-773,2022-07-01,18.16850396246933,81.15733544233883,Fatal,SH,,,
REAL-774,2022-07-01,17.73597240290728,80.99989395465825,Fatal,OR,,,
REAL-775,2022-07-02,25.80663634381753,93.79110809700175,Fatal,NH,,,
REAL-776,2022-07-01,15.516875304272403,74.92508140009917,Fatal,NH,,,
REAL-777,2022-07-01,15.463930720847475,75.00043404088755,Fatal,SH,,,
REAL-778,2022-07-02,13.729711858215216,75.1004130365421,Fatal,OR,,,
REAL-779,2022-07-04,31.65259814136989,75.63849801551531,Fatal,NH,,,
REAL-780,2022-07-03,18.510937783558106,73.69488554452028,Fatal,SH,,,
REAL-781,2022-07-03,28.00824552804398,80.80548354667,Fatal,SH,,,
REAL-782,2022-07-05,26.97494026952045,76.28433925663929,Fatal,NH,,,
REAL-783,2022-07-05,31.719513402350213,76.93497966491516,Fatal,NH,,,
REAL-784,2022-07-04,21.40059301754825,75.78232329657803,Fatal,OR,,,
REAL-785,2022-07-04,17.19465968219884,78.39552715964037,Fatal,OR,,,
REAL-786,2022-07-04,17.724545237331842,80.99573446638878,Fatal,OR,,,
REAL-787,2022-07-04,9.081480613966916,77.08520777783612,Fatal,NH,,,
REAL-788,2022-07-04,9.954367080798487,76.71248525649904,Fatal,NH,,,
REAL-789,2022-07-04,30.14519194317553,78.60436682200809,Fatal,NH,,,
REAL-790,2022-07-04,30.93236887735729,78.39899532682544,Fatal,NH,,,
REAL-791,2022-07-06,21.873499451221,82.45015803172682,Fatal,SH,,,
REAL-792,2022-07-06,17.74376770331953,81.0027314440083,Fatal,SH,,,
REAL-793,2022-07-06,32.80400464462681,75.30233304495314,Fatal,OR,,,
REAL-794,2022-07-06,26.873570247602064,80.95935839306755,Fatal,OR,,,
REAL-795,2022-07-06,26.753145173501505,80.86715150810791,Fatal,OR,,,
REAL-796,2022-07-06,30.80812377794836,78.21010887386656,Fatal,NH,,,
REAL-797,2022-07-07,25.55098650048651,83.18161471232504,Fatal,OR,,,
REAL-798,2022-07-06,23.15077274507148,77.41145408155938,Fatal,OR,,,
REAL-799,2022-07-08,12.660699267728626,79.15249453345322,Fatal,OR,,,
REAL-800,2022-07-07,12.851365821731331,79.2218971591102,Fatal,OR,,,
REAL-801,2022-07-08,27.71521837855972,78.85957137585469,Fatal,OR,,,
REAL-802,2022-07-08,18.42519550331996,81.25077116320846,Fatal,OR,,,
REAL-803,2022-07-08,22.501220695617526,73.48311850001448,Fatal,NH,,,
REAL-804,2022-07-08,12.969759681379283,75.42491261605105,Fatal,NH,,,
REAL-805,2022-07-09,25.20904419373625,72.65401000879267,Fatal,OR,,,
REAL-806,2022-07-10,27.189910951383663,73.73178246564869,Fatal,SH,,,
REAL-807,2022-07-10,25.13991361973657,72.70419354021021,Fatal,OR,,,
REAL-808,2022-07-08,24.23927461371008,75.80586402789265,Fatal,OR,,,
REAL-809,2022-07-10,22.625983068705604,88.51289893730716,Fatal,SH,,,
REAL-810,2022-07-10,13.601237808634934,79.36717647544104,Fatal,OR,,,
REAL-811,2022-07-10,31.823734052480383,75.17505278764587,Fatal,NH,,,
REAL-812,2022-07-07,26.796373817934697,81.01197823523033,Fatal,NH,,,
REAL-813,2022-07-10,29.97728356993806,77.6632346561554,Fatal,NH,,,
REAL-814,2022-07-10,13.653963448735668,75.13275760738986,Fatal,OR,,,
REAL-815,2022-07-10,22.72911823192714,75.93317337333046,Fatal,NH,,,
REAL-816,2022-07-09,24.845464468826084,79.61269309616695,Fatal,OR,,,
REAL-817,2022-07-12,21.811169049664613,84.20562287672573,Fatal,NH,,,
REAL-818,2022-07-12,20.167745771831928,85.62392919097132,Fatal,OR,,,
REAL-819,2022-07-12,28.535099762662885,77.23697563964855,Fatal,OR,,,
REAL-820,2022-07-11,28.52940835767539,77.52975306207016,Fatal,OR,,,
REAL-821,2022-07-10,28.252820542985265,77.60293721555867,Fatal,OR,,,
REAL-822,2022-07-13,32.75245602481399,77.25571991130239,Fatal,NH,,,
REAL-823,2022-07-12,23.65521833297628,87.6887522434982,Fatal,OR,,,
REAL-824,2022-07-11,12.500351971025928,79.09412811745344,Fatal,NH,,,
REAL-825,2022-07-11,13.098492041784796,77.38569255067814,Fatal,NH,,,
REAL-826,2022-07-14,10.997876858150065,76.98582383011842,Fatal,OR,,,
REAL-827,2022-07-13,30.074442159413845,78.50161094097407,Fatal,NH,,,
REAL-828,2022-07-13,16.084111910361987,77.89860863476197,Fatal,NH,,,
REAL-829,2022-07-13,30.772481864010384,76.56449314808299,Fatal,OR,,,
REAL-830,2022-07-13,30.48476329448971,76.79816771294107,Fatal,NH,,,
REAL-831,2022-07-15,17.411259609565853,78.46070920569524,Fatal,OR,,,
REAL-832,2022-07-15,13.09152616715352,79.30931552484388,Fatal,OR,,,
REAL-833,2022-07-15,12.818966368687123,79.21010375820211,Fatal,SH,,,
REAL-834,2022-07-17,19.02125762018209,73.00818907330417,Fatal,OR,,,
REAL-835,2022-07-16,28.747608674500384,79.04347155070869,Fatal,OR,,,
REAL-836,2022-07-17,13.772641713352378,75.08208198839853,Fatal,NH,,,
REAL-837,2022-07-16,21.037069311134164,81.54797912885542,Fatal,SH,,,
REAL-838,2022-07-17,15.460091179207677,74.36154106647831,Fatal,SH,,,
REAL-839,2022-07-16,22.542103844573163,76.36552318518942,Fatal,SH,,,
REAL-840,2022-07-16,22.64647852782518,75.81923095698617,Fatal,NH,,,
REAL-841,2022-07-17,20.566339609707647,75.34861140653604,Fatal,OR,,,
REAL-842,2022-07-17,12.90643040933182,77.58193692990942,Fatal,OR,,,
REAL-843,2022-07-18,22.5122597969544,88.3034103410675,Fatal,OR,,,
REAL-844,2022-07-18,22.15191688606381,75.44344933833077,Fatal,NH,,,
REAL-845,2022-07-17,30.917978830521072,75.88331164964507,Fatal,OR,,,
REAL-846,2022-07-18,26.04078202180639,72.94893981731161,Fatal,OR,,,
REAL-847,2022-07-18,28.86590154001807,77.59911645209652,Fatal,NH,,,
REAL-848,2022-07-18,23.16939589072208,77.32072581025423,Fatal,OR,,,
REAL-849,2022-07-19,23.171686885470024,77.33628858269633,Fatal,OR,,,
REAL-850,2022-07-20,13.933637241943956,75.01333689768992,Fatal,NH,,,
REAL-851,2022-07-20,30.53476289307007,76.81639741792141,Fatal,NH,,,
REAL-852,2022-07-20,28.446242423612645,77.10038284401469,Fatal,OR,,,
REAL-853,2022-07-22,30.16337991927405,76.86375481675898,Fatal,NH,,,
REAL-854,2022-07-21,13.11764235472505,77.6084193444187,Fatal,NH,,,
REAL-855,2022-07-23,27.54122992347504,78.04514179668632,Fatal,NH,,,
REAL-856,2022-07-22,27.8674332750505,77.20858812005018,Fatal,SH,,,
REAL-857,2022-07-22,13.016208327972446,77.63675817714716,Fatal,OR,,,
REAL-858,2022-07-23,15.386566923949273,76.03987461744937,Fatal,OR,,,
REAL-859,2022-07-24,13.3958876290453,79.09851659006976,Fatal,NH,,,
REAL-860,2022-07-22,32.55962497902188,75.12050899406216,Fatal,NH,,,
REAL-861,2022-07-24,32.99261617636575,76.21056273695888,Fatal,SH,,,
REAL-862,2022-07-24,12.620941197699866,79.13802259596275,Fatal,OR,,,
REAL-863,2022-07-23,25.371896452462543,86.10590302703326,Fatal,OR,,,
REAL-864,2022-07-23,25.54979123241156,85.8645034581247,Fatal,OR,,,
REAL-865,2022-07-23,22.475812300533164,80.36759789701637,Fatal,NH,,,
REAL-866,2022-07-25,26.927293576261384,81.2001030162083,Fatal,SH,,,
REAL-867,2022-07-22,18.5789767064195,73.71740025919915,Fatal,OR,,,
REAL-868,2022-07-25,28.771698294788195,77.1438149431766,Fatal,NH,,,
REAL-869,2022-07-24,23.26708093704509,77.51617118103837,Fatal,NH,,,
REAL-870,2022-07-24,23.68012387221936,77.46032132791763,Fatal,SH,,,
REAL-871,2022-07-20,9.860746543042406,76.75246122612089,Fatal,SH,,,
REAL-872,2022-07-24,23.25607318541481,77.58298153658785,Fatal,NH,,,
REAL-873,2022-07-24,23.681334215884217,77.46066505698248,Fatal,SH,,,
REAL-874,2022-07-27,15.76198197629128,78.0205006532582,Fatal,NH,,,
REAL-875,2022-07-26,12.916371907451651,77.61697348578028,Fatal,OR,,,
REAL-876,2022-07-26,28.68880790698141,77.55244731315047,Fatal,NH,,,
REAL-877,2022-07-26,28.649244391742904,77.46967064490445,Fatal,NH,,,
REAL-878,2022-07-26,30.389988368796864,78.89482852209672,Fatal,OR,,,
REAL-879,2022-07-26,25.577565237623467,87.579481648749,Fatal,NH,,,
REAL-880,2022-07-27,31.11314530900269,77.10432524742168,Fatal,NH,,,
REAL-881,2022-07-27,12.407262812658416,79.06024366380765,Fatal,NH,,,
REAL-882,2022-07-29,25.1871453775912,80.47401054681619,Fatal,SH,,,
REAL-883,2022-07-29,27.933038901856406,73.29090523704126,Fatal,OR,,,
REAL-884,2022-07-28,28.004360488461323,74.94392415519748,Fatal,NH,,,
REAL-885,2022-07-30,27.01673689850753,81.33913243597577,Fatal,OR,,,
REAL-886,2022-07-30,10.353407760645622,77.2196448074345,Fatal,SH,,,
REAL-887,2022-07-30,30.67837434350798,76.86002240403681,Fatal,NH,,,
REAL-888,2022-07-30,22.622898612019217,88.32155145335402,Fatal,OR,,,
REAL-889,2022-07-31,30.939362031695072,77.84815764793379,Fatal,NH,,,
REAL-890,2022-07-31,30.94519791712276,77.8515850791922,Fatal,NH,,,
REAL-891,2022-07-30,12.888856784533612,79.23554386957024,Fatal,SH,,,
REAL-892,2022-08-01,29.26072299077224,80.07439203496646,Fatal,NH,,,
REAL-893,2022-08-01,17.255340256368513,78.38134141799141,Fatal,NH,,,
REAL-894,2022-08-01,23.254865875546862,77.57396822342128,Fatal,NH,,,
REAL-895,2022-08-02,15.252273017920528,74.45027942134793,Fatal,NH,,,
REAL-896,2022-08-02,28.601264171951183,77.44802114044302,Fatal,OR,,,
REAL-897,2022-08-03,25.84611417232703,85.5986218975968,Fatal,SH,,,
REAL-898,2022-08-03,30.90460232938301,75.85365454882526,Fatal,OR,,,
REAL-899,2022-08-03,30.851348195494523,75.94820155476005,Fatal,SH,,,
REAL-900,2022-08-02,22.480575141185227,75.94390693213485,Fatal,SH,,,
REAL-901,2022-08-03,19.11412300743629,73.01796579551088,Fatal,OR,,,
REAL-902,2022-08-03,20.033798280047844,73.68825716693007,Fatal,OR,,,
REAL-903,2022-08-04,32.83851227320035,75.39320954302856,Fatal,OR,,,
REAL-904,2022-08-04,29.142339160066125,78.2697179981714,Fatal,SH,,,
REAL-905,2022-08-04,29.322011984558028,78.65378108142265,Fatal,NH,,,
REAL-906,2022-08-05,12.53456018087644,78.39113093997939,Fatal,SH,,,
REAL-907,2022-08-04,10.938561165704384,77.44021576561727,Fatal,NH,,,
REAL-908,2022-08-05,22.5920678013354,88.47414316235025,Fatal,OR,,,
REAL-909,2022-08-05,22.7197986793958,75.844653127901,Fatal,OR,,,
REAL-910,2022-08-07,22.52951965698945,88.3657621945832,Fatal,SH,,,
REAL-911,2022-08-06,10.182455185251523,76.6150916358976,Fatal,OR,,,
REAL-912,2022-08-05,18.50646197538379,73.88988097872114,Fatal,NH,,,
REAL-913,2022-08-07,25.58143154317199,81.83963789136295,Fatal,NH,,,
REAL-914,2022-08-07,25.51621795949444,86.48360471433303,Fatal,OR,,,
REAL-915,2022-08-06,18.597471864679743,73.9038236844523,Fatal,OR,,,
REAL-916,2022-08-07,22.53943132102512,88.35850106678355,Fatal,OR,,,
REAL-917,2022-08-08,25.48899557055542,81.9895773259544,Fatal,SH,,,
REAL-918,2022-08-08,15.574179958048752,79.11284852501312,Fatal,OR,,,
REAL-919,2022-08-09,23.18280174463508,85.5617896975744,Fatal,OR,,,
REAL-920,2022-08-10,18.91469965911996,78.36007559482111,Fatal,NH,,,
REAL-921,2022-08-09,22.603069390633976,88.37734698226794,Fatal,OR,,,
REAL-922,2022-08-08,22.539868429713746,88.39806868254642,Fatal,SH,,,
REAL-923,2022-08-10,25.46948365155127,82.02397409040022,Fatal,OR,,,
REAL-924,2022-08-10,17.921580435051617,78.6394576640401,Fatal,OR,,,
REAL-925,2022-08-10,28.62730426419451,77.27960319704012,Fatal,OR,,,
REAL-926,2022-08-10,13.236164578699496,75.31115772489531,Fatal,OR,,,
REAL-927,2022-08-09,22.491182868063923,72.6611407729859,Fatal,NH,,,
REAL-928,2022-08-10,30.583126877573964,76.84334244893928,Fatal,NH,,,
REAL-929,2022-08-10,30.70058427919328,76.7560813348116,Fatal,OR,,,
REAL-930,2022-08-10,30.7116278316578,76.85053500524437,Fatal,NH,,,
REAL-931,2022-08-10,17.756739280466192,81.0074530980897,Fatal,OR,,,
REAL-932,2022-08-11,18.54044513250428,73.78018713277599,Fatal,NH,,,
REAL-933,2022-08-11,18.661623680075248,73.72996840293237,Fatal,NH,,,
REAL-934,2022-08-11,18.599727402289165,73.73467864020846,Fatal,OR,,,
REAL-935,2022-08-12,22.674582860364115,75.83221452974786,Fatal,OR,,,
REAL-936,2022-08-12,23.67831210615504,78.11121940894049,Fatal,NH,,,
REAL-937,2022-08-14,18.97658772486584,75.76628565332618,Fatal,NH,,,
REAL-938,2022-08-14,23.027163319878326,72.50731200268955,Fatal,NH,,,
REAL-939,2022-08-13,21.888208848667126,71.87584738690651,Fatal,SH,,,
REAL-940,2022-08-12,26.79163187649792,79.03551506188178,Fatal,NH,,,
REAL-941,2022-08-12,22.62514172018914,75.74095968178769,Fatal,OR,,,
REAL-942,2022-08-15,18.84258408217833,73.23739750475224,Fatal,SH,,,
REAL-943,2022-08-12,18.47775957235929,73.90547793757243,Fatal,OR,,,
REAL-944,2022-08-16,28.264056864663388,76.8301177836652,Fatal,NH,,,
REAL-945,2022-08-15,12.950716960809633,79.2580609737347,Fatal,SH,,,
REAL-946,2022-08-17,18.75570378002915,74.24743723636944,Fatal,SH,,,
REAL-947,2022-08-16,18.959068088846323,73.03725870845345,Fatal,NH,,,
REAL-948,2022-08-16,19.052069270476046,73.0077964043835,Fatal,OR,,,
REAL-949,2022-08-16,16.57282209537555,80.5322742786052,Fatal,NH,,,
REAL-950,2022-08-16,24.57682281711409,92.3144780815706,Fatal,NH,,,
REAL-951,2022-08-18,25.315813522132284,74.63310835858479,Fatal,NH,,,
REAL-952,2022-08-18,28.71053747751953,77.53414573056509,Fatal,NH,,,
REAL-953,2022-08-18,32.21421210952723,77.18881761206093,Fatal,NH,,,
REAL-954,2022-08-19,19.14321242299708,82.01659462110628,Fatal,NH,,,
REAL-955,2022-08-19,31.58576153219672,76.96885387389771,Fatal,OR,,,
REAL-956,2022-08-20,16.726003255008884,75.06098320133205,Fatal,NH,,,
REAL-957,2022-08-19,23.270417899334632,77.39743447696006,Fatal,OR,,,
REAL-958,2022-08-19,19.665589044933387,73.50063272085029,Fatal,NH,,,
REAL-959,2022-08-19,10.608956878284548,78.42341800501377,Fatal,SH,,,
REAL-960,2022-08-19,22.53915592565847,88.37340284759384,Fatal,OR,,,
REAL-961,2022-08-20,22.52724280446572,88.30648034361126,Fatal,OR,,,
REAL-962,2022-08-21,21.135114424478765,78.6394714598024,Fatal,NH,,,
REAL-963,2022-08-20,22.316321522968867,73.14866832825786,Fatal,OR,,,
REAL-964,2022-08-19,18.568399727548965,73.90726646295064,Fatal,OR,,,
REAL-965,2022-08-22,23.41171116675694,75.48403343721121,Fatal,SH,,,
REAL-966,2022-08-21,29.960305462335533,77.55709242351591,Fatal,NH,,,
REAL-967,2022-08-22,27.81157245098533,75.02095342198635,Fatal,NH,,,
REAL-968,2022-08-22,16.557731034204064,80.57101409645027,Fatal,SH,,,
REAL-969,2022-08-22,32.70663052265936,74.87930354821297,Fatal,OR,,,
REAL-970,2022-08-22,28.548837891916985,76.51790857252273,Fatal,OR,,,
REAL-971,2022-08-21,28.87709398274524,77.25098427500454,Fatal,NH,,,
REAL-972,2022-08-22,28.44960177047333,76.96100609651029,Fatal,NH,,,
REAL-973,2022-08-23,19.885274960176368,73.94177560345305,Fatal,NH,,,
REAL-974,2022-08-23,22.59663648362726,75.89634578737964,Fatal,SH,,,
REAL-975,2022-08-23,21.095586931573653,81.01281321850867,Fatal,OR,,,
REAL-976,2022-08-23,27.50116096445349,81.69949466986577,Fatal,OR,,,
REAL-977,2022-08-25,13.36297273199594,77.10330230352852,Fatal,NH,,,
REAL-978,2022-08-23,12.921172824561957,79.24730690814054,Fatal,NH,,,
REAL-979,2022-08-25,17.853639107608544,81.0427246351695,Fatal,OR,,,
REAL-980,2022-08-25,13.143458015584102,79.32821871767261,Fatal,OR,,,
REAL-981,2022-08-26,19.89396626522217,73.68212353649628,Fatal,OR,,,
REAL-982,2022-08-26,30.94933012576212,77.5928195680066,Fatal,SH,,,
REAL-983,2022-08-25,15.35752331671975,75.03842886062819,Fatal,OR,,,
REAL-984,2022-08-27,22.546410436893307,88.32103275364356,Fatal,OR,,,
REAL-985,2022-08-26,18.57750697763386,73.8764039940463,Fatal,SH,,,
REAL-986,2022-08-27,27.90977859120329,79.86524927125421,Fatal,OR,,,
REAL-987,2022-08-27,26.701112788209908,76.79640310310648,Fatal,OR,,,
REAL-988,2022-08-27,25.278619789075503,76.27552883402359,Fatal,OR,,,
REAL-989,2022-08-27,28.877477668955493,77.52603417488096,Fatal,OR,,,
REAL-990,2022-08-28,19.183655518817663,73.0534083474903,Fatal,OR,,,
REAL-991,2022-08-27,28.871034366683634,77.74104853527804,Fatal,NH,,,
REAL-992,2022-08-28,20.937340687598365,85.47144947154864,Fatal,NH,,,
REAL-993,2022-08-29,20.649003554646463,76.22847466638882,Fatal,OR,,,
REAL-994,2022-08-28,27.57603384444541,75.18900536726449,Fatal,NH,,,
REAL-995,2022-08-28,26.95860693491009,76.68415878172634,Fatal,NH,,,
REAL-996,2022-08-30,32.79938067051608,75.00789547580732,Fatal,OR,,,
REAL-997,2022-08-30,25.718353533382025,80.10015215149183,Fatal,NH,,,
REAL-998,2022-08-30,27.78423728859517,76.22986539404629,Fatal,NH,,,
REAL-999,2022-08-30,18.973810245442227,76.37588017389284,Fatal,SH,,,
REAL-1000,2022-08-30,29.83922690925442,79.77706855378689,Fatal,NH,,,
REAL-1001,2022-08-29,20.809524840584373,75.97061786368732,Fatal,SH,,,
REAL-1002,2022-09-01,16.529660984075278,75.6645191378298,Fatal,OR,,,
REAL-1003,2022-08-30,22.20934007798488,70.80100442289556,Fatal,NH,,,
REAL-1004,2022-08-31,22.51238394035984,88.35497158434426,Fatal,OR,,,
REAL-1005,2022-08-31,22.463162904924367,88.33390333096153,Fatal,OR,,,
REAL-1006,2022-08-31,22.585798966749003,88.3551253842066,Fatal,OR,,,
REAL-1007,2022-08-31,32.735369414033954,76.251512361788,Fatal,OR,,,
REAL-1008,2022-08-31,32.37176488996312,77.24680921374025,Fatal,OR,,,
REAL-1009,2022-09-01,23.02341919002103,74.52070834052253,Fatal,SH,,,
REAL-1010,2022-09-02,18.8494015889229,73.89818034290536,Fatal,NH,,,
REAL-1011,2022-09-02,21.067406895480527,79.05850935909434,Fatal,NH,,,
REAL-1012,2022-09-02,22.433194860521706,75.62060067005532,Fatal,NH,,,
REAL-1013,2022-09-03,10.950785627863572,76.97623851969175,Fatal,NH,,,
REAL-1014,2022-09-03,28.36645610952026,77.53773490671925,Fatal,OR,,,
REAL-1015,2022-09-04,19.89748574089612,72.94096533384186,Fatal,NH,,,
REAL-1016,2022-09-04,19.92978620079608,73.86816893229063,Fatal,NH,,,
REAL-1017,2022-09-04,19.97585050674122,73.6913953141388,Fatal,NH,,,
REAL-1018,2022-09-04,27.6206189752006,75.15432247946985,Fatal,OR,,,
REAL-1019,2022-09-04,26.79640462667417,77.78033605114946,Fatal,SH,,,
REAL-1020,2022-09-03,10.975472149756175,76.91461748939439,Fatal,OR,,,
REAL-1021,2022-09-04,28.567951511122537,77.2079624712835,Fatal,OR,,,
REAL-1022,2022-09-04,12.801987522673272,77.50896962112277,Fatal,NH,,,
REAL-1023,2022-09-05,22.74463198606689,75.93408549573431,Fatal,NH,,,
REAL-1024,2022-09-07,24.430462504845845,72.70674163283152,Fatal,NH,,,
REAL-1025,2022-09-07,26.7321710410184,77.89923914447503,Fatal,NH,,,
REAL-1026,2022-09-05,22.441979342857028,73.58417184251353,Fatal,NH,,,
REAL-1027,2022-09-06,18.50735318742875,73.78357201781958,Fatal,NH,,,
REAL-1028,2022-09-06,30.750286809972074,76.64057672151587,Fatal,NH,,,
REAL-1029,2022-09-06,30.74528834367729,76.65143581606183,Fatal,NH,,,
REAL-1030,2022-09-06,30.706704631161912,76.70673573769159,Fatal,OR,,,
REAL-1031,2022-09-06,26.89363853230963,80.53708001208369,Fatal,NH,,,
REAL-1032,2022-09-08,29.79188524373807,76.98055750545583,Fatal,OR,,,
REAL-1033,2022-09-08,29.55522209307861,76.87977066158835,Fatal,SH,,,
REAL-1034,2022-09-08,22.706027435309647,75.86027121436881,Fatal,OR,,,
REAL-1035,2022-09-10,25.198397188270903,71.71244104453648,Fatal,SH,,,
REAL-1036,2022-09-10,30.738582224630147,76.8981208048847,Fatal,NH,,,
REAL-1037,2022-09-10,30.67761730430839,76.85979178570341,Fatal,NH,,,
REAL-1038,2022-09-09,21.121740832696776,79.12142851389376,Fatal,SH,,,
REAL-1039,2022-09-09,13.14742868472633,77.41813858522167,Fatal,SH,,,
REAL-1040,2022-09-07,27.37226863214508,73.98368298597157,Fatal,NH,,,
REAL-1041,2022-09-09,29.55541693366256,74.49921749955635,Fatal,OR,,,
REAL-1042,2022-09-08,20.00499772821469,73.80337537492747,Fatal,NH,,,
REAL-1043,2022-09-09,22.36394890903222,70.94655156261628,Fatal,NH,,,
REAL-1044,2022-09-10,20.99690496730159,73.87705208457449,Fatal,SH,,,
REAL-1045,2022-09-10,13.022577660268103,77.57740525160732,Fatal,OR,,,
REAL-1046,2022-09-10,12.948846432059588,77.71800593231112,Fatal,OR,,,
REAL-1047,2022-09-12,31.20278264394658,75.89358394300896,Fatal,NH,,,
REAL-1048,2022-09-12,31.202679076429085,75.8942808549333,Fatal,NH,,,
REAL-1049,2022-09-11,12.71661239134448,77.27499627288593,Fatal,NH,,,
REAL-1050,2022-09-12,10.051900198441237,76.7830350362113,Fatal,OR,,,
REAL-1051,2022-09-12,30.91001885514226,75.85702699100335,Fatal,OR,,,
REAL-1052,2022-09-14,33.7700244652679,74.07785173735053,Fatal,OR,,,
REAL-1053,2022-09-14,10.893404927273082,78.5091993935274,Fatal,SH,,,
REAL-1054,2022-09-13,19.69305148408072,73.54263536694057,Fatal,NH,,,
REAL-1055,2022-09-14,8.419565452649845,77.3678455517185,Fatal,OR,,,
REAL-1056,2022-09-13,22.10481658261497,76.14038195346879,Fatal,OR,,,
REAL-1057,2022-09-13,27.61825728158689,75.17607957698375,Fatal,OR,,,
REAL-1058,2022-09-14,29.4590767400171,77.06081055227108,Fatal,OR,,,
REAL-1059,2022-09-15,10.83401134322215,77.27869144901616,Fatal,OR,,,
REAL-1060,2022-09-15,27.2782612807225,80.83835544261635,Fatal,NH,,,
REAL-1061,2022-09-14,12.846761446461745,79.22022116651208,Fatal,SH,,,
REAL-1062,2022-09-15,33.49867036613933,74.25560977711488,Fatal,SH,,,
REAL-1063,2022-09-14,30.71666660653803,76.77651310719091,Fatal,OR,,,
REAL-1064,2022-09-14,28.632267292841565,77.46683319186559,Fatal,NH,,,
REAL-1065,2022-09-15,28.59813146355126,76.90071850800156,Fatal,OR,,,
REAL-1066,2022-09-16,21.87666421724869,84.01575665468745,Fatal,OR,,,
REAL-1067,2022-09-15,12.948547849036212,79.25727141704918,Fatal,SH,,,
REAL-1068,2022-09-15,12.940815590779762,79.25445687504383,Fatal,SH,,,
REAL-1069,2022-09-15,18.54742246775272,73.77245205839895,Fatal,OR,,,
REAL-1070,2022-09-16,29.09486473149915,79.07411821862883,Fatal,OR,,,
REAL-1071,2022-09-16,13.020620147074297,77.58465557229627,Fatal,OR,,,
REAL-1072,2022-09-16,12.805919781759693,75.4948722531886,Fatal,OR,,,
REAL-1073,2022-09-18,11.647952361658897,78.50986736230354,Fatal,NH,,,
REAL-1074,2022-09-16,20.005947094265988,73.77618830728959,Fatal,OR,,,
REAL-1075,2022-09-17,22.60368399622085,88.43022502868575,Fatal,OR,,,
REAL-1076,2022-09-17,19.22852843112726,72.8634702268792,Fatal,OR,,,
REAL-1077,2022-09-17,13.51668004254674,77.76393276245939,Fatal,NH,,,
REAL-1078,2022-09-17,30.035181781819592,76.88369753523199,Fatal,NH,,,
REAL-1079,2022-09-19,18.45414151812873,73.96054737373794,Fatal,OR,,,
REAL-1080,2022-09-17,28.65353890400141,77.37198471469783,Fatal,OR,,,
REAL-1081,2022-09-17,22.52611171449524,88.31234128980427,Fatal,OR,,,
REAL-1082,2022-09-18,18.447699372819145,73.86175028099042,Fatal,NH,,,
REAL-1083,2022-09-18,11.874783636911395,76.15280048333706,Fatal,SH,,,
REAL-1084,2022-09-18,12.888559548952276,77.56238316702398,Fatal,OR,,,
REAL-1085,2022-09-18,28.663844152886497,77.40084691215087,Fatal,OR,,,
REAL-1086,2022-09-18,22.541095696127417,88.34141186355302,Fatal,OR,,,
REAL-1087,2022-09-19,30.91686695243872,75.89436062286293,Fatal,OR,,,
REAL-1088,2022-09-19,33.12101504697645,75.31961895866417,Fatal,OR,,,
REAL-1089,2022-09-19,18.57368309021931,73.76382618201784,Fatal,NH,,,
REAL-1090,2022-09-21,28.686459911111605,77.33102290275208,Fatal,OR,,,
REAL-1091,2022-09-20,29.840540108367783,79.03140318397378,Fatal,OR,,,
REAL-1092,2022-09-20,18.046347718402,81.11287056949833,Fatal,NH,,,
REAL-1093,2022-09-19,29.356332426002403,75.90990643867731,Fatal,SH,,,
REAL-1094,2022-09-19,18.62700632040177,74.03381295776077,Fatal,SH,,,
REAL-1095,2022-09-20,13.875276738904809,75.03825683248765,Fatal,OR,,,
REAL-1096,2022-09-20,18.678816504449504,73.73974509602084,Fatal,NH,,,
REAL-1097,2022-09-20,19.516711250438,74.20168005669247,Fatal,NH,,,
REAL-1098,2022-09-22,11.326682732716154,77.01213863141477,Fatal,SH,,,
REAL-1099,2022-09-21,18.61271282971236,73.714462880994,Fatal,OR,,,
REAL-1100,2022-09-23,15.428503476837207,74.37502901539051,Fatal,OR,,,
REAL-1101,2022-09-21,19.98933385343704,73.78036076417465,Fatal,OR,,,
REAL-1102,2022-09-23,30.118928366820413,77.26644195822695,Fatal,NH,,,
REAL-1103,2022-09-23,27.790818186313565,79.8946576286324,Fatal,OR,,,
REAL-1104,2022-09-23,23.79807528906838,77.25506091853237,Fatal,NH,,,
REAL-1105,2022-09-24,25.879219859308915,91.43619721897048,Fatal,OR,,,
REAL-1106,2022-09-25,31.576387479344483,77.36182804615906,Fatal,NH,,,
REAL-1107,2022-09-26,27.081201386605976,80.89154095699573,Fatal,NH,,,
REAL-1108,2022-09-25,22.583870070543384,88.37899507425759,Fatal,OR,,,
REAL-1109,2022-09-23,19.01054658668796,72.86471665659106,Fatal,OR,,,
REAL-1110,2022-09-26,26.22018768862963,79.71717707108802,Fatal,OR,,,
REAL-1111,2022-09-26,22.541704245845963,88.34651164736444,Fatal,OR,,,
REAL-1112,2022-09-26,22.50333407140352,88.37707413889534,Fatal,OR,,,
REAL-1113,2022-09-25,11.8332757201896,77.94107068459327,Fatal,SH,,,
REAL-1114,2022-09-27,15.779829927552855,74.22501262093492,Fatal,NH,,,
REAL-1115,2022-09-28,26.51545933291969,84.84293133404918,Fatal,NH,,,
REAL-1116,2022-09-26,13.333270952308466,79.39731062664028,Fatal,OR,,,
REAL-1117,2022-09-26,13.100735313310963,79.31266765404519,Fatal,OR,,,
REAL-1118,2022-09-26,13.056514800758288,76.3377279446593,Fatal,SH,,,
REAL-1119,2022-09-28,28.147161272678723,76.66708752962037,Fatal,SH,,,
REAL-1120,2022-09-28,28.525874259987702,80.05503712631379,Fatal,NH,,,
REAL-1121,2022-09-28,27.94033190333456,77.00728291110148,Fatal,NH,,,
REAL-1122,2022-09-27,22.54131036913661,88.35499820573114,Fatal,OR,,,
REAL-1123,2022-09-27,12.836008793814663,77.40194824950508,Fatal,OR,,,
REAL-1124,2022-09-28,12.947244094944637,79.25679685055985,Fatal,OR,,,
REAL-1125,29-Sept-22,18.499896554559506,73.94576051467229,Fatal,NH,,,
REAL-1126,29-Sept-22,17.6774491584506,75.33494436705305,Fatal,OR,,,
REAL-1127,29-Sept-22,28.480475525265025,77.08857092195932,Fatal,SH,,,
REAL-1128,29-Sept-22,28.44570271656891,77.0345214793636,Fatal,NH,,,
REAL-1129,29-Sept-22,28.41204402437178,77.07403876231123,Fatal,OR,,,
REAL-1130,2022-10-01,26.397126999706067,80.40247514855193,Fatal,NH,,,
REAL-1131,2022-10-02,23.43299800521241,77.95951738959725,Fatal,OR,,,
REAL-1132,2022-10-02,22.6012761599167,88.40872111526133,Fatal,NH,,,
REAL-1133,2022-10-01,31.11185676357206,77.21988862242812,Fatal,NH,,,
REAL-1134,2022-10-02,20.75631345425501,79.35731777195642,Fatal,NH,,,
REAL-1135,2022-10-01,31.278337007949787,77.4400146605661,Fatal,OR,,,
REAL-1136,2022-10-04,17.769081037656896,81.0119454977071,Fatal,OR,,,
REAL-1137,2022-10-04,22.278320308956435,73.06861267034883,Fatal,OR,,,
REAL-1138,2022-10-04,18.389179976613526,77.0594764904303,Fatal,NH,,,
REAL-1139,2022-10-04,30.347195381301177,77.19010940866012,Fatal,SH,,,
REAL-1140,2022-10-03,13.107699209323624,77.87405705416413,Fatal,NH,,,
REAL-1141,2022-10-01,21.88335836615765,76.18567829407677,Fatal,NH,,,
REAL-1142,2022-10-04,30.024979229908645,78.78650369091099,Fatal,OR,,,
REAL-1143,2022-10-04,30.56268588967739,76.8378262758079,Fatal,OR,,,
REAL-1144,2022-10-04,30.56053246253601,76.71255447410287,Fatal,OR,,,
REAL-1145,2022-10-04,26.50073883127366,83.78012026782308,Fatal,OR,,,
REAL-1146,2022-10-04,21.357157758652463,79.31465550259874,Fatal,SH,,,
REAL-1147,2022-10-03,21.07248675883092,78.96483411958162,Fatal,SH,,,
REAL-1148,2022-10-03,22.95436575459292,72.63900615562021,Fatal,OR,,,
REAL-1149,2022-10-02,28.095447481206847,76.59247017181852,Fatal,NH,,,
REAL-1150,2022-10-03,21.171508357803496,79.06491075260524,Fatal,SH,,,
REAL-1151,2022-10-05,22.566700939010943,88.3692833913307,Fatal,SH,,,
REAL-1152,2022-10-06,10.596938836814289,76.4849923338584,Fatal,NH,,,
REAL-1153,2022-10-04,16.407341458017818,74.3714751616623,Fatal,NH,,,
REAL-1154,2022-10-05,19.01343533298501,72.81396492933266,Fatal,OR,,,
REAL-1155,2022-10-04,30.91157984293169,76.81217993449769,Fatal,NH,,,
REAL-1156,2022-10-05,26.97054334894584,75.75286341072744,Fatal,OR,,,
REAL-1157,2022-10-05,25.557155611190154,86.27814676533811,Fatal,OR,,,
REAL-1158,2022-10-05,25.57880501338771,85.89453055576944,Fatal,OR,,,
REAL-1159,2022-10-05,25.49966278174121,85.95710608605971,Fatal,NH,,,
REAL-1160,2022-10-05,25.5567931443006,86.12894123022524,Fatal,OR,,,
REAL-1161,2022-10-06,9.933876803993616,76.72123460469471,Fatal,SH,,,
REAL-1162,2022-10-05,21.891483454137408,83.39550889302947,Fatal,OR,,,
REAL-1163,2022-10-05,23.39974628923669,85.21264629326704,Fatal,OR,,,
REAL-1164,2022-10-06,30.72796202807876,76.82711360196471,Fatal,OR,,,
REAL-1165,2022-10-08,20.006735734537035,73.82917335602176,Fatal,OR,,,
REAL-1166,2022-10-09,23.92610401886876,84.2523016090942,Fatal,OR,,,
REAL-1167,2022-10-09,18.09353351991126,81.1300462012477,Fatal,NH,,,
REAL-1168,2022-10-09,18.090595137088847,81.12897662990034,Fatal,NH,,,
REAL-1169,2022-10-08,22.718105086699296,75.85553676352164,Fatal,OR,,,
REAL-1170,2022-10-09,12.951284813462085,77.49306183119947,Fatal,OR,,,
REAL-1171,2022-10-09,12.984644923834686,77.51895565306717,Fatal,OR,,,
REAL-1172,2022-10-11,24.01613489959291,76.691354071672,Fatal,NH,,,
REAL-1173,2022-10-09,23.006631184214744,72.46378789004562,Fatal,OR,,,
REAL-1174,2022-10-10,22.72368055449612,75.93250041180868,Fatal,NH,,,
REAL-1175,2022-10-10,27.775682397424788,70.37494596641838,Fatal,NH,,,
REAL-1176,2022-10-10,13.003517921291028,77.72466712863978,Fatal,OR,,,
REAL-1177,2022-10-11,8.661069984907636,77.26472311644443,Fatal,NH,,,
REAL-1178,2022-10-11,28.25644017967853,77.5681649912406,Fatal,NH,,,
REAL-1179,2022-10-11,22.609425307593806,88.40047683323237,Fatal,OR,,,
REAL-1180,2022-10-11,23.19486503617141,77.46493125316131,Fatal,OR,,,
REAL-1181,2022-10-13,19.13035294391901,72.93031018808621,Fatal,OR,,,
REAL-1182,2022-10-13,29.361693287582504,75.89244549739433,Fatal,SH,,,
REAL-1183,2022-10-11,18.511326219313656,73.83678641223852,Fatal,NH,,,
REAL-1184,2022-10-14,26.51916479962061,81.78623604629252,Fatal,NH,,,
REAL-1185,2022-10-13,18.35900411655556,74.62918260527765,Fatal,NH,,,
REAL-1186,2022-10-13,28.47216926229995,77.07250935255354,Fatal,OR,,,
REAL-1187,2022-10-14,26.66759189226145,75.60699291742444,Fatal,OR,,,
REAL-1188,2022-10-14,25.91539189424932,70.212222564183,Fatal,NH,,,
REAL-1189,2022-10-15,9.015502563497243,77.11338040538668,Fatal,NH,,,
REAL-1190,2022-10-16,13.377648489675307,76.18053223582906,Fatal,OR,,,
REAL-1191,2022-10-15,12.775694715969475,79.19435287661288,Fatal,NH,,,
REAL-1192,2022-10-15,13.05082584732971,79.29450060842801,Fatal,SH,,,
REAL-1193,2022-10-15,12.648173514366077,79.14793515922925,Fatal,SH,,,
REAL-1194,2022-10-15,18.53199289057515,81.28964541216935,Fatal,NH,,,
REAL-1195,2022-10-16,30.6666730385354,76.848148267909,Fatal,NH,,,
REAL-1196,2022-10-15,28.870713076625243,77.46043238620321,Fatal,OR,,,
REAL-1197,2022-10-16,22.25940980434043,82.82915130273979,Fatal,OR,,,
REAL-1198,2022-10-16,12.949570589851945,79.2576436947061,Fatal,NH,,,
REAL-1199,2022-10-17,30.61736086755293,76.66902420812173,Fatal,OR,,,
REAL-1200,2022-10-17,30.828470195188068,76.67248441914836,Fatal,OR,,,
REAL-1201,2022-10-18,22.55750888852146,88.40933343735543,Fatal,OR,,,
REAL-1202,2022-10-18,22.275611722533696,73.24030658251331,Fatal,NH,,,
REAL-1203,2022-10-18,27.951452559929564,80.7897686862681,Fatal,OR,,,
REAL-1204,2022-10-18,28.45802940521766,77.09653257850215,Fatal,OR,,,
REAL-1205,2022-10-19,34.90088291619251,77.4822454710571,Fatal,OR,,,
REAL-1206,2022-10-16,20.10131308044171,73.93151076923702,Fatal,NH,,,
REAL-1207,2022-10-19,15.20507143448271,74.47043449747588,Fatal,OR,,,
REAL-1208,2022-10-19,23.252592845539127,77.42345355635436,Fatal,OR,,,
REAL-1209,2022-10-19,23.192484688586205,77.48550641329129,Fatal,OR,,,
REAL-1210,2022-10-19,22.60510251648168,88.36838386528261,Fatal,OR,,,
REAL-1211,2022-10-19,31.84596794338421,74.76018714779967,Fatal,NH,,,
REAL-1212,2022-10-21,24.98152185059318,81.69004468774801,Fatal,OR,,,
REAL-1213,2022-10-23,26.788223890678776,79.05080507227291,Fatal,NH,,,
REAL-1214,2022-10-21,23.224472198687764,77.40241874989343,Fatal,OR,,,
REAL-1215,2022-10-22,21.32865649397844,71.02547054201479,Fatal,SH,,,
REAL-1216,2022-10-22,23.603719917933823,76.39966873778617,Fatal,OR,,,
REAL-1217,2022-10-22,8.370454103313998,77.5908452936063,Fatal,SH,,,
REAL-1218,2022-10-22,10.026690545021433,76.68160313727584,Fatal,NH,,,
REAL-1219,2022-10-21,22.351268963427145,73.23101183040548,Fatal,NH,,,
REAL-1220,2022-10-23,24.64765114425382,77.33674247431341,Fatal,SH,,,
REAL-1221,2022-10-23,22.58995612102796,88.3767170572537,Fatal,OR,,,
REAL-1222,2022-10-23,22.598440818586376,88.36871536219664,Fatal,OR,,,
REAL-1223,2022-10-23,13.035843638983389,77.58910591124246,Fatal,NH,,,
REAL-1224,2022-10-23,20.03460422427335,73.85171797226306,Fatal,OR,,,
REAL-1225,2022-10-24,12.858105129212836,77.6628555956384,Fatal,NH,,,
REAL-1226,2022-10-25,28.94062803736368,79.81376364970457,Fatal,SH,,,
REAL-1227,2022-10-24,13.311897876452,76.25789561510426,Fatal,NH,,,
REAL-1228,2022-10-26,25.6895915148746,85.23068023151018,Fatal,NH,,,
REAL-1229,2022-10-27,25.378684543924045,82.15656781530603,Fatal,NH,,,
REAL-1230,2022-10-27,23.838649895530164,86.03995143781891,Fatal,OR,,,
REAL-1231,2022-10-26,10.347329030447098,78.31042776708274,Fatal,OR,,,
REAL-1232,2022-10-26,21.101856403905604,79.10178357508721,Fatal,OR,,,
REAL-1233,2022-10-26,21.17411642577176,77.32206437894702,Fatal,NH,,,
REAL-1234,2022-10-26,22.59294272934744,75.78520197432613,Fatal,SH,,,
REAL-1235,2022-10-25,19.25195722853723,72.84653464782102,Fatal,OR,,,
REAL-1236,2022-10-26,19.23388034633515,72.85703335792267,Fatal,OR,,,
REAL-1237,2022-10-27,22.269218972571004,82.64405765098273,Fatal,OR,,,
REAL-1238,2022-10-27,18.14618749717706,74.56718253781582,Fatal,OR,,,
REAL-1239,2022-10-28,17.688016079430852,79.89392851062833,Fatal,OR,,,
REAL-1240,2022-10-28,22.926332572622865,76.0115211646357,Fatal,NH,,,
REAL-1241,2022-10-28,18.464665044127813,73.86427239354803,Fatal,OR,,,
REAL-1242,2022-10-28,20.03323642706155,73.85964826800533,Fatal,NH,,,
REAL-1243,2022-10-27,22.59669685394062,80.36986110206573,Fatal,OR,,,
REAL-1244,2022-10-29,25.50514359461877,84.86510399568847,Fatal,SH,,,
REAL-1245,2022-10-29,25.55447358818071,84.86617772481523,Fatal,SH,,,
REAL-1246,2022-10-29,25.640953934035768,84.11521632039651,Fatal,OR,,,
REAL-1247,2022-10-29,30.68284480941984,76.61719372787276,Fatal,SH,,,
REAL-1248,2022-10-29,30.716841466984384,76.80458595561909,Fatal,OR,,,
REAL-1249,2022-10-31,17.24338242804452,75.00424475373016,Fatal,NH,,,
REAL-1250,2022-10-29,21.09523014387065,81.00741500393691,Fatal,SH,,,
REAL-1251,2022-10-30,17.438425267294747,78.45059784004324,Fatal,OR,,,
REAL-1252,2022-10-31,21.900406301426106,81.9815146263907,Fatal,SH,,,
REAL-1253,2022-10-29,28.38378552681842,77.05328822442098,Fatal,NH,,,
REAL-1254,2022-10-30,19.66430394939275,78.52895617239561,Fatal,OR,,,
REAL-1255,2022-10-30,13.010315462356882,77.52756974278834,Fatal,OR,,,
REAL-1256,2022-10-30,17.635476518528307,78.4851888279516,Fatal,NH,,,
REAL-1257,2022-11-02,26.42084903925853,78.05370856131539,Fatal,NH,,,
REAL-1258,2022-11-01,19.027063178328984,78.36298370549322,Fatal,NH,,,
REAL-1259,2022-10-31,22.05943267063244,73.82253877574095,Fatal,OR,,,
REAL-1260,2022-11-02,28.028460686612323,77.62333495442708,Fatal,NH,,,
REAL-1261,2022-11-01,30.932516169629725,75.8677287599747,Fatal,NH,,,
REAL-1262,2022-11-01,28.04188431027413,77.58330316350516,Fatal,NH,,,
REAL-1263,2022-11-01,17.56429663919786,78.49334533381393,Fatal,NH,,,
REAL-1264,2022-11-02,17.705116700596818,78.0941287496498,Fatal,NH,,,
REAL-1265,2022-11-02,22.53915746745593,88.37358247336473,Fatal,OR,,,
REAL-1266,2022-11-04,21.60189976066658,77.71458618022855,Fatal,OR,,,
REAL-1267,2022-11-03,22.603810294401853,88.46977913340776,Fatal,OR,,,
REAL-1268,2022-11-02,13.009116547883451,78.1864943926819,Fatal,OR,,,
REAL-1269,2022-11-02,12.985166001053273,77.52430014271957,Fatal,OR,,,
REAL-1270,2022-11-04,28.684720458145044,77.52090636565661,Fatal,NH,,,
REAL-1271,2022-11-04,22.73612328087668,75.86362615356401,Fatal,OR,,,
REAL-1272,2022-11-03,19.0265073987421,73.05742370796258,Fatal,NH,,,
REAL-1273,2022-11-04,27.484866638723137,77.68776852076145,Fatal,NH,,,
REAL-1274,2022-11-06,26.938019550557154,75.51456395426437,Fatal,OR,,,
REAL-1275,2022-11-05,22.16021606354261,75.44686078799634,Fatal,NH,,,
REAL-1276,2022-11-04,22.603746729307865,88.37949618025485,Fatal,OR,,,
REAL-1277,2022-11-04,22.59149529340383,88.37117242852943,Fatal,OR,,,
REAL-1278,2022-11-05,10.993631217180676,76.98248328605914,Fatal,OR,,,
REAL-1279,2022-11-05,22.373075049293465,75.52479322342779,Fatal,NH,,,
REAL-1280,2022-11-06,23.16809806028498,74.31279268503023,Fatal,OR,,,
REAL-1281,2022-11-06,23.15196396922503,74.30044703815592,Fatal,OR,,,
REAL-1282,2022-11-06,22.8151476870785,82.09155502478767,Fatal,SH,,,
REAL-1283,2022-11-06,21.16637436214181,82.02690125718406,Fatal,OR,,,
REAL-1284,2022-11-07,29.197095840789228,73.22412562749123,Fatal,NH,,,
REAL-1285,2022-11-05,12.919932693787889,79.24685550053879,Fatal,SH,,,
REAL-1286,2022-11-07,30.889630233878883,75.86310476667818,Fatal,OR,,,
REAL-1287,2022-11-06,21.836022347490687,83.14062173571318,Fatal,OR,,,
REAL-1288,2022-11-06,21.16952435655965,82.03530377208584,Fatal,NH,,,
REAL-1289,2022-11-06,21.837292736953927,81.90286490362809,Fatal,NH,,,
REAL-1290,2022-11-07,28.043663479402937,77.5790983609343,Fatal,NH,,,
REAL-1291,2022-11-08,26.82033722245593,75.87456638419907,Fatal,OR,,,
REAL-1292,2022-11-09,10.983245972650325,77.04921377211528,Fatal,NH,,,
REAL-1293,2022-11-09,12.89236556129924,79.23682106431292,Fatal,OR,,,
REAL-1294,2022-11-09,15.682378247111638,74.26662448848333,Fatal,NH,,,
REAL-1295,2022-11-09,19.946401518149656,73.59990527078837,Fatal,OR,,,
REAL-1296,2022-11-11,13.263755129233203,79.01177860886744,Fatal,SH,,,
REAL-1297,2022-11-12,28.906938850995687,78.47690637211832,Fatal,SH,,,
REAL-1298,2022-11-11,23.145432253457194,75.07122922984281,Fatal,OR,,,
REAL-1299,2022-11-11,31.14253660747368,78.265141668431,Fatal,OR,,,
REAL-1300,2022-11-12,30.913165008762128,75.87110012928143,Fatal,OR,,,
REAL-1301,2022-11-12,12.877966005732084,77.64683164558797,Fatal,NH,,,
REAL-1302,2022-11-11,27.53762373689336,79.4525978524351,Fatal,OR,,,
REAL-1303,2022-11-11,13.015265802638504,77.66202345804389,Fatal,NH,,,
REAL-1304,2022-11-12,26.044171036000023,81.10449657552155,Fatal,SH,,,
REAL-1305,2022-11-14,18.71702910039372,81.3569985925433,Fatal,NH,,,
REAL-1306,2022-11-13,12.912005303666117,76.34183653698936,Fatal,OR,,,
REAL-1307,2022-11-14,22.69263043044694,88.70236982066494,Fatal,SH,,,
REAL-1308,2022-11-14,22.47913420881438,75.4157619980225,Fatal,SH,,,
REAL-1309,2022-11-14,22.605255932255112,75.40407663722769,Fatal,OR,,,
REAL-1310,2022-11-14,22.34199723547302,77.11095945036001,Fatal,SH,,,
REAL-1311,2022-11-16,23.151400705564463,81.32105149863257,Fatal,NH,,,
REAL-1312,2022-11-16,17.157969968494445,80.78950106853198,Fatal,NH,,,
REAL-1313,2022-11-15,30.90961677407428,76.17570552285814,Fatal,OR,,,
REAL-1314,2022-11-15,22.55788854866375,88.41156662701462,Fatal,SH,,,
REAL-1315,2022-11-10,20.040398986371844,73.85315924485533,Fatal,OR,,,
REAL-1316,2022-11-10,20.0061289028984,73.78215597799931,Fatal,OR,,,
REAL-1317,2022-11-14,22.75265913716417,75.88905087507547,Fatal,SH,,,
REAL-1318,2022-11-14,22.777170793297625,75.31797536258264,Fatal,NH,,,
REAL-1319,2022-11-14,21.828574719383823,76.35241466082152,Fatal,SH,,,
REAL-1320,2022-11-15,28.417918594240813,77.1000577928368,Fatal,OR,,,
REAL-1321,2022-11-16,9.512194771478097,77.63405328187649,Fatal,NH,,,
REAL-1322,2022-11-16,16.520724546873723,80.5991523206196,Fatal,NH,,,
REAL-1323,2022-11-17,26.46531928732988,91.38738432227764,Fatal,NH,,,
REAL-1324,2022-11-17,26.452658392784468,91.52925612294672,Fatal,NH,,,
REAL-1325,2022-11-16,23.90652034670429,88.45715036328681,Fatal,OR,,,
REAL-1326,2022-11-17,26.605941712405784,75.9464134490382,Fatal,SH,,,
REAL-1327,2022-11-17,24.875343542281684,72.86401469452525,Fatal,SH,,,
REAL-1328,2022-11-16,30.65840334955016,76.82078084047541,Fatal,NH,,,
REAL-1329,2022-11-16,30.694405242332124,76.69910588052726,Fatal,SH,,,
REAL-1330,2022-11-16,23.4623810555033,81.62031380403636,Fatal,OR,,,
REAL-1331,2022-11-16,17.158188199934717,80.78958050477624,Fatal,NH,,,
REAL-1332,2022-11-16,30.45503875892184,77.34040527956546,Fatal,OR,,,
REAL-1333,2022-11-16,16.406236755712985,80.40574691097999,Fatal,OR,,,
REAL-1334,2022-11-16,23.030184850207604,77.62914651163783,Fatal,OR,,,
REAL-1335,2022-11-17,13.121091041606617,79.3200771391448,Fatal,OR,,,
REAL-1336,2022-11-16,26.284292037794447,80.06602269926175,Fatal,OR,,,
REAL-1337,2022-11-18,23.447032519188465,85.34401968554762,Fatal,OR,,,
REAL-1338,2022-11-18,17.790396174537317,81.01970420753157,Fatal,SH,,,
REAL-1339,2022-11-18,18.173908161533664,81.15930257079825,Fatal,OR,,,
REAL-1340,2022-11-18,30.52968181757664,79.47554180433299,Fatal,OR,,,
REAL-1341,2022-11-17,10.817256737653189,77.273122035737,Fatal,SH,,,
REAL-1342,2022-11-16,28.28863953834606,76.86016916880224,Fatal,NH,,,
REAL-1343,2022-11-18,13.033464733203742,79.28818116288616,Fatal,OR,,,
REAL-1344,2022-11-18,18.57542729144465,73.89939989300919,Fatal,OR,,,
REAL-1345,2022-11-19,30.71096037303688,78.3478945417708,Fatal,NH,,,
REAL-1346,2022-11-20,25.620056059862137,85.45619403250178,Fatal,NH,,,
REAL-1347,2022-11-20,26.36474428692468,84.36332624847657,Fatal,OR,,,
REAL-1348,2022-11-20,30.08992688123,74.83402077682243,Fatal,OR,,,
REAL-1349,2022-11-20,19.187585794269648,72.8582979895844,Fatal,OR,,,
REAL-1350,2022-11-22,17.41604008317256,79.35145036527567,Fatal,OR,,,
REAL-1351,2022-11-22,27.54684620747111,79.74536007975173,Fatal,OR,,,
REAL-1352,2022-11-21,30.93155089781897,75.8020489219434,Fatal,OR,,,
REAL-1353,2022-11-20,18.432456042355387,73.8381317293159,Fatal,NH,,,
REAL-1354,2022-11-20,16.31830655019522,77.95075530161922,Fatal,NH,,,
REAL-1355,2022-11-21,26.61980908993047,94.02343225966489,Fatal,OR,,,
REAL-1356,2022-11-22,27.44540537277724,80.11582304632411,Fatal,NH,,,
REAL-1357,2022-11-22,13.117553016646877,76.70355899910632,Fatal,OR,,,
REAL-1358,2022-11-21,26.70337115043496,92.70418700131626,Fatal,OR,,,
REAL-1359,2022-11-23,17.581023297779254,76.25967599791673,Fatal,NH,,,
REAL-1360,2022-11-22,21.21352805697569,79.13283161552614,Fatal,OR,,,
REAL-1361,2022-11-22,18.969945860027263,73.08309419853339,Fatal,OR,,,
REAL-1362,2022-11-23,13.075485551645428,79.30347674079893,Fatal,OR,,,
REAL-1363,2022-11-22,24.271466866811885,75.05168429622357,Fatal,OR,,,
REAL-1364,2022-11-22,29.82918907946464,79.85159256036074,Fatal,OR,,,
REAL-1365,2022-11-23,19.161963423521573,72.87188481158118,Fatal,OR,,,
REAL-1366,2022-11-21,18.9903697860946,75.75142734060948,Fatal,NH,,,
REAL-1367,2022-11-21,18.453444782040105,73.84078903488914,Fatal,NH,,,
REAL-1368,2022-11-23,18.38862883333705,77.12119369995887,Fatal,OR,,,
REAL-1369,2022-11-23,12.833735043168383,75.4829951365671,Fatal,OR,,,
REAL-1370,2022-11-23,19.43133982179468,80.06233300389967,Fatal,OR,,,
REAL-1371,2022-11-23,12.954700978073774,77.6843094701265,Fatal,OR,,,
REAL-1372,2022-11-24,22.251352838330064,70.80791260812796,Fatal,NH,,,
REAL-1373,2022-11-24,28.253160766999283,77.6023364007142,Fatal,OR,,,
REAL-1374,2022-11-26,22.731244661918943,75.90263711866906,Fatal,SH,,,
REAL-1375,2022-11-27,26.907522896186578,80.50137862083321,Fatal,OR,,,
REAL-1376,2022-11-27,16.242889744416413,80.45641186696757,Fatal,SH,,,
REAL-1377,2022-11-27,25.701157202774304,81.9090760185718,Fatal,NH,,,
REAL-1378,2022-11-28,32.9911780391831,75.19505566014274,Fatal,NH,,,
REAL-1379,2022-11-27,21.62669454526135,76.48345071187337,Fatal,OR,,,
REAL-1380,2022-11-27,28.545028355232883,77.12116013069722,Fatal,NH,,,
REAL-1381,2022-11-26,29.46323869723716,77.70828460375006,Fatal,OR,,,
REAL-1382,2022-11-26,19.99111392207713,73.76016762408145,Fatal,OR,,,
REAL-1383,2022-11-29,28.59302391596247,77.55220224047828,Fatal,OR,,,
REAL-1384,2022-11-28,13.272266576516747,77.35216646385031,Fatal,NH,,,
REAL-1385,2022-11-30,15.683371392189466,77.7679255136936,Fatal,SH,,,
REAL-1386,2022-11-30,27.10157365650555,81.50326169184127,Fatal,NH,,,
REAL-1387,2022-11-29,17.367919451233476,80.86592268024899,Fatal,NH,,,
REAL-1388,2022-11-30,27.09793141498253,81.49824462518542,Fatal,NH,,,
REAL-1389,2022-11-30,33.528920091719215,74.35938394535962,Fatal,OR,,,
REAL-1390,2022-11-30,32.77142216563534,75.04428953506651,Fatal,OR,,,
REAL-1391,2022-11-29,23.21184562898975,77.3888241897959,Fatal,OR,,,
REAL-1392,2022-11-30,19.866952570376142,74.14799246536725,Fatal,OR,,,
REAL-1393,2022-11-30,13.000683883260592,77.67722032726212,Fatal,NH,,,
REAL-1394,2022-11-30,15.684037550663032,77.76965748241777,Fatal,SH,,,
REAL-1395,2022-12-01,20.053056785479832,85.53937047670372,Fatal,NH,,,
REAL-1396,2022-11-30,12.981197526297397,79.26915589957225,Fatal,SH,,,
REAL-1397,2022-12-02,22.70772341532349,75.86781836399646,Fatal,OR,,,
REAL-1398,2022-12-01,22.73180347911857,75.91319311603722,Fatal,OR,,,
REAL-1399,2022-12-01,13.088534382767612,79.3082265153274,Fatal,SH,,,
REAL-1400,2022-12-04,12.226377668027563,78.99440147116204,Fatal,SH,,,
REAL-1401,2022-12-03,25.617150720068945,79.7195868062511,Fatal,OR,,,
REAL-1402,2022-12-03,29.857349944027533,79.3734150044732,Fatal,NH,,,
REAL-1403,2022-12-04,20.389552251846258,78.1355352067547,Fatal,SH,,,
REAL-1404,2022-12-03,21.229121245307912,81.65970224642803,Fatal,NH,,,
REAL-1405,2022-12-04,22.60855015063117,88.3841026328609,Fatal,OR,,,
REAL-1406,2022-12-04,17.219357531601254,78.33618880820711,Fatal,OR,,,
REAL-1407,2022-12-05,28.69147465100453,77.19145118008962,Fatal,OR,,,
REAL-1408,2022-12-04,23.04904383037496,75.18130466888347,Fatal,OR,,,
REAL-1409,2022-12-04,30.402914678684223,79.31752278659692,Fatal,NH,,,
REAL-1410,2022-12-04,30.130277775637403,78.78726253290282,Fatal,NH,,,
REAL-1411,2022-12-04,28.58421737929833,77.327766775427,Fatal,OR,,,
REAL-1412,2022-12-05,13.363787954366217,79.4084188153893,Fatal,NH,,,
REAL-1413,2022-12-05,11.111859038379988,77.58992424923687,Fatal,SH,,,
REAL-1414,2022-12-05,17.68785948501749,80.98238085254637,Fatal,SH,,,
REAL-1415,2022-12-04,22.5505862673208,88.34024042544688,Fatal,OR,,,
REAL-1416,2022-12-04,22.979918709675843,76.0738068665168,Fatal,NH,,,
REAL-1417,2022-12-05,19.94602442426604,73.83433048246167,Fatal,OR,,,
REAL-1418,2022-12-05,13.028659785148188,79.28643216179394,Fatal,SH,,,
REAL-1419,2022-12-07,12.506978133440269,79.09654004057225,Fatal,NH,,,
REAL-1420,2022-12-05,15.959938310900172,76.6545577603903,Fatal,NH,,,
REAL-1421,2022-12-05,24.084353369597657,75.056460431459,Fatal,OR,,,
REAL-1422,2022-12-07,13.38564643130281,79.08394114410565,Fatal,OR,,,
REAL-1423,2022-12-08,19.92981072729941,73.86820452959181,Fatal,NH,,,
REAL-1424,2022-12-06,12.978240705819044,77.51502480499371,Fatal,OR,,,
REAL-1425,2022-12-07,28.20584507769017,78.25986812159982,Fatal,NH,,,
REAL-1426,2022-12-06,19.93369073809828,73.81298047348994,Fatal,NH,,,
REAL-1427,2022-12-07,23.14366905722453,76.1498570865756,Fatal,NH,,,
REAL-1428,2022-12-08,29.839123272704928,79.76835967429105,Fatal,NH,,,
REAL-1429,2022-12-10,13.15480458463792,75.3458984423596,Fatal,SH,,,
REAL-1430,2022-12-08,18.250077305173328,73.8799667989515,Fatal,SH,,,
REAL-1431,2022-12-09,19.88520267890169,73.9418851643787,Fatal,NH,,,
REAL-1432,2022-12-09,10.034163900747574,76.67841201438078,Fatal,OR,,,
REAL-1433,2022-12-09,24.736188136337,73.83966961264531,Fatal,OR,,,
REAL-1434,2022-12-10,29.20959554702509,78.44204084474875,Fatal,OR,,,
REAL-1435,2022-12-10,18.78286465087085,78.29786014542509,Fatal,NH,,,
REAL-1436,2022-12-09,25.3306298303729,71.10052110253073,Fatal,SH,,,
REAL-1437,2022-12-09,25.351427364175287,70.73495622365927,Fatal,OR,,,
REAL-1438,2022-12-11,19.0644444006452,72.91927094190193,Fatal,OR,,,
REAL-1439,2022-12-11,19.261194775032525,73.18011257977878,Fatal,OR,,,
REAL-1440,2022-12-09,20.05193515382497,73.80326098389838,Fatal,OR,,,
REAL-1441,2022-12-10,29.03928749990616,79.25190615995034,Fatal,OR,,,
REAL-1442,2022-12-11,26.84543889017852,80.96577650269694,Fatal,OR,,,
REAL-1443,2022-12-10,23.74909219368704,75.10940785856674,Fatal,NH,,,
REAL-1444,2022-12-10,23.421696600526733,76.28613616017066,Fatal,NH,,,
REAL-1445,2022-12-12,30.65030247095005,78.39089821822344,Fatal,OR,,,
REAL-1446,2022-12-12,30.65917239512348,76.56745385349565,Fatal,SH,,,
REAL-1447,2022-12-12,30.666448826512912,76.70104143554114,Fatal,OR,,,
REAL-1448,2022-12-12,30.728769312490275,76.6940781333562,Fatal,OR,,,
REAL-1449,2022-12-12,15.394357367614832,74.38960940402846,Fatal,OR,,,
REAL-1450,2022-12-13,28.23214769037592,80.86197461832418,Fatal,SH,,,
REAL-1451,2022-12-13,8.601048295720922,77.29035237772716,Fatal,OR,,,
REAL-1452,2022-12-13,30.63842371511849,76.80290289612009,Fatal,NH,,,
REAL-1453,2022-12-13,30.643812812017785,76.82576046938668,Fatal,OR,,,
REAL-1454,2022-12-13,30.08183497849448,78.55953720908792,Fatal,OR,,,
REAL-1455,2022-12-13,30.46130701737488,74.5552348253167,Fatal,OR,,,
REAL-1456,2022-12-12,12.750299753590124,77.74749226469866,Fatal,SH,,,
REAL-1457,2022-12-12,13.03612022124444,77.50080560296158,Fatal,OR,,,
REAL-1458,2022-12-14,25.897675071850447,71.77176604440011,Fatal,NH,,,
REAL-1459,2022-12-14,30.684900126554208,76.74499190414471,Fatal,OR,,,
REAL-1460,2022-12-14,30.48734362378299,76.79891913719949,Fatal,NH,,,
REAL-1461,2022-12-14,30.810866555761788,76.85171151745232,Fatal,OR,,,
REAL-1462,2022-12-14,8.696155339054807,77.24974167022359,Fatal,NH,,,
REAL-1463,2022-12-15,30.693431210442192,76.6699544221498,Fatal,SH,,,
REAL-1464,2022-12-15,30.58647826398502,76.84585175212226,Fatal,NH,,,
REAL-1465,2022-12-17,26.86975570997317,80.91984789417069,Fatal,OR,,,
REAL-1466,2022-12-16,9.538467799808627,76.89153916640065,Fatal,NH,,,
REAL-1467,2022-12-15,28.68041227741485,77.55725383190614,Fatal,OR,,,
REAL-1468,2022-12-17,25.90141627994532,76.8214269562394,Fatal,OR,,,
REAL-1469,2022-12-17,22.59100902764541,75.32170877852036,Fatal,OR,,,
REAL-1470,2022-12-17,26.481584121907662,80.27662997344608,Fatal,OR,,,
REAL-1471,2022-12-17,27.35598485842003,79.13376356914402,Fatal,OR,,,
REAL-1472,2022-12-18,21.207472348882888,81.43138407972081,Fatal,NH,,,
REAL-1473,2022-12-18,21.2092996133413,81.45636826215157,Fatal,OR,,,
REAL-1474,2022-12-19,26.45125936056812,79.52251940393027,Fatal,NH,,,
REAL-1475,2022-12-19,27.92569783999121,78.0766951461395,Fatal,NH,,,
REAL-1476,2022-12-19,18.791103033740573,73.33942507747092,Fatal,NH,,,
REAL-1477,2022-12-17,12.945551345190612,79.25618068964938,Fatal,OR,,,
REAL-1478,2022-12-18,28.635991170978475,79.81397162527023,Fatal,OR,,,
REAL-1479,2022-12-18,12.948397109160258,79.25721654773433,Fatal,SH,,,
REAL-1480,2022-12-17,19.90508881337352,73.7412966069139,Fatal,OR,,,
REAL-1481,2022-12-19,10.416483933072763,76.51516136057792,Fatal,OR,,,
REAL-1482,2022-12-18,31.04997817676166,74.8325104025693,Fatal,OR,,,
REAL-1483,2022-12-18,13.148984663411442,79.33023041748176,Fatal,OR,,,
REAL-1484,2022-12-19,23.03074886193254,72.4548732079096,Fatal,OR,,,
REAL-1485,2022-12-20,30.8326794592739,75.96842155312031,Fatal,OR,,,
REAL-1486,2022-12-21,24.64242354084308,93.65379956227731,Fatal,SH,,,
REAL-1487,2022-12-20,22.30972325375101,79.18429742631339,Fatal,OR,,,
REAL-1488,2022-12-20,28.44251283882086,77.50229321657845,Fatal,NH,,,
REAL-1489,2022-12-20,28.134252903702578,77.9165463678531,Fatal,OR,,,
REAL-1490,2022-12-20,22.754767719448875,75.80483564041853,Fatal,OR,,,
REAL-1491,2022-12-19,23.460716411897742,75.68065588698633,Fatal,OR,,,
REAL-1492,2022-12-19,22.97841301080496,76.35531780503722,Fatal,NH,,,
REAL-1493,2022-12-19,24.609679505103248,92.320861479876,Fatal,NH,,,
REAL-1494,2022-12-21,22.878167905048823,86.27476231989324,Fatal,OR,,,
REAL-1495,2022-12-21,25.92390517517682,86.79486307089914,Fatal,OR,,,
REAL-1496,2022-12-21,25.012081168869063,85.50421450880712,Fatal,OR,,,
REAL-1497,2022-12-21,22.217417384267296,75.47774220959037,Fatal,SH,,,
REAL-1498,2022-12-23,27.79743874092502,88.55315509576577,Fatal,OR,,,
REAL-1499,2022-12-22,8.789434733640828,77.74335424304526,Fatal,SH,,,
REAL-1500,2022-12-21,23.13550598493663,77.45379098563042,Fatal,OR,,,
REAL-1501,2022-12-21,22.5344718503156,75.55545926944136,Fatal,OR,,,
REAL-1502,2022-12-24,21.807311125720886,78.22651285913841,Fatal,NH,,,
REAL-1503,2022-12-22,22.33131034445658,70.87918638902339,Fatal,NH,,,
REAL-1504,2022-12-23,22.50221196190783,88.31808494940438,Fatal,NH,,,
REAL-1505,2022-12-24,13.23762074835291,75.3105359404533,Fatal,OR,,,
REAL-1506,2022-12-24,29.42631258067061,77.69638889689476,Fatal,OR,,,
REAL-1507,2022-12-23,9.599991839974674,77.16139965795666,Fatal,OR,,,
REAL-1508,2022-12-24,22.818350031750544,72.7574075405846,Fatal,OR,,,
REAL-1509,2022-12-25,17.517909994790656,78.44654596487308,Fatal,OR,,,
REAL-1510,2022-12-25,12.815955764297088,75.49058688864514,Fatal,OR,,,
REAL-1511,2022-12-25,30.125616238195484,78.35483412995099,Fatal,OR,,,
REAL-1512,2022-12-25,19.42066970837381,78.81012774784739,Fatal,OR,,,
REAL-1513,2022-12-24,28.43893004749948,76.97739138772386,Fatal,OR,,,
REAL-1514,2022-12-27,27.024072347898148,79.89404264649157,Fatal,NH,,,
REAL-1515,2022-12-25,10.87362115565509,78.50199810065845,Fatal,NH,,,
REAL-1516,2022-12-26,10.561516576833649,77.35747303456479,Fatal,NH,,,
REAL-1517,2022-12-26,11.0577003672908,77.07029557218127,Fatal,SH,,,
REAL-1518,2022-12-26,11.20589257326603,77.30479362726564,Fatal,OR,,,
REAL-1519,2022-12-26,12.60384713085465,77.85378954006123,Fatal,OR,,,
REAL-1520,2022-12-26,22.504581972304937,88.33775300079792,Fatal,OR,,,
REAL-1521,2022-12-25,17.425777571800175,78.34047686462186,Fatal,OR,,,
REAL-1522,2022-12-27,12.802733157757457,75.49623294163756,Fatal,OR,,,
REAL-1523,2022-12-27,30.03477352481288,79.28524189340068,Fatal,NH,,,
REAL-1524,2022-12-26,12.954575726062693,77.70036127835277,Fatal,NH,,,
REAL-1525,2022-12-26,13.026082964679444,77.54484791257572,Fatal,SH,,,
REAL-1526,2022-12-26,21.277696364332503,81.60142241090408,Fatal,OR,,,
REAL-1527,2022-12-26,21.20229216217831,81.68238863159121,Fatal,NH,,,
REAL-1528,2022-12-27,17.46275448011798,74.7547753495017,Fatal,SH,,,
REAL-1529,2022-12-29,9.981874688952528,78.03435076784801,Fatal,NH,,,
REAL-1530,2022-12-28,24.428828820488228,86.73904514950266,Fatal,NH,,,
REAL-1531,2022-12-30,21.699095646278963,83.22761694238602,Fatal,NH,,,
REAL-1532,2022-12-29,30.5375188215104,75.95627502137594,Fatal,OR,,,
REAL-1533,2022-12-30,19.270138499744764,73.03861035689864,Fatal,NH,,,
REAL-1534,2022-12-30,19.2696022438228,73.04280091265291,Fatal,OR,,,
REAL-1535,2022-12-31,21.014419268900934,72.96274738853366,Fatal,OR,,,
REAL-1536,2022-12-31,22.553686356580563,88.34395519781927,Fatal,OR,,,
REAL-1537,2022-12-31,22.551183828647662,88.3851296863216,Fatal,OR,,,
REAL-1538,2022-12-31,22.57885120546993,88.36976981886997,Fatal,OR,,,
REAL-1539,2022-12-30,22.56167542543988,88.36729126676313,Fatal,SH,,,
REAL-1540,2022-12-31,15.3037179400986,74.4283124395779,Fatal,OR,,,
REAL-1541,2022-12-31,9.995201870345706,76.69504880136238,Fatal,OR,,,
REAL-1542,2022-12-31,17.468736111207978,78.53471899547422,Fatal,OR,,,
REAL-1543,2023-01-01,10.037175149922708,76.9420282157683,Fatal,OR,,,
REAL-1544,2022-12-30,13.028270123985434,79.2862903251307,Fatal,OR,,,
REAL-1545,2022-12-31,18.18049152506244,74.60601179548958,Fatal,OR,,,
REAL-1546,2023-01-01,14.692797900184942,74.68917529662103,Fatal,NH,,,
REAL-1547,2022-12-31,27.15982200571339,78.07897704178168,Fatal,OR,,,
REAL-1548,2023-01-01,21.45331884653214,76.42219546337257,Fatal,OR,,,
REAL-1549,2023-01-01,22.58976764682617,88.48736561893595,Fatal,OR,,,
REAL-1550,2022-12-31,17.524465521608498,80.00438226057065,Fatal,OR,,,
REAL-1551,2023-01-01,28.69972268467489,77.06946771329396,Fatal,OR,,,
REAL-1552,2022-12-30,26.461853933859054,79.51136139571986,Fatal,OR,,,
REAL-1553,2023-01-01,12.99558928481953,75.41388337538206,Fatal,OR,,,
REAL-1554,2023-01-02,28.44055910193348,77.58433884975057,Fatal,OR,,,
REAL-1555,2023-01-01,31.513194527679985,75.28719306335806,Fatal,OR,,,
REAL-1556,2023-01-01,11.064074089112388,77.03789496838768,Fatal,OR,,,
REAL-1557,2022-12-31,17.94981544142759,73.70360807086074,Fatal,OR,,,
REAL-1558,2022-12-31,21.14454956616894,81.72955356130869,Fatal,OR,,,
REAL-1559,2022-12-29,23.237494235749704,77.47280346492697,Fatal,OR,,,
REAL-1560,2022-12-20,30.93933816324132,75.88497323635437,Fatal,OR,,,
REAL-1561,2022-12-31,12.621214109836012,77.09518662658247,Fatal,NH,,,
REAL-1562,2023-01-01,11.578449688633082,77.58833498559555,Fatal,OR,,,
REAL-1563,2023-01-01,28.867869821608576,74.26076082373534,Fatal,SH,,,
REAL-1564,2023-01-01,28.29015369804516,77.06860898836098,Fatal,OR,,,
REAL-1565,2023-01-01,12.958034639059406,77.55391642187307,Fatal,NH,,,
REAL-1566,2023-01-01,27.60447223099627,75.50184480739385,Fatal,OR,,,
REAL-1567,2022-12-31,23.269182762295028,77.4087917570041,Fatal,OR,,,
REAL-1568,2023-01-01,22.55833131566401,83.48838360116625,Fatal,NH,,,
REAL-1569,2023-01-01,27.600270636716093,78.0483115804128,Fatal,OR,,,
REAL-1570,2022-12-31,26.90632797415877,75.77227415264873,Fatal,OR,,,
REAL-1571,2023-01-01,12.700599839230854,79.16701834148003,Fatal,OR,,,
REAL-1572,2023-01-01,13.041348652085198,79.29105090935902,Fatal,SH,,,
REAL-1573,2023-01-01,17.42744157524595,78.43639703594485,Fatal,OR,,,
REAL-1574,2023-01-01,23.23510458573922,87.07799092445548,Fatal,OR,,,
REAL-1575,2023-01-01,25.676832922609933,76.46663111525275,Fatal,OR,,,
REAL-1576,2023-01-01,19.268607458209164,73.03687758523353,Fatal,NH,,,
REAL-1577,2023-01-01,19.29389811328842,73.04240638809283,Fatal,OR,,,
REAL-1578,2023-01-03,23.83309468099323,79.4390485416747,Fatal,OR,,,
REAL-1579,2023-01-02,29.41907560313193,74.8164360669881,Fatal,OR,,,
REAL-1580,2023-01-02,29.58286067971856,74.32721141872302,Fatal,OR,,,
REAL-1581,2023-01-01,19.61908523628316,75.79652584397118,Fatal,OR,,,
REAL-1582,2023-01-03,18.57400556726733,81.3049380264853,Fatal,SH,,,
REAL-1583,2022-12-31,12.88040438743621,77.44675163586399,Fatal,NH,,,
REAL-1584,2022-12-31,13.21137839593066,77.64651965848223,Fatal,OR,,,
REAL-1585,2023-01-01,14.943117742080767,76.82361577380387,Fatal,OR,,,
REAL-1586,2023-01-01,13.070615736389746,77.2442391567795,Fatal,OR,,,
REAL-1587,2023-01-03,11.320139718389912,78.66453085749393,Fatal,OR,,,
REAL-1588,2022-12-31,18.43299491780472,73.83789595923643,Fatal,NH,,,
REAL-1589,2023-01-02,13.052789790278402,75.38945875955112,Fatal,OR,,,
REAL-1590,2023-01-01,24.49193444233388,87.53769544911695,Fatal,SH,,,
REAL-1591,2022-12-31,19.23130560920933,72.85676639435174,Fatal,OR,,,
REAL-1592,2023-01-02,25.754420818971376,71.39530660362034,Fatal,OR,,,
REAL-1593,2023-01-01,22.61166164644346,88.28917982629315,Fatal,OR,,,
REAL-1594,2023-01-03,10.36324448213771,77.97078818001455,Fatal,OR,,,
REAL-1595,2023-01-02,22.57878807625017,88.30775751442663,Fatal,OR,,,
REAL-1596,2023-01-01,13.12741870260027,79.3223804077465,Fatal,OR,,,
REAL-1597,2022-12-31,19.924698361094134,73.71674896905081,Fatal,NH,,,
REAL-1598,2023-01-02,28.98987850583158,79.41540573010913,Fatal,OR,,,
REAL-1599,2023-01-02,18.7577183925427,73.40546804471163,Fatal,OR,,,
REAL-1600,2023-01-03,10.052348390065548,76.67064723744201,Fatal,NH,,,
REAL-1601,2023-01-03,28.62358606368807,77.02758674923975,Fatal,OR,,,
REAL-1602,2023-01-02,18.650326486154466,73.88212194946203,Fatal,NH,,,
REAL-1603,2023-01-03,13.10745245144666,79.31511269232658,Fatal,OR,,,
REAL-1604,2023-01-02,25.924969520756463,72.25993127952653,Fatal,OR,,,
REAL-1605,2023-01-02,25.92478766676804,72.25961288516892,Fatal,OR,,,
REAL-1606,2023-01-03,21.314978785926662,76.21968271601573,Fatal,OR,,,
REAL-1607,2023-01-03,12.813962455900006,75.49143803133069,Fatal,OR,,,
REAL-1608,2023-01-02,28.496235398546915,77.1837104111367,Fatal,OR,,,
REAL-1609,2023-01-03,13.066510318831137,79.30020975605453,Fatal,OR,,,
REAL-1610,2023-01-05,17.5168491481395,76.78376790475305,Fatal,OR,,,
REAL-1611,2023-01-03,19.14072697497783,72.84338494205106,Fatal,OR,,,
REAL-1612,2023-01-04,10.966384865224082,76.80006474741523,Fatal,OR,,,
REAL-1613,2023-01-04,22.565465783934,88.36877744585061,Fatal,SH,,,
REAL-1614,2023-01-04,28.200517251626668,76.62438637188103,Fatal,OR,,,
REAL-1615,2023-01-02,20.00499824064435,73.80772491880202,Fatal,OR,,,
REAL-1616,2023-01-03,20.004463920887577,73.80751034207185,Fatal,OR,,,
REAL-1617,2023-01-04,21.15676352024994,79.10438102862378,Fatal,OR,,,
REAL-1618,2023-01-03,29.23761517534749,75.64784279902739,Fatal,OR,,,
REAL-1619,2023-01-03,10.125250734325167,76.63951793644314,Fatal,OR,,,
REAL-1620,2023-01-04,25.820345958262745,72.57398667107492,Fatal,SH,,,
REAL-1621,2023-01-05,19.95283147620836,73.83925949974353,Fatal,NH,,,
REAL-1622,2023-01-05,20.01318477659503,73.74218934157051,Fatal,OR,,,
REAL-1623,2023-01-06,11.105508073011562,78.58640493857621,Fatal,OR,,,
REAL-1624,2023-01-06,26.53307634013229,72.97960627109842,Fatal,OR,,,
REAL-1625,2023-01-05,30.41990424476116,74.60157749586261,Fatal,OR,,,
REAL-1626,2023-01-06,21.76395797273016,81.80925847758728,Fatal,NH,,,
REAL-1627,2023-01-07,24.97876770532279,87.19793192330118,Fatal,OR,,,
REAL-1628,2023-01-07,10.802228502569529,78.47601117493531,Fatal,OR,,,
REAL-1629,2023-01-07,26.511849254741424,80.24593405760726,Fatal,NH,,,
REAL-1630,2023-01-05,26.80786767080468,75.85499513620294,Fatal,OR,,,
REAL-1631,2023-01-07,23.23260946866746,77.39507189917272,Fatal,OR,,,
REAL-1632,2023-01-08,17.936889128305822,81.07302764270332,Fatal,OR,,,
REAL-1633,2023-01-07,20.00984340376168,73.80761369526942,Fatal,OR,,,
REAL-1634,2023-01-08,26.546319279809325,80.48673997245287,Fatal,NH,,,
REAL-1635,2023-01-09,10.179454829991526,76.61637278759362,Fatal,OR,,,
REAL-1636,2023-01-09,22.740967789788687,75.88867984164288,Fatal,OR,,,
REAL-1637,2023-01-10,12.416184378576691,76.69516161629873,Fatal,OR,,,
REAL-1638,2023-01-10,9.994520324440138,76.69533982146406,Fatal,OR,,,
REAL-1639,2023-01-11,19.95393071834278,73.83776819146888,Fatal,NH,,,
REAL-1640,2023-01-11,26.87005769600412,80.9465207415041,Fatal,OR,,,
REAL-1641,2023-01-10,26.13879459814434,79.33098680734408,Fatal,OR,,,
REAL-1642,2023-01-12,20.00978683520233,73.80755328018628,Fatal,NH,,,
REAL-1643,2023-01-12,12.41618767446161,76.69514474531208,Fatal,OR,,,
REAL-1644,2023-01-11,22.71257533508936,85.93985307259977,Fatal,OR,,,
REAL-1645,2023-01-13,24.99651812987265,81.62720927120994,Fatal,OR,,,
REAL-1646,2023-01-14,28.524158243116545,77.51794183626313,Fatal,OR,,,
REAL-1647,2023-01-13,18.923236083772085,73.18600950603829,Fatal,OR,,,
REAL-1648,2023-01-13,30.761430472146674,76.79048413476853,Fatal,OR,,,
REAL-1649,2023-01-15,9.961796349268864,76.70931295886218,Fatal,OR,,,
REAL-1650,2023-01-15,25.49948610200275,81.8564749372517,Fatal,OR,,,
REAL-1651,2023-01-15,30.835311865485288,76.19253077080046,Fatal,NH,,,
REAL-1652,2023-01-17,13.42738553458348,75.22950637673284,Fatal,OR,,,
REAL-1653,2023-01-16,17.508827819959855,80.91721332646539,Fatal,NH,,,
REAL-1654,2023-01-16,17.64997009165116,80.96858911336102,Fatal,OR,,,
REAL-1655,2023-01-15,23.15799017850708,75.84515074385043,Fatal,OR,,,
REAL-1656,2023-01-16,22.36285394686756,82.72958307374107,Fatal,OR,,,
REAL-1657,2023-01-17,22.362881310165328,82.72970971505987,Fatal,OR,,,
REAL-1658,2023-01-18,28.66972993610329,77.26287931544319,Fatal,OR,,,
REAL-1659,2023-01-18,12.585572680603262,77.04370090233331,Fatal,OR,,,
REAL-1660,2023-01-19,25.60427472379467,85.09775919569167,Fatal,OR,,,
REAL-1661,2023-01-19,21.016924554312656,78.99492470433324,Fatal,SH,,,
REAL-1662,2023-01-19,9.959401388680757,76.71033560703331,Fatal,OR,,,
REAL-1663,2023-01-18,14.755958066340082,78.54803298728615,Fatal,SH,,,
REAL-1664,2023-01-19,16.39982044068534,80.51353464040946,Fatal,NH,,,
REAL-1665,2023-01-20,17.72486042907055,80.99584919618168,Fatal,SH,,,
REAL-1666,2023-01-21,22.26788667536665,82.77602290592881,Fatal,SH,,,
REAL-1667,2023-01-20,32.65853649772487,75.50802673551445,Fatal,OR,,,
REAL-1668,2023-01-20,19.10844960055818,72.87856966107661,Fatal,OR,,,
REAL-1669,2023-01-20,17.594423354664716,80.31430272073665,Fatal,NH,,,
REAL-1670,2023-01-21,27.7079936033048,74.47863863234508,Fatal,SH,,,
REAL-1671,2023-01-22,22.648663271326413,72.43546575092567,Fatal,OR,,,
REAL-1672,2023-01-23,20.67814877136634,85.58354190238664,Fatal,OR,,,
REAL-1673,2023-01-22,31.504479002562665,78.17415666263153,Fatal,NH,,,
REAL-1674,2023-01-21,17.743172935586,81.0025149485533,Fatal,NH,,,
REAL-1675,2023-01-22,17.743178844329105,81.00251709933579,Fatal,SH,,,
REAL-1676,2023-01-23,31.10771282045722,77.21051176523412,Fatal,NH,,,
REAL-1677,2023-01-22,10.949280353620685,78.52953804871792,Fatal,OR,,,
REAL-1678,2023-01-23,13.041369405650968,79.29105846365695,Fatal,OR,,,
REAL-1679,2023-01-23,27.61358064000421,75.13320676606733,Fatal,OR,,,
REAL-1680,2023-01-22,23.2523014365116,77.44309616879049,Fatal,OR,,,
REAL-1681,2023-01-24,12.24897830394698,78.1962311280124,Fatal,OR,,,
REAL-1682,2023-01-25,21.173108380454853,72.95847956993534,Fatal,NH,,,
REAL-1683,2023-01-25,13.579198608891383,79.29604008077945,Fatal,NH,,,
REAL-1684,2023-01-25,26.024399610149214,89.97424763522078,Fatal,OR,,,
REAL-1685,2023-01-25,25.553402437310474,84.87014290282649,Fatal,OR,,,
REAL-1686,2023-01-25,24.49839270048996,79.3851566668203,Fatal,OR,,,
REAL-1687,2023-01-27,27.062610824255845,88.46261371304684,Fatal,SH,,,
REAL-1688,2023-01-26,10.814790239497954,78.48058364717726,Fatal,OR,,,
REAL-1689,2023-01-27,28.68821879083067,77.16176322272942,Fatal,OR,,,
REAL-1690,2023-01-27,18.6330605836499,73.85000951084575,Fatal,NH,,,
REAL-1691,2023-01-27,16.349605899435552,79.36681140894207,Fatal,OR,,,
REAL-1692,2023-01-28,28.292671092634745,74.97303805273314,Fatal,NH,,,
REAL-1693,2023-01-28,24.84970880051635,92.7733648245042,Fatal,SH,,,
REAL-1694,2023-01-28,16.318534344564483,80.43663462952853,Fatal,OR,,,
REAL-1695,2023-01-29,11.255841919075452,78.64112645854347,Fatal,SH,,,
REAL-1696,2023-01-29,23.271512243206217,76.14829219561999,Fatal,NH,,,
REAL-1697,2023-01-30,19.986600329913983,72.7587092352432,Fatal,SH,,,
REAL-1698,2023-01-30,32.390068775586386,75.53047191128731,Fatal,NH,,,
REAL-1699,2023-01-31,19.91697960111273,72.93744106529331,Fatal,NH,,,
REAL-1700,2023-01-30,17.31837592801529,78.58667691737277,Fatal,OR,,,
REAL-1701,2023-01-31,17.35115808879119,78.36359413005538,Fatal,NH,,,
REAL-1702,2023-01-30,23.364299797079862,77.39996899071792,Fatal,OR,,,
REAL-1703,2023-02-01,28.97661472026322,77.93058345128686,Fatal,OR,,,
REAL-1704,2023-02-01,22.716347189505875,75.84760957495385,Fatal,OR,,,
REAL-1705,2023-02-02,28.47867818997804,77.0695835884793,Fatal,NH,,,
REAL-1706,2023-02-03,22.99348766630561,72.63200095505154,Fatal,OR,,,
REAL-1707,2023-02-03,26.529857996644417,80.45974618979199,Fatal,NH,,,
REAL-1708,2023-02-03,17.41076469707244,78.3974270663452,Fatal,OR,,,
REAL-1709,2023-02-02,28.68323379129585,77.51062172515469,Fatal,NH,,,
REAL-1710,2023-02-03,22.471240210835514,88.38570025156555,Fatal,OR,,,
REAL-1711,2023-02-03,18.79439549862432,74.09452723812849,Fatal,SH,,,
REAL-1712,2023-02-04,17.59284230210187,78.40756232574495,Fatal,OR,,,
REAL-1713,2023-02-04,22.3042221163444,88.69628919976856,Fatal,SH,,,
REAL-1714,2023-02-04,30.556312440427465,76.7960771774335,Fatal,OR,,,
REAL-1715,2023-02-04,21.20362019302649,81.33008816487066,Fatal,OR,,,
REAL-1716,2023-02-05,22.77305901605205,81.9614600576058,Fatal,SH,,,
REAL-1717,2023-02-05,18.48009831625044,81.27075578711516,Fatal,SH,,,
REAL-1718,2023-02-04,23.02342247948481,74.5204417894011,Fatal,SH,,,
REAL-1719,2023-02-05,13.134075950653155,78.12809290678786,Fatal,SH,,,
REAL-1720,2023-02-05,8.76982405603802,77.21828512807176,Fatal,SH,,,
REAL-1721,2023-02-06,19.97290894947795,73.82294511554244,Fatal,OR,,,
REAL-1722,2023-02-06,20.03575836111977,73.86327345872316,Fatal,NH,,,
REAL-1723,2023-02-05,19.999959987251188,73.92352063082193,Fatal,SH,,,
REAL-1724,2023-02-06,19.75830025817645,83.74343829880976,Fatal,OR,,,
REAL-1725,2023-02-06,18.08966829915761,81.12863926089337,Fatal,NH,,,
REAL-1726,2023-02-07,23.10147907361485,77.46860029561503,Fatal,OR,,,
REAL-1727,2023-02-06,18.49631458013335,73.97112235587963,Fatal,NH,,,
REAL-1728,2023-02-07,27.1114680971091,78.57630170633787,Fatal,NH,,,
REAL-1729,2023-02-07,29.2802784958117,78.79117307025125,Fatal,OR,,,
REAL-1730,2023-02-08,25.18952492193559,75.85934569952862,Fatal,SH,,,
REAL-1731,2023-02-08,20.26728195273725,81.49265332710237,Fatal,SH,,,
REAL-1732,2023-02-08,25.54320893689169,83.18793058034369,Fatal,OR,,,
REAL-1733,2023-02-09,17.741056612988817,81.00174460712793,Fatal,SH,,,
REAL-1734,2023-02-09,17.728932279107074,80.99733134959497,Fatal,OR,,,
REAL-1735,2023-02-09,28.025298803197632,78.11343158507096,Fatal,OR,,,
REAL-1736,2023-02-09,25.58017738443135,84.76855965655673,Fatal,NH,,,
REAL-1737,2023-02-10,26.350985139019823,87.38147903838905,Fatal,OR,,,
REAL-1738,2023-02-10,29.02950768655139,77.0726051144711,Fatal,NH,,,
REAL-1739,2023-02-11,13.41268426570095,76.62146320014271,Fatal,NH,,,
REAL-1740,2023-02-10,25.886353793330183,71.88867735043006,Fatal,OR,,,
REAL-1741,2023-02-11,28.61356931884052,79.75231519143145,Fatal,OR,,,
REAL-1742,2023-02-12,13.118641458884111,79.31918549103382,Fatal,NH,,,
REAL-1743,2023-02-12,28.138122001416985,77.60696573144877,Fatal,OR,,,
REAL-1744,2023-02-12,28.66918084859994,75.04007199579694,Fatal,OR,,,
REAL-1745,2023-02-13,25.54850499137775,87.56351374547623,Fatal,NH,,,
REAL-1746,2023-02-13,28.72840633462268,77.1983702957991,Fatal,OR,,,
REAL-1747,2023-02-13,28.7584378219427,77.1901114138027,Fatal,OR,,,
REAL-1748,2023-02-13,28.73704917889832,77.1687362900571,Fatal,OR,,,
REAL-1749,2023-02-14,21.58399000369459,88.26299668208235,Fatal,NH,,,
REAL-1750,2023-02-13,16.747931785167136,74.28055577538667,Fatal,NH,,,
REAL-1751,2023-02-13,19.913677412915188,72.93856526126405,Fatal,NH,,,
REAL-1752,2023-02-14,17.45466631734385,78.13356882175847,Fatal,NH,,,
REAL-1753,2023-02-14,25.60013783649366,85.12578543239339,Fatal,NH,,,
REAL-1754,2023-02-15,25.62471702732815,80.40424412139579,Fatal,NH,,,
REAL-1755,2023-02-15,20.04103679373564,74.48479123416908,Fatal,SH,,,
REAL-1756,2023-02-16,28.662225232292823,79.37041003555649,Fatal,OR,,,
REAL-1757,2023-02-16,25.183601540650407,80.86848391398587,Fatal,SH,,,
REAL-1758,2023-02-16,16.653144705285644,80.60574467272397,Fatal,OR,,,
REAL-1759,2023-02-17,21.197535772618984,72.77030615651559,Fatal,OR,,,
REAL-1760,2023-02-17,21.196597061210024,72.79678750866093,Fatal,OR,,,
REAL-1761,2023-02-17,33.08017567354572,74.83694548247958,Fatal,OR,,,
REAL-1762,2023-02-17,16.702486802598482,74.23166689391631,Fatal,SH,,,
REAL-1763,2023-02-18,30.349064447501075,76.83356436702338,Fatal,OR,,,
REAL-1764,2023-02-18,23.16778544314543,77.32696935004472,Fatal,OR,,,
REAL-1765,2023-02-18,11.111194192253992,77.3490824237286,Fatal,OR,,,
REAL-1766,2023-02-19,20.036813704707924,73.86492458204242,Fatal,NH,,,
REAL-1767,2023-02-19,20.0238584345291,73.72272169879399,Fatal,OR,,,
REAL-1768,2023-02-19,11.06295945768091,78.60036588162819,Fatal,OR,,,
REAL-1769,2023-02-20,12.56873552909432,76.99957709538816,Fatal,NH,,,
REAL-1770,2023-02-21,30.75141030221946,76.63601616448382,Fatal,NH,,,
REAL-1771,2023-02-21,18.89833286251296,81.42299316195471,Fatal,SH,,,
REAL-1772,2023-02-21,17.69075654219841,80.98343538136022,Fatal,SH,,,
REAL-1773,2023-02-22,27.635666524505297,78.06391030227562,Fatal,OR,,,
REAL-1774,2023-02-22,27.45255388500162,78.1411516063499,Fatal,OR,,,
REAL-1775,2023-02-22,27.68302557586188,78.38330210747289,Fatal,NH,,,
REAL-1776,2023-02-22,12.400595787495735,78.21790335543135,Fatal,NH,,,
REAL-1777,2023-02-22,17.393421354353578,78.43307259943855,Fatal,OR,,,
REAL-1778,2023-02-22,23.655354224043315,71.95050359563133,Fatal,OR,,,
REAL-1779,2023-02-23,13.163129541101052,79.33537915296078,Fatal,NH,,,
REAL-1780,2023-02-23,28.63069706412048,79.80091977497594,Fatal,OR,,,
REAL-1781,2023-02-24,20.71380569583725,86.1458883888021,Fatal,OR,,,
REAL-1782,2023-02-24,28.03511879636801,79.12208580926463,Fatal,NH,,,
REAL-1783,2023-02-23,11.496156545955508,78.65090563505865,Fatal,OR,,,
REAL-1784,2023-02-24,22.27395043789818,73.15556502016597,Fatal,OR,,,
REAL-1785,2023-02-24,14.410595240898246,77.71677105329138,Fatal,SH,,,
REAL-1786,2023-02-24,10.984226473584144,77.06208937861989,Fatal,OR,,,
REAL-1787,2023-02-25,23.564966521009897,85.51827995523895,Fatal,OR,,,
REAL-1788,2023-02-26,28.60463551318197,77.13928890774781,Fatal,OR,,,
REAL-1789,2023-02-26,16.642348784132633,80.60181495742428,Fatal,OR,,,
REAL-1790,2023-02-26,13.00309921125404,79.27712811289646,Fatal,OR,,,
REAL-1791,2023-02-26,26.14836788390282,94.25190209751244,Fatal,SH,,,
REAL-1792,2023-02-27,27.48540830302259,77.68420701981113,Fatal,SH,,,
REAL-1793,2023-02-27,21.323118202859387,72.94009101091191,Fatal,SH,,,
REAL-1794,2023-02-27,21.09978593298577,73.23359911090596,Fatal,NH,,,
REAL-1795,2023-02-27,22.963719755005297,76.04103684495739,Fatal,OR,,,
REAL-1796,2023-02-27,23.172463206948912,75.7938766040389,Fatal,SH,,,
REAL-1797,2023-02-28,25.75952281088887,71.40905025522528,Fatal,OR,,,
REAL-1798,2023-02-28,17.41953190160989,78.38682215493436,Fatal,OR,,,
REAL-1799,2023-03-01,27.532641662667373,77.76155895227633,Fatal,NH,,,
REAL-1800,2023-03-01,27.72941677523217,78.62487273433857,Fatal,OR,,,
REAL-1801,2023-02-28,19.28721340063112,73.05359494857555,Fatal,NH,,,
REAL-1802,2023-03-01,17.826418638423103,81.03281638438601,Fatal,OR,,,
REAL-1803,2023-03-02,28.38030673644645,77.17123485709538,Fatal,OR,,,
REAL-1804,2023-03-03,12.506301421564856,79.09629371744961,Fatal,NH,,,
REAL-1805,2023-03-03,12.781820796354866,79.19658276987317,Fatal,NH,,,
REAL-1806,2023-03-02,28.677641124586483,77.35772429579728,Fatal,SH,,,
REAL-1807,2023-03-03,28.564461548874235,77.17831944243868,Fatal,OR,,,
REAL-1808,2023-03-03,22.700909866754937,75.87590461094962,Fatal,OR,,,
REAL-1809,2023-03-04,26.99153819715475,71.3139033954726,Fatal,NH,,,
REAL-1810,2023-03-04,26.998228935128232,71.07666298871925,Fatal,OR,,,
REAL-1811,2023-03-04,26.355271408673943,72.2303974110623,Fatal,OR,,,
REAL-1812,2023-03-04,29.33232045743152,80.09371356279989,Fatal,OR,,,
REAL-1813,2023-03-05,29.278219403602304,78.83104556181792,Fatal,NH,,,
REAL-1814,2023-03-05,22.48316324791414,75.94264156585476,Fatal,OR,,,
REAL-1815,2023-03-05,28.63700909089924,77.11576511867642,Fatal,OR,,,
REAL-1816,2023-03-06,28.660650057276985,77.18358612967157,Fatal,OR,,,
REAL-1817,2023-03-06,23.326833798525776,77.4039347191681,Fatal,OR,,,
REAL-1818,2023-03-06,30.899531332832087,77.02292180786368,Fatal,NH,,,
REAL-1819,2023-03-06,24.752130921540008,78.83266744348137,Fatal,NH,,,
REAL-1820,2023-03-05,17.05400888550831,79.26573834777881,Fatal,SH,,,
REAL-1821,2023-03-07,22.58582528972504,88.28579398062789,Fatal,OR,,,
REAL-1822,2023-03-07,30.50914220674196,77.36354745539467,Fatal,NH,,,
REAL-1823,2023-03-08,19.693824475310084,73.57101734000653,Fatal,OR,,,
REAL-1824,2023-03-08,12.816215625950615,79.20910248784602,Fatal,NH,,,
REAL-1825,2023-03-08,18.604791909996045,73.72808986772682,Fatal,OR,,,
REAL-1826,2023-03-09,26.425431684961872,80.17028082269964,Fatal,OR,,,
REAL-1827,2023-03-09,26.38091193084999,79.95236990920769,Fatal,OR,,,
REAL-1828,2023-03-09,25.952207042130503,80.15526426751072,Fatal,SH,,,
REAL-1829,2023-03-09,28.604153068440787,77.09427306134901,Fatal,OR,,,
REAL-1830,2023-03-09,17.445483054137515,80.89415583170606,Fatal,OR,,,
REAL-1831,2023-03-10,27.923955876067,79.8228828129718,Fatal,OR,,,
REAL-1832,2023-03-10,30.693672192458152,76.37940392910018,Fatal,OR,,,
REAL-1833,2023-03-10,20.435864688498064,81.30538272460667,Fatal,OR,,,
REAL-1834,2023-03-10,21.11216578056685,82.09571512439688,Fatal,NH,,,
REAL-1835,2023-03-09,22.02191283383127,82.96121996674816,Fatal,OR,,,
REAL-1836,2023-03-10,22.50462825590992,82.54522766676159,Fatal,NH,,,
REAL-1837,2023-03-10,22.079494679854644,82.14030363605772,Fatal,NH,,,
REAL-1838,2023-03-09,23.352465678952587,77.48584369376677,Fatal,SH,,,
REAL-1839,2023-03-10,21.128438672968088,79.11308059556073,Fatal,SH,,,
REAL-1840,2023-03-10,21.20070737240048,72.83117220905311,Fatal,OR,,,
REAL-1841,2023-03-11,15.61260525203423,74.29641755738137,Fatal,OR,,,
REAL-1842,2023-03-11,22.73575567938444,75.96764645327764,Fatal,OR,,,
REAL-1843,2023-03-11,19.7971398237136,72.74161276483503,Fatal,OR,,,
REAL-1844,2023-03-12,13.107473226228471,79.31512025434716,Fatal,OR,,,
REAL-1845,2023-03-12,12.120875589019194,78.15242689411538,Fatal,OR,,,
REAL-1846,2023-03-12,10.876011564202727,78.5028682093698,Fatal,OR,,,
REAL-1847,2023-03-11,24.92185862691869,86.22392053428582,Fatal,NH,,,
REAL-1848,2023-03-12,12.971856332312628,79.26575570496179,Fatal,SH,,,
REAL-1849,2023-03-11,26.24804687686837,82.04854952826037,Fatal,NH,,,
REAL-1850,2023-03-12,26.99101233570847,78.57987472457431,Fatal,OR,,,
REAL-1851,2023-03-13,25.25847168998199,87.2576984821901,Fatal,OR,,,
REAL-1852,2023-03-13,18.541330822820623,78.22511289364212,Fatal,OR,,,
REAL-1853,2023-03-14,30.133160901191047,75.79733969585159,Fatal,SH,,,
REAL-1854,2023-03-12,17.47033808434841,78.3592432979106,Fatal,OR,,,
REAL-1855,2023-03-14,12.916613216838668,77.6231252030437,Fatal,OR,,,
REAL-1856,2023-03-15,12.953625059403288,77.54537348982699,Fatal,OR,,,
REAL-1857,2023-03-15,15.413179533185945,74.3815723393296,Fatal,NH,,,
REAL-1858,2023-03-14,23.21994935640853,77.48939633256278,Fatal,OR,,,
REAL-1859,2023-03-14,21.859620821365688,80.10667517124682,Fatal,NH,,,
REAL-1860,2023-03-16,23.24752587627288,77.4390617035431,Fatal,OR,,,
REAL-1861,2023-03-16,15.476902912090956,74.35436245653716,Fatal,OR,,,
REAL-1862,2023-03-17,12.92509655490791,75.44398377105432,Fatal,SH,,,
REAL-1863,2023-03-17,33.87227068902071,74.8981725551864,Fatal,OR,,,
REAL-1864,2023-03-17,15.557999613609708,74.31973416498865,Fatal,OR,,,
REAL-1865,2023-03-18,10.890277518040069,78.50806101656659,Fatal,OR,,,
REAL-1866,2023-03-17,17.40143950321319,78.56118302395446,Fatal,NH,,,
REAL-1867,2023-03-18,18.598929531576108,81.3140103494937,Fatal,SH,,,
REAL-1868,2023-03-19,29.921224052858303,78.7494101037674,Fatal,OR,,,
REAL-1869,2023-03-20,13.163475782988757,79.3355051850079,Fatal,NH,,,
REAL-1870,2023-03-20,20.88764173542081,76.20258696969705,Fatal,NH,,,
REAL-1871,2023-03-21,22.46929481714896,87.97077795802866,Fatal,NH,,,
REAL-1872,2023-03-21,13.498775573490471,79.45755430875053,Fatal,NH,,,
REAL-1873,2023-03-21,28.30216715369752,78.93737890927409,Fatal,OR,,,
REAL-1874,2023-03-22,22.47752553098864,73.54509718025132,Fatal,SH,,,
REAL-1875,2023-03-22,9.91577520689366,78.13533240594049,Fatal,OR,,,
REAL-1876,2023-03-23,16.938739804274626,80.70970128875597,Fatal,OR,,,
REAL-1877,2023-03-23,22.628736104053228,75.80688630526035,Fatal,NH,,,
REAL-1878,2023-03-22,25.63084949673489,85.11847639990069,Fatal,OR,,,
REAL-1879,2023-03-23,12.817659303042586,79.2096279863075,Fatal,NH,,,
REAL-1880,2023-03-24,30.90792911127208,74.54982229588168,Fatal,SH,,,
REAL-1881,2023-03-24,22.6810038446497,75.61568141314599,Fatal,NH,,,
REAL-1882,2023-03-24,29.207729359434605,80.05255621784814,Fatal,OR,,,
REAL-1883,2023-03-25,25.77443234609684,73.32995743987973,Fatal,SH,,,
REAL-1884,2023-03-25,25.8045257901479,73.32847181963568,Fatal,SH,,,
REAL-1885,2023-03-24,24.974435754815755,92.57073628403673,Fatal,OR,,,
REAL-1886,2023-03-24,22.837367790515938,74.25489130462206,Fatal,SH,,,
REAL-1887,2023-03-25,19.1006817216928,72.91464020775827,Fatal,OR,,,
REAL-1888,2023-03-25,16.590846468990318,74.31345338011027,Fatal,OR,,,
REAL-1889,2023-03-25,16.714498269856126,74.46349589529295,Fatal,OR,,,
REAL-1890,2023-03-26,26.79098194522772,79.03458473991348,Fatal,NH,,,
REAL-1891,2023-03-26,22.11974361493067,81.26294804162548,Fatal,OR,,,
REAL-1892,2023-03-26,13.064098973502292,79.29933202635483,Fatal,NH,,,
REAL-1893,2023-03-26,19.9236765641606,73.71709342049778,Fatal,OR,,,
REAL-1894,2023-03-27,22.70596168474931,75.92424781094977,Fatal,OR,,,
REAL-1895,2023-03-28,22.64186097749554,75.88190831094798,Fatal,OR,,,
REAL-1896,2023-03-28,9.735206016029098,77.78994570884457,Fatal,OR,,,
REAL-1897,2023-03-29,17.679892061174687,79.60535739547875,Fatal,NH,,,
REAL-1898,2023-03-29,19.125838739849623,77.31349003362546,Fatal,NH,,,
REAL-1899,2023-03-29,30.714828436522865,76.6912179763154,Fatal,NH,,,
REAL-1900,2023-03-29,18.157311206356123,79.71528494917405,Fatal,NH,,,
REAL-1901,2023-03-30,21.49482897114961,83.9803901090609,Fatal,NH,,,
REAL-1902,2023-03-30,13.11689003429553,77.60816184447648,Fatal,NH,,,
REAL-1903,2023-03-30,25.40304055279377,76.07311316141266,Fatal,SH,,,
REAL-1904,2023-03-30,18.450406516026728,81.25994797183372,Fatal,SH,,,
REAL-1905,2023-03-30,17.367120596620456,80.86563189716985,Fatal,NH,,,
REAL-1906,2023-03-30,22.692533996459403,75.86776842784847,Fatal,OR,,,
REAL-1907,2023-03-31,27.127663956484888,72.36765128949328,Fatal,OR,,,
REAL-1908,2023-03-30,28.45772429263937,77.07133946702187,Fatal,OR,,,
REAL-1909,2023-03-30,29.593335188859783,75.06850713702296,Fatal,OR,,,
REAL-1910,2023-03-31,25.505211697365453,81.86680967789664,Fatal,NH,,,
REAL-1911,2023-04-01,22.560175061997256,88.34842541892549,Fatal,OR,,,
REAL-1912,2023-03-31,21.549316324416324,84.08549431200336,Fatal,OR,,,
REAL-1913,2023-04-02,30.739160261180874,78.38705460367342,Fatal,NH,,,
REAL-1914,2023-03-31,28.28118396083902,76.8573095553763,Fatal,OR,,,
REAL-1915,2023-03-31,28.292388760284624,76.85081106891568,Fatal,OR,,,
REAL-1916,2023-03-30,20.006810800000004,73.82907051547642,Fatal,OR,,,
REAL-1917,2023-04-02,28.68975218518272,77.15284853969729,Fatal,SH,,,
REAL-1918,2023-04-03,17.683412580042823,80.98076217913558,Fatal,SH,,,
REAL-1919,2023-04-02,10.629017102973886,78.41296222548249,Fatal,OR,,,
REAL-1920,2023-04-01,29.27707987653549,77.73198330383843,Fatal,OR,,,
REAL-1921,2023-04-03,25.04151482302364,79.67594136903999,Fatal,OR,,,
REAL-1922,2023-04-03,23.131001744185244,72.54113402849829,Fatal,NH,,,
REAL-1923,2023-04-02,12.930613594464605,77.54342051445626,Fatal,OR,,,
REAL-1924,2023-04-02,13.21270671326738,77.25706492244831,Fatal,NH,,,
REAL-1925,2023-04-04,18.747029322036084,73.50182810952452,Fatal,NH,,,
REAL-1926,2023-04-04,22.554461384066304,88.3498626900912,Fatal,OR,,,
REAL-1927,2023-04-04,22.89569541954505,88.38194903784427,Fatal,OR,,,
REAL-1928,2023-04-02,19.644750819725,73.58795868496483,Fatal,OR,,,
REAL-1929,2023-04-02,19.97086818789485,75.37618209267553,Fatal,NH,,,
REAL-1930,2023-04-06,27.38665831377612,82.11578040716533,Fatal,NH,,,
REAL-1931,2023-04-03,18.4581321002698,73.8857624000292,Fatal,OR,,,
REAL-1932,2023-04-06,11.143644943472834,77.13599671196714,Fatal,OR,,,
REAL-1933,2023-04-06,12.971812074654078,77.58485023640233,Fatal,OR,,,
REAL-1934,2023-04-05,20.185983804269025,76.00922235448691,Fatal,OR,,,
REAL-1935,2023-04-06,13.06635121695945,77.6408056811058,Fatal,OR,,,
REAL-1936,2023-04-07,20.250493535643056,74.43753322923654,Fatal,OR,,,
REAL-1937,2023-04-06,27.31843744177335,77.07591526839532,Fatal,SH,,,
REAL-1938,2023-04-08,19.181433012183504,72.86765313751188,Fatal,OR,,,
REAL-1939,2023-04-08,26.40998183866865,84.0196292003985,Fatal,OR,,,
REAL-1940,2023-04-06,24.40310686241705,85.48702862929295,Fatal,NH,,,
REAL-1941,2023-04-07,19.693384337125394,73.56576786265454,Fatal,OR,,,
REAL-1942,2023-04-07,23.26144182018956,77.37028704506541,Fatal,OR,,,
REAL-1943,2023-04-06,19.03051888682999,78.08491943714861,Fatal,OR,,,
REAL-1944,2023-04-07,19.10521710167578,77.96406476339503,Fatal,OR,,,
REAL-1945,2023-04-08,18.13149621176193,74.57297900680291,Fatal,OR,,,
REAL-1946,2023-04-08,27.16638157014947,76.73994763408493,Fatal,OR,,,
REAL-1947,2023-04-08,13.013171225005417,75.40637588692267,Fatal,OR,,,
REAL-1948,2023-04-10,22.607154278500804,88.41535569419973,Fatal,OR,,,
REAL-1949,2023-04-09,10.07952354475091,76.65904344639135,Fatal,NH,,,
REAL-1950,2023-04-09,21.65515313387467,82.15363772261948,Fatal,OR,,,
REAL-1951,2023-04-09,16.426747366165387,80.5233360412842,Fatal,SH,,,
REAL-1952,2023-04-09,13.0896434371692,75.47440086657268,Fatal,NH,,,
REAL-1953,2023-04-10,25.18921209144876,75.85805363621088,Fatal,NH,,,
REAL-1954,2023-04-10,29.28214460779216,77.47075913821857,Fatal,OR,,,
REAL-1955,2023-04-10,22.73085491904349,75.87361659545292,Fatal,OR,,,
REAL-1956,2023-04-10,26.944947312626333,78.88233733316099,Fatal,OR,,,
REAL-1957,2023-04-11,18.63382311138524,73.81981939185421,Fatal,OR,,,
REAL-1958,2023-04-12,31.21172371258255,76.13999646794984,Fatal,OR,,,
REAL-1959,2023-04-12,31.28383203890068,76.28216719649537,Fatal,OR,,,
REAL-1960,2023-04-12,30.816682624096508,78.6185180761094,Fatal,NH,,,
REAL-1961,2023-04-11,19.0089437225072,72.83320259445769,Fatal,OR,,,
REAL-1962,2023-04-12,12.90262406918254,75.45357952245905,Fatal,NH,,,
REAL-1963,2023-04-12,12.890603343285644,75.45871237241703,Fatal,NH,,,
REAL-1964,2023-04-12,28.40132736898762,77.04484494982212,Fatal,NH,,,
REAL-1965,2023-04-14,28.40715625138495,77.85867373343567,Fatal,OR,,,
REAL-1966,2023-04-14,12.493297355734947,75.62836202910117,Fatal,NH,,,
REAL-1967,2023-04-14,13.749242545427194,76.89773046669693,Fatal,NH,,,
REAL-1968,2023-04-14,17.65181220101838,80.9692596411707,Fatal,SH,,,
REAL-1969,2023-04-14,19.10051492243447,73.00169500591446,Fatal,OR,,,
REAL-1970,2023-04-14,19.45488493380509,72.80365870904767,Fatal,OR,,,
REAL-1971,2023-04-14,30.837589439206663,75.9713340767604,Fatal,SH,,,
REAL-1972,2023-04-15,24.3274033377802,78.76465117431884,Fatal,OR,,,
REAL-1973,2023-04-14,19.49459701117855,72.86477698159715,Fatal,OR,,,
REAL-1974,2023-04-14,12.942606523034785,77.67294492948002,Fatal,OR,,,
REAL-1975,2023-04-14,28.65370909263269,77.42862887310945,Fatal,OR,,,
REAL-1976,2023-04-14,19.9719436750349,73.7584227171603,Fatal,OR,,,
REAL-1977,2023-04-16,16.08612490848828,77.897145670451,Fatal,NH,,,
REAL-1978,2023-04-16,19.620220097803628,81.21583122872953,Fatal,OR,,,
REAL-1979,2023-04-16,9.959636561666672,76.71023518816833,Fatal,OR,,,
REAL-1980,2023-04-15,13.87337124385946,79.38325475494909,Fatal,NH,,,
REAL-1981,2023-04-16,14.564179469860733,78.80192847916217,Fatal,OR,,,
REAL-1982,2023-04-16,13.599821645066168,79.49433507880408,Fatal,SH,,,
REAL-1983,2023-04-16,10.41510984366522,76.51574809675495,Fatal,NH,,,
REAL-1984,2023-04-17,19.050693530331937,72.93526869382312,Fatal,OR,,,
REAL-1985,2023-04-16,28.1715609742706,80.98955873120727,Fatal,SH,,,
REAL-1986,2023-04-17,10.15221651503815,76.62800354807871,Fatal,OR,,,
REAL-1987,2023-04-15,18.64055998333721,73.79345917935015,Fatal,NH,,,
REAL-1988,2023-04-18,12.746682356544753,75.47992051573739,Fatal,SH,,,
REAL-1989,2023-04-17,23.64178212389008,85.2916313676579,Fatal,OR,,,
REAL-1990,2023-04-17,23.614305113134943,85.73827291346988,Fatal,OR,,,
REAL-1991,2023-04-18,28.374996766787003,79.42056223729173,Fatal,OR,,,
REAL-1992,2023-04-17,28.0877536839245,74.00482260614261,Fatal,NH,,,
REAL-1993,2023-04-17,28.25342850921654,75.0568469487743,Fatal,SH,,,
REAL-1994,2023-04-18,28.56730836581617,77.17555758155977,Fatal,OR,,,
REAL-1995,2023-04-20,22.188742110969773,82.16176974821357,Fatal,OR,,,
REAL-1996,2023-04-20,22.187073137000965,82.16031062649938,Fatal,OR,,,
REAL-1997,2023-04-18,22.11177237982256,88.35714307235678,Fatal,OR,,,
REAL-1998,2023-04-20,23.15422482089557,75.8022517187342,Fatal,OR,,,
REAL-1999,2023-04-18,30.883091935887933,75.83132948802441,Fatal,NH,,,
REAL-2000,2023-04-20,28.38298175712457,78.84840823954143,Fatal,SH,,,
REAL-2001,2023-04-20,27.912591644359523,79.24136538816711,Fatal,OR,,,
REAL-2002,2023-04-19,30.86607248735446,76.74418132203557,Fatal,OR,,,
REAL-2003,2023-04-20,17.61320385456023,77.99287683256648,Fatal,NH,,,
REAL-2004,2023-04-21,26.755430201364007,83.37249397249452,Fatal,NH,,,
REAL-2005,2023-04-19,11.0277877695526,77.0973729162235,Fatal,OR,,,
REAL-2006,2023-04-20,10.739353025557556,78.45312450130295,Fatal,NH,,,
REAL-2007,2023-04-20,10.912790837142484,78.51625586471987,Fatal,SH,,,
REAL-2008,2023-04-21,23.7005293155574,92.4844600828404,Fatal,OR,,,
REAL-2009,2023-04-22,21.030519213776508,78.95163906106585,Fatal,OR,,,
REAL-2010,2023-04-21,21.075189801119496,78.95931949797702,Fatal,OR,,,
REAL-2011,2023-04-21,21.03125373108368,78.99767998571575,Fatal,NH,,,
REAL-2012,2023-04-23,33.27776721728793,75.34123935373457,Fatal,OR,,,
REAL-2013,2023-04-22,22.77370894616873,73.62608718031045,Fatal,OR,,,
REAL-2014,2023-04-22,9.98049413789311,77.21153829474197,Fatal,NH,,,
REAL-2015,2023-04-23,18.44111584178156,73.83708508798998,Fatal,OR,,,
REAL-2016,2023-04-22,23.70441094212234,76.71576909753821,Fatal,OR,,,
REAL-2017,2023-04-24,25.19690261728406,71.7177629474118,Fatal,OR,,,
REAL-2018,2023-04-23,26.95379001323516,75.7191935304557,Fatal,OR,,,
REAL-2019,2023-04-22,30.766652590680906,76.74827931674533,Fatal,OR,,,
REAL-2020,2023-04-22,26.80707489874564,82.93775973729146,Fatal,OR,,,
REAL-2021,2023-04-22,29.46512048897689,77.63664722217857,Fatal,OR,,,
REAL-2022,2023-04-24,30.385630179703263,78.47090234457103,Fatal,NH,,,
REAL-2023,2023-04-24,21.21523168769535,81.62407807498008,Fatal,OR,,,
REAL-2024,2023-04-24,25.61810609487616,81.74841195326984,Fatal,OR,,,
REAL-2025,2023-04-24,28.55820078612504,77.54909754664351,Fatal,OR,,,
REAL-2026,2023-04-24,23.626753029720287,77.43149030104155,Fatal,OR,,,
REAL-2027,2023-04-25,18.70526914229611,74.3484512397775,Fatal,OR,,,
REAL-2028,2023-04-25,22.586354236800176,75.11984992774293,Fatal,NH,,,
REAL-2029,2023-04-26,29.986002902454587,78.18459396329668,Fatal,NH,,,
REAL-2030,2023-04-26,29.61105442493613,77.79354569788273,Fatal,OR,,,
REAL-2031,2023-04-27,28.393650964431902,78.01407485172604,Fatal,OR,,,
REAL-2032,2023-04-26,17.956500778564017,81.0801662833973,Fatal,SH,,,
REAL-2033,2023-04-25,18.442794083110098,73.84764448667295,Fatal,OR,,,
REAL-2034,2023-04-27,10.428512094451971,76.510025335669,Fatal,NH,,,
REAL-2035,2023-04-27,10.398528070416612,76.5228285139321,Fatal,NH,,,
REAL-2036,2023-04-26,9.572256898245197,76.87564630444929,Fatal,OR,,,
REAL-2037,2023-04-27,22.79219434835248,86.18748478605511,Fatal,OR,,,
REAL-2038,2023-04-27,25.14207751223157,75.95096886854019,Fatal,OR,,,
REAL-2039,2023-04-28,28.93667478005163,77.72695015884814,Fatal,NH,,,
REAL-2040,2023-04-25,19.9918711517342,73.76588566124866,Fatal,OR,,,
REAL-2041,2023-04-28,21.36786556812,81.80450461787673,Fatal,NH,,,
REAL-2042,2023-04-29,33.141788957037114,74.02397721149029,Fatal,SH,,,
REAL-2043,2023-04-28,25.81081235325925,72.58025094335498,Fatal,SH,,,
REAL-2044,2023-04-28,25.249384424455496,71.87864711475676,Fatal,SH,,,
REAL-2045,2023-04-29,33.05870399108208,74.95230370937718,Fatal,OR,,,
REAL-2046,2023-04-29,28.672552692420048,79.84303160847519,Fatal,SH,,,
REAL-2047,2023-04-29,30.846881184737143,75.9437952903955,Fatal,OR,,,
REAL-2048,2023-04-29,28.79187018568728,79.89221101463178,Fatal,OR,,,
REAL-2049,2023-04-29,19.802987256875635,79.46382794249628,Fatal,NH,,,
REAL-2050,2023-04-29,10.7155199926116,77.92904930288495,Fatal,NH,,,
REAL-2051,2023-04-28,23.4875430468775,77.33307953687671,Fatal,OR,,,
REAL-2052,2023-04-30,17.06817761808438,78.20821283801763,Fatal,OR,,,
REAL-2053,2023-04-29,25.286107057064548,82.76666044864001,Fatal,NH,,,
REAL-2054,2023-04-30,15.39855049197742,74.38781893992564,Fatal,OR,,,
REAL-2055,2023-04-30,15.322388361713076,74.42034016954851,Fatal,OR,,,
REAL-2056,2023-04-29,24.944997406645737,75.94504056452261,Fatal,OR,,,
REAL-2057,2023-05-01,26.455809474908392,80.33398051169056,Fatal,NH,,,
REAL-2058,2023-05-01,12.737501645151866,77.24687929674452,Fatal,NH,,,
REAL-2059,2023-05-01,25.140245316977275,75.91607514407205,Fatal,SH,,,
REAL-2060,2023-05-03,30.56015445480676,76.45889996678083,Fatal,OR,,,
REAL-2061,2023-05-02,22.65238866923563,88.43824606334564,Fatal,NH,,,
REAL-2062,2023-05-01,11.39935820841471,77.66316464258352,Fatal,OR,,,
REAL-2063,2023-05-03,31.6017210186808,76.18017553156638,Fatal,SH,,,
REAL-2064,2023-05-02,17.95962501684719,79.82035918397776,Fatal,OR,,,
REAL-2065,2023-05-02,22.7546557412041,75.85729038342714,Fatal,OR,,,
REAL-2066,2023-05-03,28.57451968336526,77.25691701349963,Fatal,OR,,,
REAL-2067,2023-05-01,19.97269680919329,73.85235748365143,Fatal,OR,,,
REAL-2068,2023-05-03,17.48545375968675,78.49244323202527,Fatal,OR,,,
REAL-2069,2023-05-03,20.625028833212188,81.43843067398436,Fatal,NH,,,
REAL-2070,2023-05-03,25.578165791113243,85.06348526814892,Fatal,OR,,,
REAL-2071,2023-05-04,28.05154731247504,77.58609266766818,Fatal,OR,,,
REAL-2072,2023-05-03,23.076722605683937,84.17267225269534,Fatal,NH,,,
REAL-2073,2023-05-03,11.021290570294054,78.49143504722358,Fatal,SH,,,
REAL-2074,2023-05-04,26.679616281761497,75.233806381689,Fatal,NH,,,
REAL-2075,2023-05-05,27.575468594193907,81.59666179665567,Fatal,OR,,,
REAL-2076,2023-05-05,20.56295580656635,83.03815881212822,Fatal,OR,,,
REAL-2077,2023-05-03,13.24839242581366,77.72462376370694,Fatal,OR,,,
REAL-2078,2023-05-03,12.985285181342368,77.52719233064428,Fatal,OR,,,
REAL-2079,2023-05-03,13.009881082847604,77.52406756626428,Fatal,OR,,,
REAL-2080,2023-05-03,12.921462201571574,77.58007870517255,Fatal,OR,,,
REAL-2081,2023-05-04,25.32609922770117,71.65962831481846,Fatal,OR,,,
REAL-2082,2023-05-05,25.91412566795665,72.31023065831702,Fatal,OR,,,
REAL-2083,2023-05-05,28.5909810508708,77.29568122969583,Fatal,OR,,,
REAL-2084,2023-05-04,28.6626124247372,78.356981279008,Fatal,SH,,,
REAL-2085,2023-05-05,27.56685624012287,81.58740553066244,Fatal,SH,,,
REAL-2086,2023-05-06,25.341136427083192,78.50286120310551,Fatal,OR,,,
REAL-2087,2023-05-07,28.90439500764484,78.90665556762137,Fatal,OR,,,
REAL-2088,2023-05-07,33.603829428807344,74.10514068753182,Fatal,OR,,,
REAL-2089,2023-05-07,13.043122221705456,79.29169648870078,Fatal,OR,,,
REAL-2090,2023-05-07,19.04962176934293,73.00857706667283,Fatal,OR,,,
REAL-2091,2023-05-06,10.857146326326388,78.4960012627828,Fatal,OR,,,
REAL-2092,2023-05-07,19.85041505027404,73.98651167121642,Fatal,NH,,,
REAL-2093,2023-05-07,20.167807535644705,73.98751131295157,Fatal,NH,,,
REAL-2094,2023-05-06,32.23429913353346,76.1762272258208,Fatal,OR,,,
REAL-2095,2023-05-07,21.15365432194846,79.06734058813915,Fatal,OR,,,
REAL-2096,2023-05-07,21.0899439519122,78.97300939871607,Fatal,SH,,,
REAL-2097,2023-05-07,21.514575845891937,74.35556522285192,Fatal,OR,,,
REAL-2098,2023-05-09,25.534601460173963,81.86362816831097,Fatal,OR,,,
REAL-2099,2023-05-09,20.724352570447262,83.52779202523914,Fatal,OR,,,
REAL-2100,2023-05-10,25.98607620515849,85.04328041754458,Fatal,OR,,,
REAL-2101,2023-05-09,23.76860972006008,79.22034680671614,Fatal,SH,,,
REAL-2102,2023-05-11,13.130730575403607,79.3235859294469,Fatal,NH,,,
REAL-2103,2023-05-11,13.168960794866294,79.33750172933132,Fatal,OR,,,
REAL-2104,2023-05-11,27.081225829234068,78.19298777211536,Fatal,SH,,,
REAL-2105,2023-05-11,13.188737795776015,77.51035982948848,Fatal,OR,,,
REAL-2106,2023-05-12,22.94266625508189,72.69006764521849,Fatal,OR,,,
REAL-2107,2023-05-12,30.90578009256739,75.89221019065047,Fatal,NH,,,
REAL-2108,2023-05-14,31.977733810307488,76.52043738292936,Fatal,OR,,,
REAL-2109,2023-05-14,16.778425387223518,80.65134684094936,Fatal,NH,,,
REAL-2110,2023-05-14,13.665835253772624,79.35545376279207,Fatal,OR,,,
REAL-2111,2023-05-12,10.662304008166837,78.42507865897272,Fatal,OR,,,
REAL-2112,2023-05-13,8.336072038159156,77.40349723970604,Fatal,OR,,,
REAL-2113,2023-05-12,17.56342679834879,78.16770899013699,Fatal,NH,,,
REAL-2114,2023-05-13,24.80025772501129,87.15824578520979,Fatal,OR,,,
REAL-2115,2023-05-15,16.62935579167121,80.29636849992056,Fatal,OR,,,
REAL-2116,2023-05-14,22.3110756977338,70.76787272628474,Fatal,OR,,,
REAL-2117,2023-05-14,21.051306281360723,83.91365567008084,Fatal,OR,,,
REAL-2118,2023-05-14,18.804968416390004,75.17015042127169,Fatal,NH,,,
REAL-2119,2023-05-16,25.62757885056971,79.63697950278241,Fatal,OR,,,
REAL-2120,2023-05-15,27.76943733746193,95.65374721111075,Fatal,NH,,,
REAL-2121,2023-05-14,28.49618001981984,77.00253347934087,Fatal,OR,,,
REAL-2122,2023-05-14,28.433092443942915,76.77249975598184,Fatal,OR,,,
REAL-2123,2023-05-14,28.446692741063604,76.82678614415475,Fatal,OR,,,
REAL-2124,2023-05-16,26.58042910620352,92.97227385645,Fatal,NH,,,
REAL-2125,2023-05-17,17.209109244273062,80.325958696251,Fatal,SH,,,
REAL-2126,2023-05-15,25.57648446034837,76.33329118678887,Fatal,SH,,,
REAL-2127,2023-05-16,17.00076294621888,80.73227771242367,Fatal,SH,,,
REAL-2128,2023-05-15,10.866736127743652,78.49949195049868,Fatal,NH,,,
REAL-2129,2023-05-18,23.26370761395095,76.14744145850553,Fatal,NH,,,
REAL-2130,2023-05-17,16.67926935007853,79.66248211341204,Fatal,NH,,,
REAL-2131,2023-05-17,30.94601501175152,75.87469597708284,Fatal,OR,,,
REAL-2132,2023-05-14,20.019610619058987,73.83157767368121,Fatal,NH,,,
REAL-2133,2023-05-18,25.15800635430309,84.57618368224203,Fatal,OR,,,
REAL-2134,2023-05-18,12.823057474988138,79.21159292089568,Fatal,NH,,,
REAL-2135,2023-05-19,17.399204732101218,78.2978296792505,Fatal,OR,,,
REAL-2136,2023-05-19,22.458929431952303,78.43159187029599,Fatal,OR,,,
REAL-2137,2023-05-19,22.54691958830536,75.11433040537862,Fatal,SH,,,
REAL-2138,2023-05-19,11.178657535974327,77.28351918035565,Fatal,NH,,,
REAL-2139,2023-05-21,26.28938012224821,72.98903516477132,Fatal,OR,,,
REAL-2140,2023-05-20,17.831677149948206,80.47934896924103,Fatal,OR,,,
REAL-2141,2023-05-19,26.92611311332836,81.19154588524788,Fatal,OR,,,
REAL-2142,2023-05-19,10.746921559423647,78.45587944763021,Fatal,NH,,,
REAL-2143,2023-05-19,10.051890874482725,78.02665165658672,Fatal,OR,,,
REAL-2144,2023-05-20,21.99116294346415,82.67920013557844,Fatal,OR,,,
REAL-2145,2023-05-21,25.253720506975284,80.62226774171855,Fatal,OR,,,
REAL-2146,2023-05-21,28.65793886388424,77.14284095346959,Fatal,OR,,,
REAL-2147,2023-05-21,30.71208503569364,76.75594125815886,Fatal,OR,,,
REAL-2148,2023-05-21,28.528629314704364,77.27201529697041,Fatal,OR,,,
REAL-2149,2023-05-20,11.584178081246847,78.43565184391947,Fatal,SH,,,
REAL-2150,2023-05-22,26.27985704650891,84.02809963900654,Fatal,NH,,,
REAL-2151,2023-05-20,26.840230265993203,80.06125384380458,Fatal,SH,,,
REAL-2152,2023-05-21,23.15479893747073,80.02441612541712,Fatal,OR,,,
REAL-2153,2023-05-21,18.46585355544392,73.90236271808875,Fatal,OR,,,
REAL-2154,2023-05-22,26.52308826379063,80.25936286737951,Fatal,OR,,,
REAL-2155,2023-05-23,19.9557426189721,76.12676823183878,Fatal,NH,,,
REAL-2156,2023-05-23,18.25444822929265,79.79804790757784,Fatal,NH,,,
REAL-2157,2023-05-21,29.919611675072307,78.05949750276415,Fatal,NH,,,
REAL-2158,2023-05-22,25.29871835646036,86.56513074018348,Fatal,OR,,,
REAL-2159,2023-05-23,20.93312477798324,77.31047292439219,Fatal,SH,,,
REAL-2160,2023-05-21,30.720272946060447,76.21287250565365,Fatal,OR,,,
REAL-2161,2023-05-22,18.185689871947872,78.99827938163496,Fatal,SH,,,
REAL-2162,2023-05-23,19.995374057489297,73.79922775340391,Fatal,NH,,,
REAL-2163,2023-05-24,33.974810793483904,74.59033277424749,Fatal,OR,,,
REAL-2164,2023-05-22,28.61638510313593,77.23915280946918,Fatal,OR,,,
REAL-2165,2023-05-23,26.39260624312494,80.40648150720796,Fatal,NH,,,
REAL-2166,2023-05-24,18.959125416155533,73.03754264490712,Fatal,NH,,,
REAL-2167,2023-05-24,10.383572324507266,78.32362032612065,Fatal,OR,,,
REAL-2168,2023-05-24,10.87957559210605,78.5041655155266,Fatal,SH,,,
REAL-2169,2023-05-25,20.96527777650913,76.04176327335774,Fatal,SH,,,
REAL-2170,2023-05-25,28.67231676164302,77.27617292569107,Fatal,OR,,,
REAL-2171,2023-05-24,23.54055054162176,80.85060766024782,Fatal,NH,,,
REAL-2172,2023-05-24,21.8279373046066,76.35258632220565,Fatal,OR,,,
REAL-2173,2023-05-23,13.102038565817605,79.3131420379576,Fatal,NH,,,
REAL-2174,2023-05-24,28.052591408060994,78.29483000047574,Fatal,OR,,,
REAL-2175,2023-05-24,19.98531286231017,73.72266561422636,Fatal,NH,,,
REAL-2176,2023-05-25,30.3552132898427,76.45288901520625,Fatal,NH,,,
REAL-2177,2023-05-24,22.73001473024037,75.88893329697535,Fatal,OR,,,
REAL-2178,2023-05-26,22.507262235093524,88.31799068197438,Fatal,OR,,,
REAL-2179,2023-05-26,28.430318137116966,77.58849206933408,Fatal,OR,,,
REAL-2180,2023-05-26,24.07743199621307,72.4930467900081,Fatal,OR,,,
REAL-2181,2023-05-25,28.924500965627992,80.02175010701443,Fatal,OR,,,
REAL-2182,2023-05-27,25.85705906112129,82.03654266740922,Fatal,OR,,,
REAL-2183,2023-05-27,24.323199162589155,75.09684306102972,Fatal,OR,,,
REAL-2184,2023-05-27,23.338487479479618,76.84109290842527,Fatal,OR,,,
REAL-2185,2023-05-27,20.9559731304577,78.2432261280754,Fatal,NH,,,
REAL-2186,2023-05-27,16.888652627320347,74.29689048934819,Fatal,NH,,,
REAL-2187,2023-05-27,14.974872964051965,77.9708180280057,Fatal,OR,,,
REAL-2188,2023-05-27,24.99746969684642,82.07063786109495,Fatal,NH,,,
REAL-2189,2023-05-27,25.3159040742894,75.72513591395585,Fatal,OR,,,
REAL-2190,2023-05-28,25.24145090449659,76.4170516201448,Fatal,OR,,,
REAL-2191,2023-05-28,21.99161539930445,83.10276624312077,Fatal,OR,,,
REAL-2192,2023-05-28,25.15918784043028,82.29764974462974,Fatal,OR,,,
REAL-2193,2023-05-28,24.72348667209337,72.69215949811516,Fatal,NH,,,
REAL-2194,2023-05-28,18.671285439418423,73.89176004586301,Fatal,NH,,,
REAL-2195,2023-05-28,10.488928534399184,77.75423363918173,Fatal,OR,,,
REAL-2196,2023-05-30,20.351560447588792,74.61469924021402,Fatal,SH,,,
REAL-2197,2023-05-29,26.142538562492177,91.6433789711754,Fatal,NH,,,
REAL-2198,2023-05-29,22.60023985705244,88.47126723572954,Fatal,NH,,,
REAL-2199,2023-05-28,26.996916394213308,79.82457331197028,Fatal,NH,,,
REAL-2200,2023-05-29,23.26510275744168,85.35964941884438,Fatal,NH,,,
REAL-2201,2023-05-29,20.023097137337786,76.05391096253284,Fatal,NH,,,
REAL-2202,2023-05-30,32.89352148056466,74.95023232201062,Fatal,OR,,,
REAL-2203,2023-05-29,33.63836597789224,75.18143463279759,Fatal,OR,,,
REAL-2204,2023-05-28,18.741503255343986,73.80679903280713,Fatal,OR,,,
REAL-2205,2023-05-29,21.022126387967447,79.05837239652519,Fatal,NH,,,
REAL-2206,2023-05-29,18.236795838980232,73.43018324281921,Fatal,OR,,,
REAL-2207,2023-05-30,20.207506530603148,86.23957723738448,Fatal,OR,,,
REAL-2208,2023-05-30,24.756062862717503,92.79783840938212,Fatal,SH,,,
REAL-2209,2023-05-29,10.20689196302058,76.6046571317902,Fatal,NH,,,
REAL-2210,2023-05-30,23.2207786763906,82.1391344491615,Fatal,NH,,,
REAL-2211,2023-05-30,13.701738469291202,79.531432802822,Fatal,NH,,,
REAL-2212,2023-05-29,29.08479135674568,76.02049168666043,Fatal,NH,,,
REAL-2213,2023-05-31,22.90660424204517,83.3411406397845,Fatal,OR,,,
REAL-2214,2023-05-29,26.729754265943544,75.88821050471624,Fatal,NH,,,
REAL-2215,2023-05-30,28.86724136018969,79.60380266975899,Fatal,NH,,,
REAL-2216,2023-05-28,19.26325262328473,73.07385798382778,Fatal,NH,,,
REAL-2217,2023-05-29,17.221873806921188,80.28852864196776,Fatal,SH,,,
REAL-2218,2023-06-01,23.55822930484313,85.51819526709328,Fatal,NH,,,
REAL-2219,2023-05-31,16.952227067226254,78.34649925869014,Fatal,OR,,,
REAL-2220,2023-06-01,22.6816174328255,75.91844288078036,Fatal,SH,,,
REAL-2221,2023-05-31,29.37549048259717,77.11159937852136,Fatal,OR,,,
REAL-2222,2023-06-03,13.59997458348144,79.04166918566283,Fatal,SH,,,
REAL-2223,2023-06-04,25.65614839446144,84.00098268937968,Fatal,OR,,,
REAL-2224,2023-06-04,27.430886099799,82.18028626782547,Fatal,NH,,,
REAL-2225,2023-06-02,21.137338770033,78.84364499167924,Fatal,NH,,,
REAL-2226,2023-06-02,21.18648474209671,79.0697431617838,Fatal,SH,,,
REAL-2227,2023-06-02,19.84576241337728,74.50046317872258,Fatal,OR,,,
REAL-2228,2023-06-05,11.230915053951833,78.63205307963847,Fatal,NH,,,
REAL-2229,2023-06-05,18.79004629083924,78.91567433760554,Fatal,NH,,,
REAL-2230,2023-06-03,12.818942558404942,79.21009509125939,Fatal,SH,,,
REAL-2231,2023-06-03,22.63910341870802,75.80651258605481,Fatal,OR,,,
REAL-2232,2023-06-03,22.09674098360512,82.81789459589393,Fatal,OR,,,
REAL-2233,2023-06-03,21.15219895095875,79.39686137048565,Fatal,SH,,,
REAL-2234,2023-06-06,16.677020159979705,77.2576421846236,Fatal,NH,,,
REAL-2235,2023-06-04,23.277120236616327,77.46591561454059,Fatal,OR,,,
REAL-2236,2023-06-04,17.791708971512524,81.02018206563055,Fatal,OR,,,
REAL-2237,2023-06-05,9.552181595887037,77.92605153296493,Fatal,OR,,,
REAL-2238,2023-06-05,18.44263610849209,73.83795009781468,Fatal,NH,,,
REAL-2239,2023-06-05,18.48744495683636,73.79553133382488,Fatal,NH,,,
REAL-2240,2023-06-06,29.376789849487103,77.57564302635546,Fatal,OR,,,
REAL-2241,2023-06-08,24.39397454147242,82.184398592748,Fatal,OR,,,
REAL-2242,2023-06-07,27.98310030694659,74.95927813972753,Fatal,NH,,,
REAL-2243,2023-06-08,28.621003810007025,79.88569340043732,Fatal,OR,,,
REAL-2244,2023-06-08,28.420436211949628,80.61075215362085,Fatal,SH,,,
REAL-2245,2023-06-08,30.657921507594924,76.68126626279295,Fatal,OR,,,
REAL-2246,2023-06-08,30.486880645140086,76.79866452861589,Fatal,NH,,,
REAL-2247,2023-06-09,25.90082315833508,82.03348339821075,Fatal,OR,,,
REAL-2248,2023-06-08,28.598511871145497,77.022208942851,Fatal,OR,,,
REAL-2249,2023-06-07,28.41172315510464,77.01410199627452,Fatal,OR,,,
REAL-2250,2023-06-07,18.506485494909512,73.82415909499015,Fatal,NH,,,
REAL-2251,2023-06-09,22.596254016898165,75.3053349208528,Fatal,SH,,,
REAL-2252,2023-06-09,27.69692027918857,77.96077334358009,Fatal,OR,,,
REAL-2253,2023-06-11,28.632289493423333,77.36539524201442,Fatal,NH,,,
REAL-2254,2023-06-09,23.185176355582,83.20007518788057,Fatal,SH,,,
REAL-2255,2023-06-11,13.52549467405782,79.46728006135704,Fatal,NH,,,
REAL-2256,2023-06-12,19.95940185011468,73.62838369715573,Fatal,NH,,,
REAL-2257,2023-06-12,18.548883113647605,78.92095323598625,Fatal,OR,,,
REAL-2258,2023-06-10,29.226897674090505,77.35537421261732,Fatal,OR,,,
REAL-2259,2023-06-10,25.84248653379972,86.15846883478056,Fatal,SH,,,
REAL-2260,2023-06-09,22.596841299135423,88.22499293827853,Fatal,NH,,,
REAL-2261,2023-06-11,26.857110735518543,76.05251985209249,Fatal,NH,,,
REAL-2262,2023-06-11,18.300659178926384,73.87327571238676,Fatal,NH,,,
REAL-2263,2023-06-13,18.76678640996857,73.36808732810299,Fatal,NH,,,
REAL-2264,2023-06-11,22.745317860282693,77.71886225449711,Fatal,SH,,,
REAL-2265,2023-06-11,22.68975654233917,75.81658010159019,Fatal,OR,,,
REAL-2266,2023-06-11,17.328789071705273,78.57527231688721,Fatal,OR,,,
REAL-2267,2023-06-13,23.25617175648893,77.58396859018498,Fatal,NH,,,
REAL-2268,2023-06-14,17.864449840793693,81.0466597420489,Fatal,SH,,,
REAL-2269,2023-06-12,26.90359105736207,80.74522051742348,Fatal,NH,,,
REAL-2270,2023-06-13,16.458666461870724,74.610610324329,Fatal,NH,,,
REAL-2271,2023-06-14,30.744455685753547,76.65300091998748,Fatal,NH,,,
REAL-2272,2023-06-14,30.75464311684099,76.62702085801223,Fatal,NH,,,
REAL-2273,2023-06-14,31.871031353069032,77.17674375720803,Fatal,OR,,,
REAL-2274,2023-06-14,18.93511912853356,72.83320592256824,Fatal,OR,,,
REAL-2275,2023-06-15,12.456115475442362,79.07802603306102,Fatal,OR,,,
REAL-2276,2023-06-15,13.23587436451,79.36185826868164,Fatal,OR,,,
REAL-2277,2023-06-15,23.220569810001827,82.14021984486837,Fatal,NH,,,
REAL-2278,2023-06-15,17.77508388188508,81.01413053300617,Fatal,OR,,,
REAL-2279,2023-06-16,18.1910150092227,79.94125134695838,Fatal,NH,,,
REAL-2280,2023-06-15,24.319184264505672,92.3935605339114,Fatal,OR,,,
REAL-2281,2023-06-16,27.364983421131782,95.63581024948334,Fatal,NH,,,
REAL-2282,2023-06-16,30.70778960736176,74.5862918130782,Fatal,NH,,,
REAL-2283,2023-06-17,16.853922537345586,80.67882780359379,Fatal,OR,,,
REAL-2284,2023-06-16,26.23328811501155,80.19739508037516,Fatal,NH,,,
REAL-2285,2023-06-16,26.908299948636813,79.32611242580302,Fatal,SH,,,
REAL-2286,2023-06-17,30.6914890276616,76.80276584159046,Fatal,OR,,,
REAL-2287,2023-06-18,17.45545988105435,80.03897049783521,Fatal,OR,,,
REAL-2288,2023-06-18,17.99746582469721,79.55341351504958,Fatal,NH,,,
REAL-2289,2023-06-18,13.350788599372498,78.12633462478937,Fatal,OR,,,
REAL-2290,2023-06-17,18.95911023747639,73.03754993419261,Fatal,NH,,,
REAL-2291,2023-06-19,22.277910961179764,70.83712461683756,Fatal,SH,,,
REAL-2292,2023-06-18,17.33957787635739,77.65964276766196,Fatal,OR,,,
REAL-2293,2023-06-19,23.14767795817291,72.63447060232629,Fatal,SH,,,
REAL-2294,2023-06-18,9.91002149827188,78.1026413210903,Fatal,OR,,,
REAL-2295,2023-06-21,27.432897597797343,77.74385250237044,Fatal,OR,,,
REAL-2296,2023-06-20,29.08143734978924,79.4343409189833,Fatal,OR,,,
REAL-2297,2023-06-20,28.98335325862951,79.39969602063346,Fatal,NH,,,
REAL-2298,2023-06-20,30.701206517740417,76.73811454173993,Fatal,OR,,,
REAL-2299,2023-06-19,19.97185408552217,73.67979012376445,Fatal,NH,,,
REAL-2300,2023-06-20,29.3323618398312,76.37216804741239,Fatal,SH,,,
REAL-2301,2023-06-19,26.009284444916908,85.45375751333216,Fatal,OR,,,
REAL-2302,2023-06-21,27.77358509486043,95.67086946778451,Fatal,NH,,,
REAL-2303,2023-06-22,30.07330849402629,80.23227754186095,Fatal,OR,,,
REAL-2304,2023-06-20,12.847072511762256,79.22033439428147,Fatal,NH,,,
REAL-2305,2023-06-23,27.81494176298504,79.76385319067194,Fatal,OR,,,
REAL-2306,2023-06-21,8.450163992481496,77.35477997521039,Fatal,SH,,,
REAL-2307,2023-06-22,20.0830737939492,73.77859641679767,Fatal,NH,,,
REAL-2308,2023-06-22,22.68327527925999,75.59793443490256,Fatal,NH,,,
REAL-2309,2023-06-23,10.051053118430016,76.67120031843038,Fatal,NH,,,
REAL-2310,2023-06-23,30.70024014344755,76.23035644118198,Fatal,NH,,,
REAL-2311,2023-06-25,10.61183830601981,78.42016708282694,Fatal,NH,,,
REAL-2312,2023-06-25,23.167945289815453,77.3267537652711,Fatal,OR,,,
REAL-2313,2023-06-24,23.147531539038862,77.49416701923114,Fatal,NH,,,
REAL-2314,2023-06-25,18.120734574152223,79.75291085449805,Fatal,OR,,,
REAL-2315,2023-06-26,21.242615785247907,81.71692281259834,Fatal,OR,,,
REAL-2316,2023-06-25,22.69082489617324,75.92354945767228,Fatal,NH,,,
REAL-2317,2023-06-24,22.761970283369127,75.87019988551579,Fatal,OR,,,
REAL-2318,2023-06-25,19.379155917903457,84.56402811194185,Fatal,SH,,,
REAL-2319,2023-06-26,17.783140945007844,73.36959881648164,Fatal,SH,,,
REAL-2320,2023-06-24,28.462468848143303,78.78201806861269,Fatal,SH,,,
REAL-2321,2023-06-26,22.599929666572297,88.40657926212091,Fatal,SH,,,
REAL-2322,2023-06-27,18.60637277246491,81.31671968917722,Fatal,NH,,,
REAL-2323,2023-06-26,26.08692245838872,86.42599986691215,Fatal,OR,,,
REAL-2324,2023-06-25,13.051380004620876,79.294702321682,Fatal,OR,,,
REAL-2325,2023-06-26,23.01695205478013,72.55818940250673,Fatal,OR,,,
REAL-2326,2023-06-27,25.74849216956742,78.60550516097877,Fatal,OR,,,
REAL-2327,2023-06-27,30.243923473720816,78.91689244931618,Fatal,NH,,,
REAL-2328,2023-06-27,30.022750832765524,80.08423925666357,Fatal,OR,,,
REAL-2329,2023-06-27,18.606254762435785,81.31667673352662,Fatal,NH,,,
REAL-2330,2023-06-28,26.98310578465751,82.37030535846033,Fatal,OR,,,
REAL-2331,2023-06-28,22.988988433898864,78.80014586648151,Fatal,OR,,,
REAL-2332,2023-06-28,21.62995372571925,85.61631793560692,Fatal,OR,,,
REAL-2333,2023-06-30,17.596038642393033,76.31305673706431,Fatal,NH,,,
REAL-2334,2023-06-28,22.810110459173696,75.93722145561746,Fatal,NH,,,
REAL-2335,2023-06-29,30.728382993920068,75.9467774174068,Fatal,OR,,,
REAL-2336,2023-06-29,23.12517650408234,77.43122168083849,Fatal,OR,,,
REAL-2337,2023-06-29,25.51412910106251,80.90581824127567,Fatal,SH,,,
REAL-2338,2023-06-29,22.32919666548033,81.38604223361452,Fatal,SH,,,
REAL-2339,2023-06-30,26.90059176967747,76.33635413685414,Fatal,SH,,,
REAL-2340,2023-06-30,27.112444707730653,77.1548691860056,Fatal,NH,,,
REAL-2341,2023-06-30,28.013547302257724,73.35226656572068,Fatal,OR,,,
REAL-2342,2023-06-30,20.330139318991897,73.8890371514754,Fatal,NH,,,
REAL-2343,2023-06-30,19.880345770990324,74.47938383785612,Fatal,OR,,,
REAL-2344,2023-06-29,18.4705841414359,73.88885344339833,Fatal,OR,,,
REAL-2345,2023-07-01,20.89986930559506,78.17192850782284,Fatal,SH,,,
REAL-2346,2023-06-29,18.539647938202,73.9283280399473,Fatal,OR,,,
REAL-2347,2023-07-01,17.72488384227943,80.9958577185897,Fatal,OR,,,
REAL-2348,2023-06-30,11.19728614761356,78.61163488702934,Fatal,OR,,,
REAL-2349,2023-06-30,17.596085112964335,76.31330807698083,Fatal,NH,,,
REAL-2350,2023-06-29,18.45034931455479,73.9148294059731,Fatal,NH,,,
REAL-2351,2023-07-01,25.43782502220988,81.88547858967368,Fatal,NH,,,
REAL-2352,2023-07-01,30.8043089563217,75.69175211087017,Fatal,OR,,,
REAL-2353,2023-07-01,19.1667594456532,72.85840991085807,Fatal,OR,,,
REAL-2354,2023-07-02,15.505507126829208,74.34214845684392,Fatal,NH,,,
REAL-2355,2023-07-02,15.496465152302967,74.34600937996663,Fatal,OR,,,
REAL-2356,2023-07-02,20.29721899221577,74.21705064714425,Fatal,OR,,,
REAL-2357,2023-07-02,19.963175090842803,73.73522265877085,Fatal,NH,,,
REAL-2358,2023-07-01,10.811428715965414,78.47936005261141,Fatal,OR,,,
REAL-2359,2023-07-03,28.68219063662181,77.06482883540139,Fatal,NH,,,
REAL-2360,2023-07-03,27.333046991355754,77.74108850720583,Fatal,NH,,,
REAL-2361,2023-07-04,13.182861576948532,77.64042676134564,Fatal,NH,,,
REAL-2362,2023-07-04,23.03054810559265,72.67462986022305,Fatal,NH,,,
REAL-2363,2023-07-05,28.446434514603936,77.0515799763355,Fatal,OR,,,
REAL-2364,2023-07-04,28.800595985874217,77.69155531814538,Fatal,OR,,,
REAL-2365,2023-07-04,23.2733146828234,85.26786617014713,Fatal,OR,,,
REAL-2366,2023-07-05,33.53860004073549,74.3692130013987,Fatal,OR,,,
REAL-2367,2023-07-03,24.8569900532828,80.85815517650241,Fatal,OR,,,
REAL-2368,2023-07-04,21.52649190198501,75.04541360448518,Fatal,OR,,,
REAL-2369,2023-07-03,26.94852605587744,77.82213721435726,Fatal,OR,,,
REAL-2370,2023-07-05,28.445938739417365,77.07586156983061,Fatal,OR,,,
REAL-2371,2023-07-04,30.70780887921616,75.85052128077854,Fatal,OR,,,
REAL-2372,2023-07-05,30.61041510823068,78.31587557296793,Fatal,NH,,,
REAL-2373,2023-07-05,27.4130121143715,77.83634673994776,Fatal,OR,,,
REAL-2374,2023-07-05,9.96918123226607,76.70615961382238,Fatal,NH,,,
REAL-2375,2023-07-06,14.112205728450064,79.14641142399371,Fatal,OR,,,
REAL-2376,2023-07-04,20.023174278879043,73.72377053609887,Fatal,OR,,,
REAL-2377,2023-07-05,18.74941789868405,73.850356039103,Fatal,OR,,,
REAL-2378,2023-07-06,23.37212238213177,85.3383079660859,Fatal,NH,,,
REAL-2379,2023-07-06,28.1299960274592,77.4250452786808,Fatal,OR,,,
REAL-2380,2023-07-08,14.500348452170238,78.79270430914352,Fatal,SH,,,
REAL-2381,2023-07-08,23.134643972848664,83.17614533951239,Fatal,NH,,,
REAL-2382,2023-07-06,23.17645740327517,72.63089691963293,Fatal,OR,,,
REAL-2383,2023-07-07,26.221793875207293,80.17699971291343,Fatal,OR,,,
REAL-2384,2023-07-08,29.24731227206256,76.27276503554715,Fatal,NH,,,
REAL-2385,2023-07-09,13.734950497020716,79.54352198091554,Fatal,SH,,,
REAL-2386,2023-07-08,17.42476346699409,78.49797381056858,Fatal,OR,,,
REAL-2387,2023-07-08,19.973043167909022,73.82362838461601,Fatal,OR,,,
REAL-2388,2023-07-09,26.74164118005605,93.1467641558036,Fatal,NH,,,
REAL-2389,2023-07-09,12.407247943566375,79.06023825145816,Fatal,NH,,,
REAL-2390,2023-07-09,25.99955275782086,81.28591050867932,Fatal,NH,,,
REAL-2391,2023-07-11,25.19297645597938,86.97401135244662,Fatal,SH,,,
REAL-2392,2023-07-10,25.89174102539582,81.92383711897088,Fatal,NH,,,
REAL-2393,2023-07-09,21.26318994857224,79.52188089092472,Fatal,NH,,,
REAL-2394,2023-07-11,15.783792605320818,79.66491190891459,Fatal,SH,,,
REAL-2395,2023-07-09,19.947370143704905,73.55585011159788,Fatal,OR,,,
REAL-2396,2023-07-10,19.985317567693183,73.72262380716656,Fatal,NH,,,
REAL-2397,2023-07-12,20.403534343279297,73.90582566484197,Fatal,OR,,,
REAL-2398,2023-07-09,18.736472048253287,73.97798534500052,Fatal,OR,,,
REAL-2399,2023-07-10,11.100777868386286,77.44040610848927,Fatal,OR,,,
REAL-2400,2023-07-10,21.35008623300233,80.20560682475954,Fatal,NH,,,
REAL-2401,2023-07-12,29.874338893273137,77.89469899198622,Fatal,NH,,,
REAL-2402,2023-07-12,23.142733816965062,77.40931545908172,Fatal,OR,,,
REAL-2403,2023-07-12,26.88740390251149,76.28697453886156,Fatal,OR,,,
REAL-2404,2023-07-12,26.47049602103673,75.3152059824131,Fatal,OR,,,
REAL-2405,2023-07-13,28.79725979298647,77.14358384309915,Fatal,NH,,,
REAL-2406,2023-07-13,28.690012605773603,77.55622386360136,Fatal,NH,,,
REAL-2407,2023-07-13,22.59128907688588,88.39318997964698,Fatal,OR,,,
REAL-2408,2023-07-15,19.28010868465133,72.93020257928019,Fatal,NH,,,
REAL-2409,2023-07-14,30.72651741917425,76.88807148744922,Fatal,NH,,,
REAL-2410,2023-07-15,23.15531027746484,79.9676356810251,Fatal,OR,,,
REAL-2411,2023-07-15,17.77723778893274,79.28347228780784,Fatal,NH,,,
REAL-2412,2023-07-15,15.285699213335,74.43600643590595,Fatal,NH,,,
REAL-2413,2023-07-15,22.42746233797591,73.16454651486424,Fatal,OR,,,
REAL-2414,2023-07-15,22.394064031875715,70.89276821681919,Fatal,OR,,,
REAL-2415,2023-07-15,30.850077716745066,75.94999913525656,Fatal,SH,,,
REAL-2416,2023-07-15,30.93849798781761,75.91757655937334,Fatal,OR,,,
REAL-2417,2023-07-15,26.9919191260405,75.77960747387853,Fatal,OR,,,
REAL-2418,2023-07-15,29.333073306861817,79.38349265403892,Fatal,SH,,,
REAL-2419,2023-07-17,17.580734513527336,78.57458477358307,Fatal,SH,,,
REAL-2420,2023-07-18,19.283361250550453,73.07296920761755,Fatal,SH,,,
REAL-2421,2023-07-18,12.943582147536445,75.43609042300193,Fatal,NH,,,
REAL-2422,2023-07-18,19.365221775630904,73.17595276220383,Fatal,NH,,,
REAL-2423,2023-07-17,22.504709484339912,75.92007233696539,Fatal,SH,,,
REAL-2424,2023-07-18,23.23961117548964,77.40402029119473,Fatal,OR,,,
REAL-2425,2023-07-19,26.88885314485958,81.3825327607542,Fatal,OR,,,
REAL-2426,2023-07-19,13.00427463483464,79.2775559670798,Fatal,OR,,,
REAL-2427,2023-07-19,27.44783933216395,76.53375801558228,Fatal,NH,,,
REAL-2428,2023-07-19,23.02732350414269,72.50753759363785,Fatal,NH,,,
REAL-2429,2023-07-18,18.56838897623175,73.8568299223247,Fatal,OR,,,
REAL-2430,2023-07-18,12.943513792330435,75.4361196106749,Fatal,NH,,,
REAL-2431,2023-07-20,12.387696410154325,76.82633417480717,Fatal,OR,,,
REAL-2432,2023-07-21,30.69261938735128,76.3794959074616,Fatal,OR,,,
REAL-2433,2023-07-22,10.545448277689148,77.72481674274873,Fatal,NH,,,
REAL-2434,2023-07-23,29.850175100254447,77.88694358522265,Fatal,SH,,,
REAL-2435,2023-07-23,18.080453178547184,81.12528495699117,Fatal,SH,,,
REAL-2436,2023-07-23,26.9068433148575,76.35992210416484,Fatal,NH,,,
REAL-2437,2023-07-25,17.308214301282167,78.55531807967219,Fatal,OR,,,
REAL-2438,2023-07-24,26.80096147321038,81.54183631106062,Fatal,OR,,,
REAL-2439,2023-07-25,28.706120167438847,76.81654628448722,Fatal,OR,,,
REAL-2440,2023-07-24,29.343287859140112,78.48123104009663,Fatal,OR,,,
REAL-2441,2023-07-24,21.18941356729714,79.07890706183645,Fatal,NH,,,
REAL-2442,2023-07-26,9.975463714604954,76.70347699386367,Fatal,SH,,,
REAL-2443,2023-07-25,22.3220783810779,73.17605703784807,Fatal,SH,,,
REAL-2444,2023-07-27,30.879510975642283,75.76906901058389,Fatal,NH,,,
REAL-2445,2023-07-27,19.28685281469373,72.93836246853392,Fatal,NH,,,
REAL-2446,2023-07-28,26.45433464435672,80.80938522178144,Fatal,OR,,,
REAL-2447,2023-07-29,20.88986768006613,76.20250172504635,Fatal,NH,,,
REAL-2448,2023-07-27,13.076727502263422,77.79484940283191,Fatal,NH,,,
REAL-2449,2023-07-28,13.14384493836147,77.624372307212,Fatal,OR,,,
REAL-2450,2023-07-29,18.638250855784687,73.60872106242495,Fatal,OR,,,
REAL-2451,2023-07-28,21.116480283557845,81.34592244812241,Fatal,OR,,,
REAL-2452,2023-07-29,18.615371342259124,73.76534619735487,Fatal,OR,,,
REAL-2453,2023-07-29,18.75535044546152,73.85912705337374,Fatal,NH,,,
REAL-2454,2023-07-30,28.67623196909067,77.11976228444232,Fatal,NH,,,
REAL-2455,2023-07-29,13.063983630489105,77.45675696322222,Fatal,NH,,,
REAL-2456,2023-07-31,25.895738234585583,81.75954416310648,Fatal,OR,,,
REAL-2457,2023-07-30,22.580738360636225,88.36269469750609,Fatal,OR,,,
REAL-2458,2023-07-30,17.473417558726116,78.57074115954661,Fatal,OR,,,
REAL-2459,2023-07-30,19.34061834054741,73.77462947984067,Fatal,NH,,,
REAL-2460,2023-07-30,26.94906715698638,75.71400779494428,Fatal,SH,,,
REAL-2461,2023-07-30,17.557436347284387,78.34436305025429,Fatal,OR,,,
REAL-2462,2023-07-31,25.888779480200142,81.75698289173482,Fatal,OR,,,
REAL-2463,2023-07-30,23.213958143663376,80.0090985218308,Fatal,OR,,,
REAL-2464,2023-07-31,9.8218491685762,77.98850757330882,Fatal,OR,,,
REAL-2465,2023-07-31,9.971974262218028,77.79014828374513,Fatal,SH,,,
REAL-2466,2023-07-31,10.832967682603115,78.48720023646753,Fatal,NH,,,
REAL-2467,2023-07-31,26.810282472380035,81.0143476850999,Fatal,OR,,,
REAL-2468,2023-08-01,19.968881320179385,73.81875954132272,Fatal,OR,,,
REAL-2469,2023-08-02,22.55505013882629,88.33043791686306,Fatal,NH,,,
REAL-2470,2023-08-01,12.970198962349617,77.64061027722435,Fatal,OR,,,
REAL-2471,2023-08-03,18.792626273646214,73.33704445145202,Fatal,NH,,,
REAL-2472,2023-08-02,26.508614399435555,77.09166883298951,Fatal,OR,,,
REAL-2473,2023-08-02,29.20948828934745,78.58331005758735,Fatal,SH,,,
REAL-2474,2023-08-01,21.25610361054896,81.64819017571949,Fatal,OR,,,
REAL-2475,2023-08-02,23.790393330397887,75.81140626522262,Fatal,OR,,,
REAL-2476,2023-08-03,17.683561808411792,80.98081649826189,Fatal,SH,,,
REAL-2477,2023-08-04,27.440396502183667,78.03091351380608,Fatal,NH,,,
REAL-2478,2023-08-03,19.21521805559476,72.83818309180204,Fatal,OR,,,
REAL-2479,2023-08-05,27.505391980187067,82.03554597788651,Fatal,NH,,,
REAL-2480,2023-08-05,24.072263680465763,85.82191827927254,Fatal,OR,,,
REAL-2481,2023-08-06,23.351381514008605,75.51082712167447,Fatal,SH,,,
REAL-2482,2023-08-06,19.586014984376884,80.34991964414537,Fatal,OR,,,
REAL-2483,2023-08-06,15.49083550304323,74.34841324020053,Fatal,NH,,,
REAL-2484,2023-08-06,25.27303559096283,83.14283064984436,Fatal,OR,,,
REAL-2485,2023-08-06,22.757812271455755,75.8829960854251,Fatal,OR,,,
REAL-2486,2023-08-07,17.76086255268747,81.00895396917824,Fatal,OR,,,
REAL-2487,2023-08-07,17.782622800746065,81.01687469947157,Fatal,OR,,,
REAL-2488,2023-08-07,28.19040134234527,79.28255945008567,Fatal,NH,,,
REAL-2489,2023-08-07,27.77234666828277,80.72960972130268,Fatal,SH,,,
REAL-2490,2023-08-06,22.578594099827008,88.36075632572151,Fatal,OR,,,
REAL-2491,2023-08-07,17.769051426569803,81.01193471927141,Fatal,OR,,,
REAL-2492,2023-08-07,25.30023753393748,91.721516168988,Fatal,SH,,,
REAL-2493,2023-08-07,24.489269130176,92.32088668537024,Fatal,NH,,,
REAL-2494,2023-08-08,28.19551524197716,78.2066165868646,Fatal,NH,,,
REAL-2495,2023-08-08,30.83319208743624,77.55849844660118,Fatal,OR,,,
REAL-2496,2023-08-08,31.11378662074655,77.24902954991805,Fatal,NH,,,
REAL-2497,2023-08-09,13.074535702868497,75.38017325487515,Fatal,SH,,,
REAL-2498,2023-08-09,12.858929474582109,77.29557672731572,Fatal,SH,,,
REAL-2499,2023-08-09,18.760809982696408,73.8595543897488,Fatal,NH,,,
REAL-2500,2023-08-08,18.752416135806623,73.86340955037326,Fatal,NH,,,
REAL-2501,2023-08-10,30.83486772718828,76.19018025869389,Fatal,SH,,,
REAL-2502,2023-08-09,30.903301297560976,75.88262065529933,Fatal,NH,,,
REAL-2503,2023-08-11,22.77515671099874,72.20665705983748,Fatal,OR,,,
REAL-2504,2023-08-10,18.44979819014267,73.87480734165986,Fatal,NH,,,
REAL-2505,2023-08-09,18.56975887441897,73.95195534701449,Fatal,SH,,,
REAL-2506,2023-08-09,25.11644502343893,81.30513615171141,Fatal,OR,,,
REAL-2507,2023-08-10,24.51108255238158,81.0590308442248,Fatal,SH,,,
REAL-2508,2023-08-10,13.056567845953596,79.29659069592711,Fatal,NH,,,
REAL-2509,2023-08-11,32.837051424234,76.14740975481766,Fatal,SH,,,
REAL-2510,2023-08-09,11.250069023876964,76.9189928272169,Fatal,OR,,,
REAL-2511,2023-08-12,28.8174634977284,77.51232153374531,Fatal,OR,,,
REAL-2512,2023-08-12,29.1106844283964,78.45452061817029,Fatal,SH,,,
REAL-2513,2023-08-10,25.04439419185049,83.78879064662499,Fatal,OR,,,
REAL-2514,2023-08-11,28.96978784143976,77.72308708067644,Fatal,NH,,,
REAL-2515,2023-08-12,27.27262319458448,74.3461514780576,Fatal,NH,,,
REAL-2516,2023-08-11,19.993786773445137,73.7973335560066,Fatal,NH,,,
REAL-2517,2023-08-11,27.11804179482528,69.93024286766027,Fatal,OR,,,
REAL-2518,2023-08-12,19.985659622504706,73.72347856930219,Fatal,NH,,,
REAL-2519,2023-08-12,20.009985337345466,73.80736261116807,Fatal,NH,,,
REAL-2520,2023-08-13,26.798333278618305,80.86899301237791,Fatal,OR,,,
REAL-2521,2023-08-13,9.562848772816334,76.97744036837142,Fatal,NH,,,
REAL-2522,2023-08-13,17.688816813889716,80.98272932025586,Fatal,SH,,,
REAL-2523,2023-08-14,21.1404615697786,79.05529540277223,Fatal,OR,,,
REAL-2524,2023-08-10,18.61949520107922,73.7891506475749,Fatal,OR,,,
REAL-2525,2023-08-10,18.56171784861093,73.92150449564899,Fatal,OR,,,
REAL-2526,2023-08-14,22.5702373455738,88.34323036387866,Fatal,OR,,,
REAL-2527,2023-08-14,18.62496698970267,79.57414967110049,Fatal,OR,,,
REAL-2528,2023-08-14,17.28041373131556,80.83407059819886,Fatal,OR,,,
REAL-2529,2023-08-16,17.79050970644225,79.59373705001147,Fatal,SH,,,
REAL-2530,2023-08-16,21.58310869442561,72.81583668894363,Fatal,NH,,,
REAL-2531,2023-08-14,28.46389670070146,76.86761282185974,Fatal,SH,,,
REAL-2532,2023-08-13,28.24920565718072,77.07056343317039,Fatal,NH,,,
REAL-2533,2023-08-15,15.545454618404014,74.32509087794148,Fatal,NH,,,
REAL-2534,2023-08-15,21.10828200994058,78.9973576948831,Fatal,SH,,,
REAL-2535,2023-08-15,21.10530315457456,79.1023890007021,Fatal,SH,,,
REAL-2536,2023-08-16,12.894851958582208,77.54345972730623,Fatal,OR,,,
REAL-2537,2023-08-15,12.901359657642328,77.48064622395468,Fatal,OR,,,
REAL-2538,2023-08-17,26.12626029100292,92.22288940239844,Fatal,NH,,,
REAL-2539,2023-08-17,10.220069377607278,76.59903037576169,Fatal,NH,,,
REAL-2540,2023-08-17,18.540174458325453,73.86657950342148,Fatal,OR,,,
REAL-2541,2023-08-16,13.247219024008835,77.71523898888026,Fatal,SH,,,
REAL-2542,2023-08-17,12.973442283421878,79.13679354809453,Fatal,NH,,,
REAL-2543,2023-08-18,28.690276131788742,77.55656718405524,Fatal,NH,,,
REAL-2544,2023-08-17,22.22814711907804,76.3892470157241,Fatal,NH,,,
REAL-2545,2023-08-18,17.681089254303846,77.61236092908304,Fatal,NH,,,
REAL-2546,2023-08-19,13.23587101257823,79.36185704857847,Fatal,OR,,,
REAL-2547,2023-08-19,33.478381280053554,78.12942261481611,Fatal,NH,,,
REAL-2548,2023-08-19,15.66117681454957,79.37095283899914,Fatal,NH,,,
REAL-2549,2023-08-19,23.264444809516142,77.36799818599366,Fatal,NH,,,
REAL-2550,2023-08-19,28.447514038563543,72.50583094706732,Fatal,SH,,,
REAL-2551,2023-08-20,26.1272665923272,71.70584702930225,Fatal,OR,,,
REAL-2552,2023-08-19,11.672412197067684,78.11336365577785,Fatal,SH,,,
REAL-2553,2023-08-19,30.686526810276582,76.68769151423894,Fatal,OR,,,
REAL-2554,2023-08-19,30.67587252607595,76.71632881713427,Fatal,OR,,,
REAL-2555,2023-08-19,28.50567941962132,77.09515629776202,Fatal,NH,,,
REAL-2556,2023-08-18,28.400218220285943,77.0553242670287,Fatal,OR,,,
REAL-2557,2023-08-22,30.40225062567659,76.84004836169441,Fatal,NH,,,
REAL-2558,2023-08-20,17.271495902783936,78.47430228461764,Fatal,NH,,,
REAL-2559,2023-08-21,10.16772796294925,76.62138015982066,Fatal,OR,,,
REAL-2560,2023-08-20,9.915441411988324,78.13896722200971,Fatal,NH,,,
REAL-2561,2023-08-20,11.298174176722066,76.94513587158295,Fatal,SH,,,
REAL-2562,2023-08-21,28.691932403285964,77.33678078547268,Fatal,OR,,,
REAL-2563,2023-08-22,29.9957053797992,77.0486020196515,Fatal,SH,,,
REAL-2564,2023-08-20,22.751634702786603,77.73461701052376,Fatal,SH,,,
REAL-2565,2023-08-24,8.498665296965612,77.6462597092211,Fatal,NH,,,
REAL-2566,2023-08-22,23.13316258972121,83.18878594223186,Fatal,SH,,,
REAL-2567,2023-08-23,27.38898054448609,75.96671846191002,Fatal,NH,,,
REAL-2568,2023-08-23,17.451342787330926,78.38104333538644,Fatal,OR,,,
REAL-2569,2023-08-22,28.662980647792224,77.43490765196495,Fatal,OR,,,
REAL-2570,2023-08-25,11.8409302333753,75.95055112014207,Fatal,SH,,,
REAL-2571,2023-08-23,28.631346923035448,77.0818813363592,Fatal,OR,,,
REAL-2572,2023-08-24,12.791326441036,79.2000428245371,Fatal,NH,,,
REAL-2573,2023-08-25,12.846801349674353,79.22023569128146,Fatal,NH,,,
REAL-2574,2023-08-26,26.256250000402886,91.69280263799766,Fatal,NH,,,
REAL-2575,2023-08-26,26.128804962300286,90.0254069171231,Fatal,NH,,,
REAL-2576,2023-08-26,27.31703597739719,94.4176060678094,Fatal,SH,,,
REAL-2577,2023-08-26,25.39377164385365,92.98962189205336,Fatal,NH,,,
REAL-2578,2023-08-26,13.321789144109164,78.07760234862599,Fatal,OR,,,
REAL-2579,2023-08-26,17.895374230787624,81.05791622000669,Fatal,SH,,,
REAL-2580,2023-08-26,21.702561875384728,83.38795776884582,Fatal,OR,,,
REAL-2581,2023-08-27,12.30921530576476,76.64911575461109,Fatal,OR,,,
REAL-2582,2023-08-27,16.523463485755627,80.55854070881504,Fatal,OR,,,
REAL-2583,2023-08-28,26.921577125238542,75.68245750182908,Fatal,OR,,,
REAL-2584,2023-08-28,24.02723054080821,84.25260722071732,Fatal,OR,,,
REAL-2585,2023-08-27,19.224773342527858,72.96066429859722,Fatal,OR,,,
REAL-2586,2023-08-28,19.280128171189915,72.93019233843965,Fatal,SH,,,
REAL-2587,2023-08-27,19.96040865447173,73.75268243502768,Fatal,NH,,,
REAL-2588,2023-08-28,19.98603451987088,73.72394889574069,Fatal,NH,,,
REAL-2589,2023-08-28,12.441736029521028,77.3080470585587,Fatal,OR,,,
REAL-2590,2023-08-30,24.976070430300325,83.89878856152365,Fatal,NH,,,
REAL-2591,2023-08-29,8.867314259792794,77.17665681106847,Fatal,OR,,,
REAL-2592,2023-08-29,17.814127169015446,81.02834228952162,Fatal,SH,,,
REAL-2593,2023-08-29,22.54136274637016,88.35231875100482,Fatal,OR,,,
REAL-2594,2023-08-29,26.767376982619385,81.10833638872137,Fatal,OR,,,
REAL-2595,2023-08-28,20.16410972916241,80.00055656151187,Fatal,NH,,,
REAL-2596,2023-08-30,23.177107142412584,77.41762091915119,Fatal,OR,,,
REAL-2597,2023-08-29,23.385506251333524,77.39998461391264,Fatal,SH,,,
REAL-2598,2023-08-31,28.6781524924097,77.1048332973475,Fatal,NH,,,
REAL-2599,2023-08-31,17.319861649675634,78.64434500581801,Fatal,NH,,,
REAL-2600,2023-08-31,11.410160124467508,76.6949753341048,Fatal,OR,,,
REAL-2601,2023-08-31,30.75488286871359,76.67698220703208,Fatal,OR,,,
REAL-2602,2023-08-31,23.01935123322296,72.5048671045704,Fatal,NH,,,
REAL-2603,2023-08-30,19.547323261239992,76.09408590059849,Fatal,OR,,,
REAL-2604,2023-08-31,20.01724631011969,73.8318792590931,Fatal,OR,,,
REAL-2605,2023-08-30,20.00933851775592,73.8062804904404,Fatal,NH,,,
REAL-2606,2023-08-30,19.943708309904483,73.74409013741382,Fatal,NH,,,
REAL-2607,2023-08-31,32.032173218768584,75.41545110577637,Fatal,NH,,,
REAL-2608,2023-08-31,30.424678150955224,75.56647545354616,Fatal,SH,,,
REAL-2609,2023-09-03,14.11615388822108,78.15873631438839,Fatal,NH,,,
REAL-2610,2023-09-03,28.349292669826863,80.36129613191773,Fatal,OR,,,
REAL-2611,2023-09-03,26.85043158817683,80.97247629419982,Fatal,OR,,,
REAL-2612,2023-09-03,15.534296733149244,74.32985529494526,Fatal,NH,,,
REAL-2613,2023-09-03,21.14966937257455,79.11163612491369,Fatal,NH,,,
REAL-2614,2023-09-04,14.253558459378764,76.40565275815203,Fatal,NH,,,
REAL-2615,2023-09-03,22.55658270485729,75.12361395212626,Fatal,SH,,,
REAL-2616,2023-09-03,13.030180805231463,75.39911279616616,Fatal,SH,,,
REAL-2617,2023-09-05,28.75528169569846,77.19869766946975,Fatal,OR,,,
REAL-2618,2023-09-03,28.302050946713432,79.1177663748063,Fatal,OR,,,
REAL-2619,2023-09-04,15.146984244160134,74.49523772774361,Fatal,OR,,,
REAL-2620,2023-09-04,30.73745208241285,76.79343492669835,Fatal,NH,,,
REAL-2621,2023-09-05,23.019623577192323,72.5049075773068,Fatal,NH,,,
REAL-2622,2023-09-05,23.05937382510496,72.5204645034526,Fatal,NH,,,
REAL-2623,2023-09-05,25.39097022922231,81.8531208903868,Fatal,OR,,,
REAL-2624,2023-09-05,25.20301172039532,71.4409351368613,Fatal,NH,,,
REAL-2625,2023-09-05,25.47993787932406,71.06998791789931,Fatal,OR,,,
REAL-2626,2023-09-06,11.475243543071892,77.87052970012616,Fatal,SH,,,
REAL-2627,2023-09-06,19.410254850950245,72.87788668272417,Fatal,NH,,,
REAL-2628,2023-09-05,27.64671050537516,95.7673861031296,Fatal,NH,,,
REAL-2629,2023-09-05,25.348497873702325,74.57589466306061,Fatal,NH,,,
REAL-2630,2023-09-06,13.299261983101989,77.54335122449463,Fatal,OR,,,
REAL-2631,2023-09-07,28.601899912601063,74.38078769456503,Fatal,SH,,,
REAL-2632,2023-09-06,28.42065502952845,76.91475290906972,Fatal,OR,,,
REAL-2633,2023-09-06,28.467570829911644,77.05903665667218,Fatal,OR,,,
REAL-2634,2023-09-06,28.231250886409835,77.11955482949286,Fatal,NH,,,
REAL-2635,2023-09-06,27.58379813741108,77.70223420081783,Fatal,OR,,,
REAL-2636,2023-09-06,22.13790281135746,70.98487623338778,Fatal,SH,,,
REAL-2637,2023-09-05,29.031694827536825,77.86245625913828,Fatal,OR,,,
REAL-2638,2023-09-05,29.987020991709407,80.00453762992558,Fatal,OR,,,
REAL-2639,2023-09-05,12.718879923027345,77.27693927186095,Fatal,OR,,,
REAL-2640,2023-09-04,23.447782117671583,77.36404897540069,Fatal,OR,,,
REAL-2641,2023-09-08,30.89531622616442,75.88837913563744,Fatal,OR,,,
REAL-2642,2023-09-09,12.508305010704396,79.0970230238964,Fatal,NH,,,
REAL-2643,2023-09-09,12.918930358361152,79.24649065044346,Fatal,SH,,,
REAL-2644,2023-09-09,12.993702325363556,79.27370764643233,Fatal,OR,,,
REAL-2645,2023-09-05,21.14486835872105,79.09045342232663,Fatal,OR,,,
REAL-2646,2023-09-09,25.917357206449243,90.6412726165802,Fatal,OR,,,
REAL-2647,2023-09-09,25.97191517777105,90.9840917551154,Fatal,NH,,,
REAL-2648,2023-09-10,17.449129886423822,78.25477198834997,Fatal,NH,,,
REAL-2649,2023-09-11,19.029106116486314,72.85708236542877,Fatal,OR,,,
REAL-2650,2023-09-10,27.34877021051445,94.86727653698998,Fatal,NH,,,
REAL-2651,2023-09-11,21.16717787434535,79.0787298745634,Fatal,SH,,,
REAL-2652,2023-09-11,11.562551961876697,78.16266366110708,Fatal,OR,,,
REAL-2653,2023-09-10,10.425669018436428,78.34883182890178,Fatal,OR,,,
REAL-2654,2023-09-09,10.565639809625257,78.3310151309958,Fatal,NH,,,
REAL-2655,2023-09-09,10.79092975694554,78.47189843152817,Fatal,OR,,,
REAL-2656,2023-09-12,33.249718821198584,75.21158094204965,Fatal,NH,,,
REAL-2657,2023-09-12,30.89487865841257,75.89225866294856,Fatal,OR,,,
REAL-2658,2023-09-13,27.11030357520829,77.30536001134102,Fatal,OR,,,
REAL-2659,2023-09-13,26.322812851018792,80.27651185343184,Fatal,NH,,,
REAL-2660,2023-09-11,28.47698523465435,78.13231292262451,Fatal,OR,,,
REAL-2661,2023-09-11,29.156676594268657,77.99900278960584,Fatal,OR,,,
REAL-2662,2023-09-11,28.999392081951303,77.63449526547468,Fatal,OR,,,
REAL-2663,2023-09-12,20.286753825809367,81.5994667267018,Fatal,SH,,,
REAL-2664,2023-09-09,19.98509574708395,73.72177622886888,Fatal,NH,,,
REAL-2665,2023-09-09,19.98458982013281,73.78296846421314,Fatal,NH,,,
REAL-2666,2023-09-10,16.199322013973894,75.72064292677261,Fatal,NH,,,
REAL-2667,2023-09-10,17.68887860519317,80.98275181229032,Fatal,NH,,,
REAL-2668,2023-09-15,13.406589778707827,78.9976162023211,Fatal,SH,,,
REAL-2669,2023-09-15,13.291431928600836,79.13604796268832,Fatal,OR,,,
REAL-2670,2023-09-15,21.242134910271893,79.11244165597634,Fatal,OR,,,
REAL-2671,2023-09-11,28.79720583425993,77.13930259292664,Fatal,OR,,,
REAL-2672,2023-09-11,17.87737902047589,81.05136596345322,Fatal,NH,,,
REAL-2673,2023-09-11,28.45935235299495,76.85701828996713,Fatal,OR,,,
REAL-2674,2023-09-11,28.35017079175085,77.06553652433534,Fatal,OR,,,
REAL-2675,2023-09-13,17.588710098623007,79.65332844484782,Fatal,NH,,,
REAL-2676,2023-09-13,12.495600514313455,79.0923985872101,Fatal,NH,,,
REAL-2677,2023-09-15,23.51541568232515,75.27060812470579,Fatal,SH,,,
REAL-2678,2023-09-16,21.090575026308382,79.06503114178945,Fatal,NH,,,
REAL-2679,2023-09-18,18.634496160585485,73.79900612085567,Fatal,NH,,,
REAL-2680,2023-09-17,21.187620142709665,79.07905862508446,Fatal,OR,,,
REAL-2681,2023-09-17,23.32643796796297,77.40386468644785,Fatal,OR,,,
REAL-2682,2023-09-17,23.577979478564497,85.64952650652769,Fatal,NH,,,
REAL-2683,2023-09-20,25.90401080742006,94.2069045383682,Fatal,NH,,,
REAL-2684,2023-09-19,28.716234760310947,77.15633105212119,Fatal,OR,,,
REAL-2685,2023-09-19,22.812326103802203,72.74868820790365,Fatal,SH,,,
REAL-2686,2023-09-19,25.574110260248663,84.79464756354015,Fatal,NH,,,
REAL-2687,2023-09-20,28.532232089168456,77.3180923797,Fatal,OR,,,
REAL-2688,2023-09-20,28.79737382445565,77.13938268248086,Fatal,OR,,,
REAL-2689,2023-09-20,28.65664051402684,77.22324097907968,Fatal,OR,,,
REAL-2690,2023-09-23,30.48261208036161,77.0215093285634,Fatal,NH,,,
REAL-2691,2023-09-23,25.556128302132844,70.83794281887363,Fatal,OR,,,
REAL-2692,2023-09-23,9.967008096414958,76.7070875428308,Fatal,OR,,,
REAL-2693,2023-09-25,24.372994728756897,81.10039419926963,Fatal,OR,,,
REAL-2694,2023-09-24,27.078011840313025,77.38746875196207,Fatal,OR,,,
REAL-2695,2023-09-26,26.45710193743699,81.62635619582055,Fatal,NH,,,
REAL-2696,2023-09-25,28.67116631120178,77.24895622791418,Fatal,OR,,,
REAL-2697,2023-09-25,28.70613658550784,77.0951074320396,Fatal,OR,,,
REAL-2698,2023-09-25,28.71024735001091,77.20453460146476,Fatal,OR,,,
REAL-2699,2023-09-24,13.069309530457126,79.30122866908638,Fatal,OR,,,
REAL-2700,2023-09-24,13.067487537005134,79.30056546346987,Fatal,OR,,,
REAL-2701,2023-09-24,13.069706182382584,79.30137305038726,Fatal,SH,,,
REAL-2702,2023-09-25,18.35212142916929,74.02898898450192,Fatal,NH,,,
REAL-2703,2023-09-25,12.920450452965344,79.24704396487938,Fatal,NH,,,
REAL-2704,2023-09-24,28.4898862389884,77.08079273341426,Fatal,NH,,,
REAL-2705,2023-09-24,28.452318099450668,77.04245751244791,Fatal,NH,,,
REAL-2706,2023-09-24,28.31194299220352,76.7051072835573,Fatal,OR,,,
REAL-2707,2023-09-27,12.961954835206178,76.74261329178503,Fatal,NH,,,
REAL-2708,2023-09-27,19.846333667203,82.49150314650838,Fatal,OR,,,
REAL-2709,2023-09-28,24.81027681303184,85.28375922381441,Fatal,NH,,,
REAL-2710,2023-09-30,20.26162270414041,85.83666327893376,Fatal,OR,,,
REAL-2711,2023-09-29,20.99729983620207,83.06567441975443,Fatal,OR,,,
REAL-2712,2023-09-30,11.40568790931417,76.69293859258711,Fatal,OR,,,
REAL-2713,2023-09-30,21.11200368549345,79.02640324411479,Fatal,OR,,,
REAL-2714,2023-09-29,18.88395115009889,73.17384269640252,Fatal,OR,,,
REAL-2715,2023-09-30,12.895070048057006,77.55397546737173,Fatal,OR,,,
REAL-2716,2023-10-02,20.839230046689483,76.31558622858029,Fatal,NH,,,
REAL-2717,2023-10-01,19.094465357666778,72.8546008073189,Fatal,OR,,,
REAL-2718,2023-10-01,19.08458704700705,72.9213352768611,Fatal,NH,,,
REAL-2719,2023-10-01,12.926672270447952,77.62275076631448,Fatal,OR,,,
REAL-2720,2023-10-02,28.710751665606065,77.25722612486241,Fatal,OR,,,
REAL-2721,2023-10-02,28.666794220237342,77.22844107446028,Fatal,OR,,,
REAL-2722,2023-10-03,27.18071286899174,77.54398095948915,Fatal,NH,,,
REAL-2723,2023-10-04,25.532234601557743,82.80585381507834,Fatal,NH,,,
REAL-2724,2023-10-03,12.858243521880208,77.52692884171,Fatal,NH,,,
REAL-2725,2023-09-30,22.58379472583933,88.35456200556456,Fatal,OR,,,
REAL-2726,2023-09-30,17.38982758853759,80.87389724222768,Fatal,NH,,,
REAL-2727,2023-09-30,28.72031551602026,77.12187668791714,Fatal,OR,,,
REAL-2728,2023-09-29,23.24950971481996,77.42808919242181,Fatal,OR,,,
REAL-2729,2023-10-04,28.420230530686062,76.91294423343706,Fatal,NH,,,
REAL-2730,2023-10-06,28.51489223714143,77.14624661455854,Fatal,OR,,,
REAL-2731,2023-10-06,28.66427787951392,77.25593465561,Fatal,OR,,,
REAL-2732,2023-10-06,23.39445280827337,76.67950488328349,Fatal,SH,,,
REAL-2733,2023-10-07,22.395606234575016,75.97460359698857,Fatal,SH,,,
REAL-2734,2023-10-06,18.51706822778072,73.84479947512264,Fatal,OR,,,
REAL-2735,2023-10-06,28.58395056175804,77.09120762438323,Fatal,OR,,,
REAL-2736,2023-10-08,18.106353260884667,73.67171953103397,Fatal,OR,,,
REAL-2737,2023-10-09,15.242561451432673,76.36020931784769,Fatal,NH,,,
REAL-2738,2023-10-08,30.0800604141518,80.79712688471628,Fatal,OR,,,
REAL-2739,2023-10-09,16.763246437985266,78.15064385224638,Fatal,NH,,,
REAL-2740,2023-10-08,22.482456085722312,88.31365413763656,Fatal,OR,,,
REAL-2741,2023-10-08,22.5798803089394,88.36105535298196,Fatal,OR,,,
REAL-2742,2023-10-11,12.633706737668795,78.15088060447918,Fatal,OR,,,
REAL-2743,2023-10-08,19.240339843044737,73.04074467828903,Fatal,OR,,,
REAL-2744,2023-10-09,12.52055205357416,79.10148094750099,Fatal,OR,,,
REAL-2745,2023-10-09,22.591985886780915,76.91665642645455,Fatal,NH,,,
REAL-2746,2023-10-10,28.54232166449003,77.11820724267744,Fatal,NH,,,
REAL-2747,2023-10-12,28.590202460635776,77.45975463455468,Fatal,OR,,,
REAL-2748,2023-10-12,17.631719415244262,78.4815008422224,Fatal,OR,,,
REAL-2749,2023-10-13,19.32840800044506,72.89258150160893,Fatal,OR,,,
REAL-2750,2023-10-10,12.30726790265024,78.79266802819006,Fatal,SH,,,
REAL-2751,2023-10-12,19.94698377223248,73.84720686378326,Fatal,SH,,,
REAL-2752,2023-10-14,30.71111385359286,77.8606449720474,Fatal,NH,,,
REAL-2753,2023-10-13,18.975658208191728,72.84429226774694,Fatal,OR,,,
REAL-2754,2023-10-13,26.524638298823312,72.38428905724719,Fatal,NH,,,
REAL-2755,2023-10-13,17.581943668687206,78.56121334706427,Fatal,OR,,,
REAL-2756,2023-10-13,28.481592741063487,77.09417200853146,Fatal,NH,,,
REAL-2757,2023-10-14,28.6081562264578,77.49714607705492,Fatal,NH,,,
REAL-2758,2023-10-10,15.574178764374366,75.80514898900495,Fatal,SH,,,
REAL-2759,2023-10-14,28.604481332412323,77.2943701182222,Fatal,OR,,,
REAL-2760,2023-10-18,28.690671213449647,77.09734894057615,Fatal,OR,,,
REAL-2761,2023-10-18,15.264749567415413,74.44495193471361,Fatal,OR,,,
REAL-2762,2023-10-20,32.83839103656937,74.9209520276687,Fatal,NH,,,
REAL-2763,2023-10-20,33.21409996082569,75.79994390946612,Fatal,OR,,,
REAL-2764,2023-10-21,18.487368510440284,74.13434080099877,Fatal,NH,,,
REAL-2765,2023-10-20,28.45851540950946,76.97029955741675,Fatal,OR,,,
REAL-2766,2023-10-18,28.59520636707774,77.51103549328458,Fatal,OR,,,
REAL-2767,2023-10-19,28.4473289391247,77.02609354891916,Fatal,OR,,,
REAL-2768,2023-10-22,20.075941314442986,72.91446057465907,Fatal,NH,,,
REAL-2769,2023-10-23,24.14282814978325,86.8027817820292,Fatal,OR,,,
REAL-2770,2023-10-22,15.39029189465749,74.39134536098125,Fatal,OR,,,
REAL-2771,2023-10-22,15.3878444879939,74.39239040362659,Fatal,OR,,,
REAL-2772,2023-10-22,28.436306558069194,77.1226177133826,Fatal,OR,,,
REAL-2773,2023-10-22,28.362133871915105,76.94072304924175,Fatal,NH,,,
REAL-2774,2023-10-23,28.60895571329416,76.98543590407223,Fatal,OR,,,
REAL-2775,2023-10-24,22.784283172339965,86.17546084250131,Fatal,OR,,,
REAL-2776,2023-10-26,18.763099823948814,75.26302058908408,Fatal,NH,,,
REAL-2777,2023-10-25,21.03327894608263,79.6105527959469,Fatal,SH,,,
REAL-2778,2023-10-26,13.43453540110621,77.73703478288856,Fatal,NH,,,
REAL-2779,2023-10-24,30.175378303071188,80.86493055950586,Fatal,OR,,,
REAL-2780,2023-10-27,24.96791851651441,82.29023976923575,Fatal,NH,,,
REAL-2781,2023-10-27,27.19068944444808,79.38550647753992,Fatal,NH,,,
REAL-2782,2023-10-29,26.00668967606221,91.07093441916508,Fatal,OR,,,
REAL-2783,2023-10-26,19.01579047030221,72.86323864695781,Fatal,OR,,,
REAL-2784,2023-10-27,22.817286022468124,77.05588479526983,Fatal,OR,,,
REAL-2785,2023-10-27,17.236281138930124,78.54118460268297,Fatal,OR,,,
REAL-2786,2023-10-27,17.685185065904655,80.98140736398929,Fatal,OR,,,
REAL-2787,2023-10-30,26.179005549717488,91.82968597596268,Fatal,SH,,,
REAL-2788,2023-10-29,27.88442879867046,79.28306329125282,Fatal,OR,,,
REAL-2789,2023-10-26,30.26538309012485,75.83413948597719,Fatal,SH,,,
REAL-2790,2023-10-26,22.983054443983832,72.62307447070837,Fatal,OR,,,
REAL-2791,2023-10-27,31.297932804121047,77.13116875320893,Fatal,SH,,,
REAL-2792,2023-10-31,28.74373253135532,77.13880846428238,Fatal,OR,,,
REAL-2793,2023-11-01,28.019616031391845,77.66243933202415,Fatal,NH,,,
REAL-2794,2023-10-30,28.40370293780169,76.9637951206384,Fatal,OR,,,
REAL-2795,2023-10-28,28.7243567580878,77.1025383926565,Fatal,OR,,,
REAL-2796,2023-10-26,21.1113399893088,78.99497741855717,Fatal,OR,,,
REAL-2797,2023-10-26,26.190967831395,91.70091228913202,Fatal,OR,,,
REAL-2798,2023-10-30,31.04718163802245,75.05477018132397,Fatal,SH,,,
REAL-2799,2023-11-05,28.68978040532673,78.78694585860178,Fatal,NH,,,
REAL-2800,2023-11-06,28.55409334376596,77.22823320988465,Fatal,OR,,,
REAL-2801,2023-11-07,19.427508334724152,73.13478932099109,Fatal,OR,,,
REAL-2802,2023-11-08,15.492981339803384,74.34749696790395,Fatal,NH,,,
REAL-2803,2023-11-09,26.45470920527117,81.62114574751747,Fatal,NH,,,
REAL-2804,2023-11-09,19.04374115369679,72.82473305461798,Fatal,OR,,,
REAL-2805,2023-11-11,25.57298804525201,75.49680224681327,Fatal,NH,,,
REAL-2806,2023-11-11,18.432904158766,73.83797487481702,Fatal,NH,,,
REAL-2807,2023-11-10,28.309851100422826,76.88357514062382,Fatal,NH,,,
REAL-2808,2023-11-13,13.085134873756468,79.30698909404735,Fatal,OR,,,
REAL-2809,2023-11-14,29.523417440082305,77.71588679214184,Fatal,NH,,,
REAL-2810,2023-11-14,30.024223439218545,76.61385650268751,Fatal,NH,,,
REAL-2811,2023-11-13,15.577843757141924,74.3112607157004,Fatal,OR,,,
REAL-2812,2023-11-13,11.45066075104929,77.21440901638428,Fatal,NH,,,
REAL-2813,2023-11-13,11.455021162601474,77.44015000372355,Fatal,SH,,,
REAL-2814,2023-11-15,33.12951061530184,75.39581434641154,Fatal,NH,,,
REAL-2815,2023-11-14,18.81280484854597,81.39186096487073,Fatal,SH,,,
REAL-2816,2023-11-14,22.154203385721093,84.11259602523543,Fatal,SH,,,
REAL-2817,2023-11-16,10.596750008294746,77.53550933295116,Fatal,SH,,,
REAL-2818,2023-11-16,33.53865595177104,74.36904959739329,Fatal,OR,,,
REAL-2819,2023-11-17,28.533025418956235,79.88852202220927,Fatal,NH,,,
REAL-2820,2023-11-18,28.672886504580227,79.86606882074874,Fatal,OR,,,
REAL-2821,2023-11-19,28.29078101287117,74.98110810130244,Fatal,NH,,,
REAL-2822,2023-11-19,18.37131326791492,81.23115802952103,Fatal,OR,,,
REAL-2823,2023-11-18,28.46022798371349,77.53725634139406,Fatal,OR,,,
REAL-2824,2023-11-21,18.94726491199384,73.17889898172236,Fatal,NH,,,
REAL-2825,2023-11-21,26.840249409984697,80.99494748631135,Fatal,OR,,,
REAL-2826,2023-11-22,26.846589960384293,80.94620395515716,Fatal,OR,,,
REAL-2827,2023-11-22,26.28958332048068,80.05580817237745,Fatal,OR,,,
REAL-2828,2023-11-23,16.660557405208273,74.19079694781269,Fatal,SH,,,
REAL-2829,2023-11-21,8.858144822242261,77.77630419872335,Fatal,NH,,,
REAL-2830,2023-11-23,19.62439269960579,74.34350758208873,Fatal,NH,,,
REAL-2831,2023-11-23,30.675065156382782,76.80002891799602,Fatal,OR,,,
REAL-2832,2023-11-24,29.37062948120021,79.44471836247737,Fatal,OR,,,
REAL-2833,2023-11-25,28.66685323722169,77.22946790286586,Fatal,OR,,,
REAL-2834,2023-11-27,28.83738037593,77.09812889352416,Fatal,NH,,,
REAL-2835,2023-11-29,15.573092493842738,74.31328950512915,Fatal,NH,,,
REAL-2836,2023-11-30,11.506248101319986,77.86271648021811,Fatal,SH,,,
REAL-2837,2023-12-01,21.38169512854721,85.9226546651804,Fatal,NH,,,
REAL-2838,2023-11-30,28.585321118714457,77.17102817009369,Fatal,OR,,,
REAL-2839,2023-12-01,17.979652444087705,79.52818951446417,Fatal,OR,,,
REAL-2840,2023-12-01,28.69393806186165,77.5110017610641,Fatal,NH,,,
REAL-2841,2023-11-27,30.96541731967689,77.10732589307734,Fatal,NH,,,
REAL-2842,2023-12-02,15.573666614004887,74.31304435581991,Fatal,OR,,,
REAL-2843,2023-12-02,22.487166778528977,88.31328786615566,Fatal,OR,,,
REAL-2844,2023-12-01,28.62707355443672,77.29506937636945,Fatal,OR,,,
REAL-2845,2023-12-03,29.33472393764809,79.39040012618601,Fatal,SH,,,
REAL-2846,2023-12-02,28.734615468354257,77.15534917858258,Fatal,OR,,,
REAL-2847,2023-12-02,25.95790217587853,75.15803139592457,Fatal,SH,,,
REAL-2848,2023-11-29,13.036307382521208,77.62780065561182,Fatal,NH,,,
REAL-2849,2023-12-06,13.282955852567117,77.70879664861427,Fatal,NH,,,
REAL-2850,2023-12-04,18.49680769698126,73.87679703198525,Fatal,OR,,,
REAL-2851,2023-12-04,19.22388980795208,72.82752062994885,Fatal,OR,,,
REAL-2852,2023-12-01,24.1089191686894,85.20569091939944,Fatal,NH,,,
REAL-2853,2023-12-06,22.690416803471017,88.6496476272095,Fatal,SH,,,
REAL-2854,2023-12-01,14.604281570883256,74.84958925251316,Fatal,SH,,,
REAL-2855,2023-12-06,14.830731725130054,75.3623138008089,Fatal,NH,,,
REAL-2856,2023-12-10,21.92468518340881,82.35368674403676,Fatal,OR,,,
REAL-2857,2023-12-11,27.138981475034907,77.23981137605023,Fatal,NH,,,
REAL-2858,2023-12-06,21.62304490059872,77.90973685536765,Fatal,OR,,,
REAL-2859,2023-12-11,22.743365755341426,75.85091641158918,Fatal,OR,,,
REAL-2860,2023-12-11,22.778265586544133,75.9037808992551,Fatal,OR,,,
REAL-2861,2023-12-11,22.43306770651921,75.62032208058649,Fatal,OR,,,
REAL-2862,2023-12-13,28.345745778877244,77.54425036519994,Fatal,NH,,,
REAL-2863,2023-12-14,26.765755876605752,80.95371548681742,Fatal,NH,,,
REAL-2864,2023-12-15,28.65496915346377,79.36680385040889,Fatal,OR,,,
REAL-2865,2023-12-15,28.586333261914582,78.5627515670084,Fatal,OR,,,
REAL-2866,2023-12-15,10.518565903429783,76.47157235923548,Fatal,OR,,,
REAL-2867,2023-12-15,13.251490041503136,78.92037666687922,Fatal,OR,,,
REAL-2868,2023-12-16,26.664626108548784,79.38370118325574,Fatal,NH,,,
REAL-2869,2023-12-17,20.521564019623625,74.53772611511718,Fatal,OR,,,
REAL-2870,2023-12-17,21.161074144350646,81.22366757198401,Fatal,OR,,,
REAL-2871,2023-12-16,23.079173782261627,72.52616133543485,Fatal,NH,,,
REAL-2872,2023-12-18,19.23239827890725,73.15155618157087,Fatal,OR,,,
REAL-2873,2023-12-17,28.44731935946827,77.02614904475816,Fatal,OR,,,
REAL-2874,2023-12-17,17.38112657071704,78.53959141388057,Fatal,OR,,,
REAL-2875,2023-12-17,19.993118012174467,73.80269040857357,Fatal,OR,,,
REAL-2876,2023-12-19,22.688907920493698,75.88465225045658,Fatal,OR,,,
REAL-2877,2023-12-21,19.25468315822844,72.85354959070379,Fatal,OR,,,
REAL-2878,2023-12-20,12.943643894178193,77.58526749654959,Fatal,OR,,,
REAL-2879,2023-12-22,26.504047695324573,83.20106151262276,Fatal,OR,,,
REAL-2880,2023-12-23,13.557908200108969,79.00062610046132,Fatal,NH,,,
REAL-2881,2023-12-23,20.72061971042583,81.21083011262218,Fatal,OR,,,
REAL-2882,2023-12-23,17.495014006683512,80.9121850984328,Fatal,OR,,,
REAL-2883,2023-12-23,17.678955297154936,80.9791397281644,Fatal,OR,,,
REAL-2884,2023-12-22,30.212453660383435,74.93890679372085,Fatal,OR,,,
REAL-2885,2023-12-22,22.498620497501715,88.5184761204259,Fatal,OR,,,
REAL-2886,2023-12-24,26.847261844194524,80.94557414013732,Fatal,OR,,,
REAL-2887,2023-12-24,17.309901967775204,78.43556473406295,Fatal,OR,,,
REAL-2888,2023-12-26,23.27496607525589,77.40262966604722,Fatal,OR,,,
REAL-2889,2023-12-24,20.39487742428512,85.82660023356782,Fatal,OR,,,
REAL-2890,2023-12-26,28.60695291277725,77.42571121554528,Fatal,NH,,,
REAL-2891,2023-12-27,24.625538118158303,77.30528683329011,Fatal,SH,,,
REAL-2892,2023-12-26,22.751534888754843,75.77348589956134,Fatal,NH,,,
REAL-2893,2023-12-27,24.9678475066396,92.5727482371202,Fatal,OR,,,
REAL-2894,2023-12-27,26.64193999000136,80.76298891448043,Fatal,OR,,,
REAL-2895,2023-12-27,26.49062009197033,77.98564550111799,Fatal,NH,,,
REAL-2896,2023-12-27,19.112878080392857,72.88285472958465,Fatal,OR,,,
REAL-2897,2023-12-29,12.878834046375117,75.46373786219782,Fatal,OR,,,
REAL-2898,2023-12-30,10.240699823836232,78.27161473587638,Fatal,SH,,,
SYN-5K-100000,2023-01-01,20.145186,72.953997,Grievous Injury,Highway Corridor,Clear,Central India,Synthetic Fill
SYN-5K-100001,2023-01-01,21.533407,79.967514,Grievous Injury,Rural/Minor Highway,Clear,Central India,Synthetic Fill
SYN-5K-100002,2023-01-01,27.345233,76.206698,Minor Damage,Highway Corridor,Clear,Central India,Synthetic Fill
SYN-5K-100003,2023-01-01,23.145875,84.959847,Minor Damage,Rural/Minor Highway,Clear,Central India,Synthetic Fill
SYN-5K-100004,2023-01-01,20.760032,72.96912,Fatal,Highway Corridor,Clear,Central India,Synthetic Fill
SYN-5K-100005,2023-01-01,23.308262,76.496494,Fatal,Rural/Minor Highway,Clear,Central India,Synthetic Fill
SYN-5K-100006,2023-01-01,24.760097,78.661869,Fatal,Highway Corridor,Clear,Central India,Synthetic Fill
SYN-5K-100007,2023-01-01,23.162858,77.187358,Grievous Injury,Rural/Minor Highway,Clear,Central India,Synthetic Fill
SYN-5K-100008,2023-01-01,17.399039,80.87725019599999,Minor Damage,Highway Corridor,Clear,Central India,Synthetic Fill
SYN-5K-100009,2023-01-01,23.433689,77.150806,Minor Damage,Rural/Minor Highway,Clear,Central India,Synthetic Fill
SYN-5K-100010,2023-01-01,14.551562,75.968218,Fatal,Highway Corridor,Clear,Central India,Synthetic Fill
SYN-5K-100011,2023-01-01,20.13175,75.612605,Grievous Injury,Rural/Minor Highway,Clear,Central India,Synthetic Fill
SYN-5K-100012,2023-01-01,16.622859,80.594720676,Fatal,Highway Corridor,Clear,Central India,Synthetic Fill
SYN-5K-100013,2023-01-01,21.633121,82.125525,Grievous Injury,Rural/Minor Highway,Clear,Central India,Synthetic Fill
SYN-5K-100014,2023-01-01,24.352317,86.078854,Minor Damage,Highway Corridor,Clear,Central India,Synthetic Fill
SYN-5K-100015,2023-01-01,21.405622,79.678239,Minor Damage,Rural/Minor Highway,Clear,Central India,Synthetic Fill
SYN-5K-100016,2023-01-01,24.694218,85.749449,Minor Damage,Highway Corridor,Clear,Central India,Synthetic Fill
SYN-5K-100017,2023-01-01,15.065166,75.210536,Minor Damage,Rural/Minor Highway,Clear,Central India,Synthetic Fill
SYN-5K-100018,2023-01-01,20.881234,72.866933,Fatal,Highway Corridor,Clear,Central India,Synthetic Fill
SYN-5K-100019,2023-01-01,20.615341,81.276395,Fatal,Rural/Minor Highway,Clear,Central India,Synthetic Fill
SYN-5K-100020,2023-01-01,26.489807,75.406408,Fatal,Highway Corridor,Clear,Central India,Synthetic Fill
SYN-5K-100021,2023-01-01,22.750193,84.703748,Grievous Injury,Rural/Minor Highway,Clear,Central India,Synthetic Fill
SYN-5K-100022,2023-01-01,14.908077,77.901317,Minor Damage,Highway Corridor,Clear,Central India,Synthetic Fill
SYN-5K-100023,2023-01-01,23.329593,85.36566,Minor Damage,Rural/Minor Highway,Clear,Central India,Synthetic Fill
SYN-5K-100024,2023-01-01,26.119295,82.094151,Fatal,Highway Corridor,Clear,Central India,Synthetic Fill
SYN-5K-100025,2023-01-01,20.870555,78.616689,Minor Damage,Rural/Minor Highway,Clear,Central India,Synthetic Fill
SYN-5K-100026,2023-01-01,13.847267,76.702615,Fatal,Highway Corridor,Clear,Central India,Synthetic Fill
SYN-5K-100027,2023-01-01,21.385208,78.695975,Fatal,Rural/Minor Highway,Clear,Central India,Synthetic Fill
SYN-5K-100028,2023-01-01,14.591063,76.133371,Fatal,Highway Corridor,Clear,Central India,Synthetic Fill
SYN-5K-100029,2023-01-01,16.700419,74.952054,Minor Damage,Rural/Minor Highway,Clear,Central India,Synthetic Fill
SYN-5K-100030,2023-01-01,20.44899,72.76236,Minor Damage,Highway Corridor,Clear,Central India,Synthetic Fill
SYN-5K-100031,2023-01-01,19.86654,79.075873,Grievous Injury,Rural/Minor Highway,Clear,Central India,Synthetic Fill
SYN-5K-100032,2023-01-01,17.457877,74.267671,Minor Damage,Highway Corridor,Clear,Central India,Synthetic Fill
SYN-5K-100033,2023-01-01,21.540313,81.495429,Minor Damage,Rural/Minor Highway,Clear,Central India,Synthetic Fill
SYN-5K-100034,2023-01-01,14.507183,79.82461461199999,Minor Damage,Highway Corridor,Clear,Central India,Synthetic Fill
SYN-5K-100035,2023-01-01,23.127873,84.62207,Grievous Injury,Rural/Minor Highway,Clear,Central India,Synthetic Fill
SYN-5K-100036,2023-01-01,20.449693,86.024121,Minor Damage,Highway Corridor,Clear,Central India,Synthetic Fill
SYN-5K-100037,2023-01-01,15.328088,75.386868,Grievous Injury,Rural/Minor Highway,Clear,Central India,Synthetic Fill
SYN-5K-100038,2023-01-01,22.62506,72.616492,Grievous Injury,Highway Corridor,Clear,Central India,Synthetic Fill
SYN-5K-100039,2023-01-01,19.290089,75.503345,Grievous Injury,Rural/Minor Highway,Clear,Central India,Synthetic Fill
SYN-5K-100040,2023-01-01,24.071729,73.327989,Grievous Injury,Highway Corridor,Clear,Central India,Synthetic Fill
SYN-5K-100041,2023-01-01,21.646901,81.712687,Grievous Injury,Rural/Minor Highway,Clear,Central India,Synthetic Fill
SYN-5K-100042,2023-01-01,16.233894,74.79472,Grievous Injury,Highway Corridor,Clear,Central India,Synthetic Fill
SYN-5K-100043,2023-01-01,23.036497,84.297306,Grievous Injury,Rural/Minor Highway,Clear,Central India,Synthetic Fill
SYN-5K-100044,2023-01-01,26.430663,78.229698,Grievous Injury,Highway Corridor,Clear,Central India,Synthetic Fill
SYN-5K-100045,2023-01-01,23.022126,77.882717,Grievous Injury,Rural/Minor Highway,Clear,Central India,Synthetic Fill
SYN-5K-100046,2023-01-01,24.232939,73.406957,Fatal,Highway Corridor,Clear,Central India,Synthetic Fill
SYN-5K-100047,2023-01-01,22.186445,85.756216,Grievous Injury,Rural/Minor Highway,Clear,Central India,Synthetic Fill
SYN-5K-100048,2023-01-01,24.477352,78.613776,Grievous Injury,Highway Corridor,Clear,Central India,Synthetic Fill
SYN-5K-100049,2023-01-01,21.363312,79.301384,Minor Damage,Rural/Minor Highway,Clear,Central India,Synthetic Fill
SYN-5K-100050,2023-01-01,21.373963,79.080511,Grievous Injury,Highway Corridor,Clear,Central India,Synthetic Fill
SYN-5K-100051,2023-01-01,23.312178,77.544924,Grievous Injury,Rural/Minor Highway,Clear,Central India,Synthetic Fill
SYN-5K-100052,2023-01-01,17.575742,78.538066,Minor Damage,Highway Corridor,Clear,Central India,Synthetic Fill
SYN-5K-100053,2023-01-01,19.916314,78.251223,Grievous Injury,Rural/Minor Highway,Clear,Central India,Synthetic Fill
SYN-5K-100054,2023-01-01,15.007134,75.475594,Grievous Injury,Highway Corridor,Clear,Central India,Synthetic Fill
SYN-5K-100055,2023-01-01,23.660765,78.450889,Grievous Injury,Rural/Minor Highway,Clear,Central India,Synthetic Fill
SYN-5K-100056,2023-01-01,19.465092,72.952916,Grievous Injury,Highway Corridor,Clear,Central India,Synthetic Fill
SYN-5K-100057,2023-01-01,19.331697,75.602767,Grievous Injury,Rural/Minor Highway,Clear,Central India,Synthetic Fill
SYN-5K-100058,2023-01-01,22.908024,87.809116,Fatal,Highway Corridor,Clear,Central India,Synthetic Fill
SYN-5K-100059,2023-01-01,21.351224,81.618124,Minor Damage,Rural/Minor Highway,Clear,Central India,Synthetic Fill
SYN-5K-100060,2023-01-01,22.364249,78.864632,Grievous Injury,Highway Corridor,Clear,Central India,Synthetic Fill
SYN-5K-100061,2023-01-01,21.30089,80.850754,Minor Damage,Rural/Minor Highway,Clear,Central India,Synthetic Fill
SYN-5K-100062,2023-01-01,22.927153,87.941678,Grievous Injury,Highway Corridor,Clear,Central India,Synthetic Fill
SYN-5K-100063,2023-01-01,20.307151,79.388716,Minor Damage,Rural/Minor Highway,Clear,Central India,Synthetic Fill
SYN-5K-100064,2023-01-01,23.55773,78.724803,Minor Damage,Highway Corridor,Clear,Central India,Synthetic Fill
SYN-5K-100065,2023-01-01,20.959976,82.252015,Minor Damage,Rural/Minor Highway,Clear,Central India,Synthetic Fill
SYN-5K-100066,2023-01-01,26.302166,81.184562,Grievous Injury,Highway Corridor,Clear,Central India,Synthetic Fill
SYN-5K-100067,2023-01-01,19.281859,75.438694,Grievous Injury,Rural/Minor Highway,Clear,Central India,Synthetic Fill
SYN-5K-100068,2023-01-01,26.546494,80.18724,Grievous Injury,Highway Corridor,Clear,Central India,Synthetic Fill
SYN-5K-100069,2023-01-01,22.538741,76.984886,Grievous Injury,Rural/Minor Highway,Clear,Central India,Synthetic Fill
SYN-5K-100070,2023-01-01,23.672831,86.501022,Grievous Injury,Highway Corridor,Clear,Central India,Synthetic Fill
SYN-5K-100071,2023-01-01,20.79083,81.751821,Fatal,Rural/Minor Highway,Clear,Central India,Synthetic Fill
SYN-5K-100072,2023-01-01,26.592474,75.462413,Grievous Injury,Highway Corridor,Clear,Central India,Synthetic Fill
SYN-5K-100073,2023-01-01,19.354113,76.074106,Fatal,Rural/Minor Highway,Clear,Central India,Synthetic Fill
SYN-5K-100074,2023-01-01,16.553036,80.569305104,Minor Damage,Highway Corridor,Clear,Central India,Synthetic Fill
SYN-5K-100075,2023-01-01,23.329302,76.792626,Grievous Injury,Rural/Minor Highway,Clear,Central India,Synthetic Fill
SYN-5K-100076,2023-01-01,27.484928,78.838801,Minor Damage,Highway Corridor,Clear,Central India,Synthetic Fill
SYN-5K-100077,2023-01-01,22.596456,85.159617,Grievous Injury,Rural/Minor Highway,Clear,Central India,Synthetic Fill
SYN-5K-100078,2023-01-01,26.210511,75.199162,Minor Damage,Highway Corridor,Clear,Central India,Synthetic Fill
SYN-5K-100079,2023-01-01,21.939506,79.673812,Minor Damage,Rural/Minor Highway,Clear,Central India,Synthetic Fill
SYN-5K-100080,2023-01-01,17.624315,80.95925066,Fatal,Highway Corridor,Clear,Central India,Synthetic Fill
SYN-5K-100081,2023-01-01,23.634117,84.992535,Minor Damage,Rural/Minor Highway,Clear,Central India,Synthetic Fill
SYN-5K-100082,2023-01-01,16.442803,74.659047,Grievous Injury,Highway Corridor,Clear,Central India,Synthetic Fill
SYN-5K-100083,2023-01-01,21.310727,78.419518,Grievous Injury,Rural/Minor Highway,Clear,Central India,Synthetic Fill
SYN-5K-100084,2023-01-01,16.308426,78.269519,Grievous Injury,Highway Corridor,Clear,Central India,Synthetic Fill
SYN-5K-100085,2023-01-01,20.156029,82.094696,Minor Damage,Rural/Minor Highway,Clear,Central India,Synthetic Fill
SYN-5K-100086,2023-01-01,26.9151,78.093738,Minor Damage,Highway Corridor,Clear,Central India,Synthetic Fill
SYN-5K-100087,2023-01-01,15.992533,74.702129,Fatal,Rural/Minor Highway,Clear,Central India,Synthetic Fill
SYN-5K-100088,2023-01-01,27.079759,78.021467,Grievous Injury,Highway Corridor,Clear,Central India,Synthetic Fill
SYN-5K-100089,2023-01-01,20.960296,81.122552,Grievous Injury,Rural/Minor Highway,Clear,Central India,Synthetic Fill
SYN-5K-100090,2023-01-01,20.362743,72.792574,Minor Damage,Highway Corridor,Clear,Central India,Synthetic Fill
SYN-5K-100091,2023-01-01,22.707796,85.852056,Grievous Injury,Rural/Minor Highway,Clear,Central India,Synthetic Fill
SYN-5K-100092,2023-01-01,15.139519,75.244773,Grievous Injury,Highway Corridor,Clear,Central India,Synthetic Fill
SYN-5K-100093,2023-01-01,23.03701,85.356594,Grievous Injury,Rural/Minor Highway,Clear,Central India,Synthetic Fill
SYN-5K-100094,2023-01-01,14.047001,79.657108364,Grievous Injury,Highway Corridor,Clear,Central India,Synthetic Fill
SYN-5K-100095,2023-01-01,22.186776,79.092021,Minor Damage,Rural/Minor Highway,Clear,Central India,Synthetic Fill
SYN-5K-100096,2023-01-01,21.949247,87.633874,Fatal,Highway Corridor,Clear,Central India,Synthetic Fill
SYN-5K-100097,2023-01-01,15.290168,74.65994,Minor Damage,Rural/Minor Highway,Clear,Central India,Synthetic Fill
SYN-5K-100098,2023-01-01,14.873475,75.626563,Minor Damage,Highway Corridor,Clear,Central India,Synthetic Fill
SYN-5K-100099,2023-01-01,21.056132,80.013533,Minor Damage,Rural/Minor Highway,Clear,Central India,Synthetic Fill
SYN-5K-100100,2023-01-01,20.50479,85.918532,Minor Damage,Highway Corridor,Clear,Central India,Synthetic Fill
SYN-5K-100101,2023-01-01,22.944007,85.120506,Grievous Injury,Rural/Minor Highway,Clear,Central India,Synthetic Fill
SYN-5K-100102,2023-01-01,22.194261,87.884042,Grievous Injury,Highway Corridor,Clear,Central India,Synthetic Fill
SYN-5K-100103,2023-01-01,22.719047,78.018288,Fatal,Rural/Minor Highway,Clear,Central India,Synthetic Fill
SYN-5K-100104,2023-01-01,26.649134,78.183543,Minor Damage,Highway Corridor,Clear,Central India,Synthetic Fill
SYN-5K-100105,2023-01-01,21.237471,80.825687,Fatal,Rural/Minor Highway,Clear,Central India,Synthetic Fill
SYN-5K-100106,2023-01-01,25.818858,74.925871,Minor Damage,Highway Corridor,Clear,Central India,Synthetic Fill
SYN-5K-100107,2023-01-01,22.011881,79.895354,Grievous Injury,Rural/Minor Highway,Clear,Central India,Synthetic Fill
SYN-5K-100108,2023-01-01,27.909987,78.277813,Minor Damage,Highway Corridor,Clear,Central India,Synthetic Fill
SYN-5K-100109,2023-01-01,18.883683,76.142887,Minor Damage,Rural/Minor Highway,Clear,Central India,Synthetic Fill
SYN-5K-100110,2023-01-01,16.915823,74.522557,Grievous Injury,Highway Corridor,Clear,Central India,Synthetic Fill
SYN-5K-100111,2023-01-01,23.319277,78.379166,Fatal,Rural/Minor Highway,Clear,Central India,Synthetic Fill
SYN-5K-100112,2023-01-01,13.378655,77.236368,Grievous Injury,Highway Corridor,Clear,Central India,Synthetic Fill
SYN-5K-100113,2023-01-01,21.563372,80.996509,Grievous Injury,Rural/Minor Highway,Clear,Central India,Synthetic Fill
SYN-5K-100114,2023-01-01,16.477431,74.628655,Minor Damage,Highway Corridor,Clear,Central India,Synthetic Fill
SYN-5K-100115,2023-01-01,23.05718,76.850151,Fatal,Rural/Minor Highway,Clear,Central India,Synthetic Fill
SYN-5K-100116,2023-01-01,18.019913,74.024139,Grievous Injury,Highway Corridor,Clear,Central India,Synthetic Fill
SYN-5K-100117,2023-01-01,16.414575,73.95397647499999,Fatal,Rural/Minor Highway,Clear,Central India,Synthetic Fill
SYN-5K-100118,2023-01-01,28.082989,76.759586,Minor Damage,Highway Corridor,Clear,Central India,Synthetic Fill
SYN-5K-100119,2023-01-01,23.088036,86.353451,Grievous Injury,Rural/Minor Highway,Clear,Central India,Synthetic Fill
SYN-5K-100120,2023-01-01,18.575648,73.728105,Grievous Injury,Highway Corridor,Clear,Central India,Synthetic Fill
SYN-5K-100121,2023-01-01,23.455496,84.770908,Minor Damage,Rural/Minor Highway,Clear,Central India,Synthetic Fill
SYN-5K-100122,2023-01-01,15.667216,78.12566,Grievous Injury,Highway Corridor,Clear,Central India,Synthetic Fill
SYN-5K-100123,2023-01-01,23.330577,77.619712,Fatal,Rural/Minor Highway,Clear,Central India,Synthetic Fill
SYN-5K-100124,2023-01-01,25.841696,83.334193,Minor Damage,Highway Corridor,Clear,Central India,Synthetic Fill
SYN-5K-100125,2023-01-01,20.126465,78.401661,Minor Damage,Rural/Minor Highway,Clear,Central India,Synthetic Fill
SYN-5K-100126,2023-01-01,13.496977,77.722381,Grievous Injury,Highway Corridor,Clear,Central India,Synthetic Fill
SYN-5K-100127,2023-01-01,23.013387,77.423673,Minor Damage,Rural/Minor Highway,Clear,Central India,Synthetic Fill
SYN-5K-100128,2023-01-01,24.952878,85.576955,Fatal,Highway Corridor,Clear,Central India,Synthetic Fill
SYN-5K-100129,2023-01-01,23.623423,84.49046,Grievous Injury,Rural/Minor Highway,Clear,Central India,Synthetic Fill
SYN-5K-100130,2023-01-01,19.376838,84.825598,Grievous Injury,Highway Corridor,Clear,Central India,Synthetic Fill
SYN-5K-100131,2023-01-01,22.44067,85.776242,Grievous Injury,Rural/Minor Highway,Clear,Central India,Synthetic Fill
SYN-5K-100132,2023-01-01,24.228168,73.45616,Minor Damage,Highway Corridor,Clear,Central India,Synthetic Fill
SYN-5K-100133,2023-01-01,15.690286,75.462398,Fatal,Rural/Minor Highway,Clear,Central India,Synthetic Fill
SYN-5K-100134,2023-01-01,22.714981,88.163762,Grievous Injury,Highway Corridor,Clear,Central India,Synthetic Fill
SYN-5K-100135,2023-01-01,20.642498,79.048951,Grievous Injury,Rural/Minor Highway,Clear,Central India,Synthetic Fill
SYN-5K-100136,2023-01-01,25.750688,84.188493,Fatal,Highway Corridor,Clear,Central India,Synthetic Fill
SYN-5K-100137,2023-01-01,22.450599,85.312582,Fatal,Rural/Minor Highway,Clear,Central India,Synthetic Fill
SYN-5K-100138,2023-01-01,20.11481,85.651762,Minor Damage,Highway Corridor,Clear,Central India,Synthetic Fill
SYN-5K-100139,2023-01-01,23.748956,84.699584,Grievous Injury,Rural/Minor Highway,Clear,Central India,Synthetic Fill
SYN-5K-100140,2023-01-01,18.734759,78.656519,Grievous Injury,Highway Corridor,Clear,Central India,Synthetic Fill
SYN-5K-100141,2023-01-01,23.809086,84.120069,Minor Damage,Rural/Minor Highway,Clear,Central India,Synthetic Fill
SYN-5K-100142,2023-01-01,20.595069,86.112757,Fatal,Highway Corridor,Clear,Central India,Synthetic Fill
SYN-5K-100143,2023-01-01,19.845787,75.183655,Minor Damage,Rural/Minor Highway,Clear,Central India,Synthetic Fill
SYN-5K-100144,2023-01-01,19.995462,72.854701,Minor Damage,Highway Corridor,Clear,Central India,Synthetic Fill
SYN-5K-100145,2023-01-01,23.592762,85.937961,Grievous Injury,Rural/Minor Highway,Clear,Central India,Synthetic Fill
SYN-5K-100146,2023-01-01,24.293538,86.068593,Fatal,Highway Corridor,Clear,Central India,Synthetic Fill
SYN-5K-100147,2023-01-01,21.629251,81.309024,Fatal,Rural/Minor Highway,Clear,Central India,Synthetic Fill
SYN-5K-100148,2023-01-01,24.357584,85.893839,Grievous Injury,Highway Corridor,Clear,Central India,Synthetic Fill
SYN-5K-100149,2023-01-01,19.837027,75.75453,Grievous Injury,Rural/Minor Highway,Clear,Central India,Synthetic Fill
SYN-5K-100150,2023-01-01,22.980986,87.664003,Grievous Injury,Highway Corridor,Clear,Central India,Synthetic Fill
SYN-5K-100151,2023-01-01,15.831678,75.132416,Minor Damage,Rural/Minor Highway,Clear,Central India,Synthetic Fill
SYN-5K-100152,2023-01-01,26.077556,82.708612,Fatal,Highway Corridor,Clear,Central India,Synthetic Fill
SYN-5K-100153,2023-01-01,22.348344,77.683643,Fatal,Rural/Minor Highway,Clear,Central India,Synthetic Fill
SYN-5K-100154,2023-01-01,26.113578,81.883195,Minor Damage,Highway Corridor,Clear,Central India,Synthetic Fill
SYN-5K-100155,2023-01-01,19.920307,75.4574,Minor Damage,Rural/Minor Highway,Clear,Central India,Synthetic Fill
SYN-5K-100156,2023-01-01,16.863433,80.68228961199999,Grievous Injury,Highway Corridor,Clear,Central India,Synthetic Fill
SYN-5K-100157,2023-01-01,19.727234,75.215051,Minor Damage,Rural/Minor Highway,Clear,Central India,Synthetic Fill
SYN-5K-100158,2023-01-01,17.517805,80.92048102,Grievous Injury,Highway Corridor,Clear,Central India,Synthetic Fill
SYN-5K-100159,2023-01-01,20.298605,79.512297,Grievous Injury,Rural/Minor Highway,Clear,Central India,Synthetic Fill
SYN-5K-100160,2023-01-01,25.205982,74.301886,Fatal,Highway Corridor,Clear,Central India,Synthetic Fill
SYN-5K-100161,2023-01-01,21.41997,78.431239,Minor Damage,Rural/Minor Highway,Clear,Central India,Synthetic Fill
SYN-5K-100162,2023-01-01,23.833023,73.196664,Grievous Injury,Highway Corridor,Clear,Central India,Synthetic Fill
SYN-5K-100163,2023-01-01,20.852591,78.765661,Grievous Injury,Rural/Minor Highway,Clear,Central India,Synthetic Fill
SYN-5K-100164,2023-01-01,18.907863,73.283318,Fatal,Highway Corridor,Clear,Central India,Synthetic Fill
SYN-5K-100165,2023-01-01,21.891534,81.282081,Grievous Injury,Rural/Minor Highway,Clear,Central India,Synthetic Fill
SYN-5K-100166,2023-01-01,17.493414,80.911602696,Grievous Injury,Highway Corridor,Clear,Central India,Synthetic Fill
SYN-5K-100167,2023-01-01,22.917747,77.261274,Minor Damage,Rural/Minor Highway,Clear,Central India,Synthetic Fill
SYN-5K-100168,2023-01-01,21.627871,87.294411,Grievous Injury,Highway Corridor,Clear,Central India,Synthetic Fill
SYN-5K-100169,2023-01-01,21.359947,80.568752,Grievous Injury,Rural/Minor Highway,Clear,Central India,Synthetic Fill
SYN-5K-100170,2023-01-01,24.692435,85.862574,Grievous Injury,Highway Corridor,Clear,Central India,Synthetic Fill
SYN-5K-100171,2023-01-01,21.287728,79.60741,Fatal,Rural/Minor Highway,Clear,Central India,Synthetic Fill
SYN-5K-100172,2023-01-01,26.05219,82.352086,Grievous Injury,Highway Corridor,Clear,Central India,Synthetic Fill
SYN-5K-100173,2023-01-01,20.339177,75.044483,Fatal,Rural/Minor Highway,Clear,Central India,Synthetic Fill
SYN-5K-100174,2023-01-01,19.302665,72.994379,Grievous Injury,Highway Corridor,Clear,Central India,Synthetic Fill
SYN-5K-100175,2023-01-01,21.361581,78.712297,Grievous Injury,Rural/Minor Highway,Clear,Central India,Synthetic Fill
SYN-5K-100176,2023-01-01,15.514468,80.191266352,Fatal,Highway Corridor,Clear,Central India,Synthetic Fill
SYN-5K-100177,2023-01-01,21.223728,80.414754,Grievous Injury,Rural/Minor Highway,Clear,Central India,Synthetic Fill
SYN-5K-100178,2023-01-01,23.65342,86.509036,Fatal,Highway Corridor,Clear,Central India,Synthetic Fill
SYN-5K-100179,2023-01-01,19.715139,75.130697,Grievous Injury,Rural/Minor Highway,Clear,Central India,Synthetic Fill
SYN-5K-100180,2023-01-01,20.466697,86.039822,Grievous Injury,Highway Corridor,Clear,Central India,Synthetic Fill
SYN-5K-100181,2023-01-01,22.962052,85.090304,Fatal,Rural/Minor Highway,Clear,Central India,Synthetic Fill
SYN-5K-100182,2023-01-01,18.736476,73.529419,Grievous Injury,Highway Corridor,Clear,Central India,Synthetic Fill
SYN-5K-100183,2023-01-01,20.740711,78.324852,Fatal,Rural/Minor Highway,Clear,Central India,Synthetic Fill
SYN-5K-100184,2023-01-01,14.855096,75.726687,Grievous Injury,Highway Corridor,Clear,Central India,Synthetic Fill
SYN-5K-100185,2023-01-01,13.629196,75.143333308,Grievous Injury,Rural/Minor Highway,Clear,Central India,Synthetic Fill
SYN-5K-100186,2023-01-01,25.93742,83.100046,Minor Damage,Highway Corridor,Clear,Central India,Synthetic Fill
SYN-5K-100187,2023-01-01,21.544237,82.629266,Grievous Injury,Rural/Minor Highway,Clear,Central India,Synthetic Fill
SYN-5K-100188,2023-01-01,28.465537,77.29582,Minor Damage,Highway Corridor,Clear,Central India,Synthetic Fill
SYN-5K-100189,2023-01-01,21.122541,78.683265,Minor Damage,Rural/Minor Highway,Clear,Central India,Synthetic Fill
SYN-5K-100190,2023-01-01,23.259124,87.407753,Grievous Injury,Highway Corridor,Clear,Central India,Synthetic Fill
SYN-5K-100191,2023-01-01,23.091004,84.773335,Grievous Injury,Rural/Minor Highway,Clear,Central India,Synthetic Fill
SYN-5K-100192,2023-01-01,25.680859,78.473533,Fatal,Highway Corridor,Clear,Central India,Synthetic Fill
SYN-5K-100193,2023-01-01,21.807226,78.778669,Grievous Injury,Rural/Minor Highway,Clear,Central India,Synthetic Fill
SYN-5K-100194,2023-01-01,25.980633,82.631815,Grievous Injury,Highway Corridor,Clear,Central India,Synthetic Fill
SYN-5K-100195,2023-01-01,22.029518,81.770503,Grievous Injury,Rural/Minor Highway,Clear,Central India,Synthetic Fill
SYN-5K-100196,2023-01-01,20.971706,86.705018,Grievous Injury,Highway Corridor,Clear,Central India,Synthetic Fill
SYN-5K-100197,2023-01-01,15.199439,75.236278,Minor Damage,Rural/Minor Highway,Clear,Central India,Synthetic Fill
SYN-5K-100198,2023-01-01,25.854422,83.557246,Minor Damage,Highway Corridor,Clear,Central India,Synthetic Fill
SYN-5K-100199,2023-01-01,20.984576,79.202096,Grievous Injury,Rural/Minor Highway,Clear,Central India,Synthetic Fill
SYN-5K-100200,2023-01-01,14.509444,77.870562,Minor Damage,Highway Corridor,Clear,Central India,Synthetic Fill
SYN-5K-100201,2023-01-01,21.136813,80.353242,Minor Damage,Rural/Minor Highway,Clear,Central India,Synthetic Fill
SYN-5K-100202,2023-01-01,18.453831,81.261194484,Grievous Injury,Highway Corridor,Clear,Central India,Synthetic Fill
SYN-5K-100203,2023-01-01,21.150494,81.342542,Grievous Injury,Rural/Minor Highway,Clear,Central India,Synthetic Fill
SYN-5K-100204,2023-01-01,16.298764,78.321276,Minor Damage,Highway Corridor,Clear,Central India,Synthetic Fill
SYN-5K-100205,2023-01-01,19.315526,75.904205,Minor Damage,Rural/Minor Highway,Clear,Central India,Synthetic Fill
SYN-5K-100206,2023-01-01,23.77444,86.654702,Grievous Injury,Highway Corridor,Clear,Central India,Synthetic Fill
SYN-5K-100207,2023-01-01,24.598363,85.362509,Fatal,Rural/Minor Highway,Clear,Central India,Synthetic Fill
SYN-5K-100208,2023-01-01,17.891226,74.028819,Fatal,Highway Corridor,Clear,Central India,Synthetic Fill
SYN-5K-100209,2023-01-01,20.443969,75.439381,Minor Damage,Rural/Minor Highway,Clear,Central India,Synthetic Fill
SYN-5K-100210,2023-01-01,20.117671,72.859474,Minor Damage,Highway Corridor,Clear,Central India,Synthetic Fill
SYN-5K-100211,2023-01-01,22.939073,85.08064,Fatal,Rural/Minor Highway,Clear,Central India,Synthetic Fill
SYN-5K-100212,2023-01-01,26.968233,77.972897,Minor Damage,Highway Corridor,Clear,Central India,Synthetic Fill
SYN-5K-100213,2023-01-01,22.84578,78.128318,Minor Damage,Rural/Minor Highway,Clear,Central India,Synthetic Fill
SYN-5K-100214,2023-01-01,16.337229,80.490751356,Fatal,Highway Corridor,Clear,Central India,Synthetic Fill
SYN-5K-100215,2023-01-01,21.512018,79.96245,Minor Damage,Rural/Minor Highway,Clear,Central India,Synthetic Fill
SYN-5K-100216,2023-01-01,27.847845,76.558494,Grievous Injury,Highway Corridor,Clear,Central India,Synthetic Fill
SYN-5K-100217,2023-01-01,14.839121,75.691882,Grievous Injury,Rural/Minor Highway,Clear,Central India,Synthetic Fill
SYN-5K-100218,2023-01-01,18.934198,73.251243,Fatal,Highway Corridor,Clear,Central India,Synthetic Fill
SYN-5K-100219,2023-01-01,23.439773,85.518984,Grievous Injury,Rural/Minor Highway,Clear,Central India,Synthetic Fill
SYN-5K-100220,2023-01-01,14.472256,76.036324,Grievous Injury,Highway Corridor,Clear,Central India,Synthetic Fill
SYN-5K-100221,2023-01-01,20.333051,75.025909,Grievous Injury,Rural/Minor Highway,Clear,Central India,Synthetic Fill
SYN-5K-100222,2023-01-01,18.783631,73.340186,Fatal,Highway Corridor,Clear,Central India,Synthetic Fill
SYN-5K-100223,2023-01-01,22.160932,81.725702,Grievous Injury,Rural/Minor Highway,Clear,Central India,Synthetic Fill
SYN-5K-100224,2023-01-01,24.239333,73.403659,Grievous Injury,Highway Corridor,Clear,Central India,Synthetic Fill
SYN-5K-100225,2023-01-01,22.149378,76.945355,Grievous Injury,Rural/Minor Highway,Clear,Central India,Synthetic Fill
SYN-5K-100226,2023-01-01,19.861311,85.367872,Grievous Injury,Highway Corridor,Clear,Central India,Synthetic Fill
SYN-5K-100227,2023-01-01,20.396874,82.106829,Grievous Injury,Rural/Minor Highway,Clear,Central India,Synthetic Fill
SYN-5K-100228,2023-01-01,22.101043,87.830947,Grievous Injury,Highway Corridor,Clear,Central India,Synthetic Fill
SYN-5K-100229,2023-01-01,19.317816,75.99797,Minor Damage,Rural/Minor Highway,Clear,Central India,Synthetic Fill
SYN-5K-100230,2023-01-01,24.462623,86.031089,Minor Damage,Highway Corridor,Clear,Central India,Synthetic Fill
SYN-5K-100231,2023-01-01,21.069192,78.485728,Fatal,Rural/Minor Highway,Clear,Central India,Synthetic Fill
SYN-5K-100232,2023-01-01,24.453723,73.426381,Fatal,Highway Corridor,Clear,Central India,Synthetic Fill
SYN-5K-100233,2023-01-01,23.581417,77.353072,Fatal,Rural/Minor Highway,Clear,Central India,Synthetic Fill
SYN-5K-100234,2023-01-01,28.355406,77.245105,Minor Damage,Highway Corridor,Clear,Central India,Synthetic Fill
SYN-5K-100235,2023-01-01,20.983207,78.996368,Grievous Injury,Rural/Minor Highway,Clear,Central India,Synthetic Fill
SYN-5K-100236,2023-01-01,23.428119,87.019739,Grievous Injury,Highway Corridor,Clear,Central India,Synthetic Fill
SYN-5K-100237,2023-01-01,22.583627,77.636805,Grievous Injury,Rural/Minor Highway,Clear,Central India,Synthetic Fill
SYN-5K-100238,2023-01-01,18.575686,73.744322,Minor Damage,Highway Corridor,Clear,Central India,Synthetic Fill
SYN-5K-100239,2023-01-01,22.694029,85.224129,Grievous Injury,Rural/Minor Highway,Clear,Central India,Synthetic Fill
SYN-5K-100240,2023-01-01,13.482879,79.451767956,Fatal,Highway Corridor,Clear,Central India,Synthetic Fill
SYN-5K-100241,2023-01-01,21.280534,79.418162,Fatal,Rural/Minor Highway,Clear,Central India,Synthetic Fill
SYN-5K-100242,2023-01-01,15.761594,74.971722,Grievous Injury,Highway Corridor,Clear,Central India,Synthetic Fill
SYN-5K-100243,2023-01-01,15.566509,74.326423,Grievous Injury,Rural/Minor Highway,Clear,Central India,Synthetic Fill
SYN-5K-100244,2023-01-01,21.464511,87.102376,Grievous Injury,Highway Corridor,Clear,Central India,Synthetic Fill
SYN-5K-100245,2023-01-01,14.744665,74.903996,Fatal,Rural/Minor Highway,Clear,Central India,Synthetic Fill
SYN-5K-100246,2023-01-01,20.281808,78.862353,Grievous Injury,Highway Corridor,Clear,Central India,Synthetic Fill
SYN-5K-100247,2023-01-01,14.370316,74.82687506799999,Minor Damage,Rural/Minor Highway,Clear,Central India,Synthetic Fill
SYN-5K-100248,2023-01-01,26.061731,82.409792,Grievous Injury,Highway Corridor,Clear,Central India,Synthetic Fill
SYN-5K-100249,2023-01-01,14.486715,74.77717269499999,Grievous Injury,Rural/Minor Highway,Clear,Central India,Synthetic Fill
SYN-5K-100250,2023-01-01,15.593194,78.062122,Grievous Injury,Highway Corridor,Clear,Central India,Synthetic Fill
SYN-5K-100251,2023-01-01,23.791244,77.726505,Minor Damage,Rural/Minor Highway,Clear,Central India,Synthetic Fill
SYN-5K-100252,2023-01-01,21.636149,79.024463,Minor Damage,Highway Corridor,Clear,Central India,Synthetic Fill
SYN-5K-100253,2023-01-01,20.843065,79.531561,Grievous Injury,Rural/Minor Highway,Clear,Central India,Synthetic Fill
SYN-5K-100254,2023-01-01,18.712853,73.624637,Minor Damage,Highway Corridor,Clear,Central India,Synthetic Fill
SYN-5K-100255,2023-01-01,23.409887,78.036652,Minor Damage,Rural/Minor Highway,Clear,Central India,Synthetic Fill
SYN-5K-100256,2023-01-01,17.514277,74.272704,Minor Damage,Highway Corridor,Clear,Central India,Synthetic Fill
SYN-5K-100257,2023-01-01,20.199972,75.430606,Fatal,Rural/Minor Highway,Clear,Central India,Synthetic Fill
SYN-5K-100258,2023-01-01,18.804778,78.748877,Grievous Injury,Highway Corridor,Clear,Central India,Synthetic Fill
SYN-5K-100259,2023-01-01,20.010283,74.272089,Fatal,Rural/Minor Highway,Clear,Central India,Synthetic Fill
SYN-5K-100260,2023-01-01,23.975717,86.277011,Minor Damage,Highway Corridor,Clear,Central India,Synthetic Fill
SYN-5K-100261,2023-01-01,21.227566,79.740332,Grievous Injury,Rural/Minor Highway,Clear,Central India,Synthetic Fill
SYN-5K-100262,2023-01-01,25.748983,84.147419,Grievous Injury,Highway Corridor,Clear,Central India,Synthetic Fill
SYN-5K-100263,2023-01-01,18.683096,75.180072,Minor Damage,Rural/Minor Highway,Clear,Central India,Synthetic Fill
SYN-5K-100264,2023-01-01,20.875697,79.077474,Fatal,Highway Corridor,Clear,Central India,Synthetic Fill
SYN-5K-100265,2023-01-01,19.445389,74.841188,Grievous Injury,Rural/Minor Highway,Clear,Central India,Synthetic Fill
SYN-5K-100266,2023-01-01,22.97466,87.755655,Grievous Injury,Highway Corridor,Clear,Central India,Synthetic Fill
SYN-5K-100267,2023-01-01,20.262297,75.211154,Fatal,Rural/Minor Highway,Clear,Central India,Synthetic Fill
SYN-5K-100268,2023-01-01,14.143749,79.692324636,Fatal,Highway Corridor,Clear,Central India,Synthetic Fill
SYN-5K-100269,2023-01-01,23.000611,86.273197,Minor Damage,Rural/Minor Highway,Clear,Central India,Synthetic Fill
SYN-5K-100270,2023-01-01,16.822668,74.571424,Grievous Injury,Highway Corridor,Clear,Central India,Synthetic Fill
SYN-5K-100271,2023-01-01,22.096048,79.697147,Minor Damage,Rural/Minor Highway,Clear,Central India,Synthetic Fill
SYN-5K-100272,2023-01-01,24.20942,86.066418,Grievous Injury,Highway Corridor,Clear,Central India,Synthetic Fill
SYN-5K-100273,2023-01-01,24.007899,77.176788,Minor Damage,Rural/Minor Highway,Clear,Central India,Synthetic Fill
SYN-5K-100274,2023-01-01,24.026036,86.323473,Minor Damage,Highway Corridor,Clear,Central India,Synthetic Fill
SYN-5K-100275,2023-01-01,19.973905,80.459584,Minor Damage,Rural/Minor Highway,Clear,Central India,Synthetic Fill
SYN-5K-100276,2023-01-01,17.311617,80.84542858799999,Fatal,Highway Corridor,Clear,Central India,Synthetic Fill
SYN-5K-100277,2023-01-01,20.984635,74.182374,Minor Damage,Rural/Minor Highway,Clear,Central India,Synthetic Fill
SYN-5K-100278,2023-01-01,15.945875,74.905471,Grievous Injury,Highway Corridor,Clear,Central India,Synthetic Fill
SYN-5K-100279,2023-01-01,21.115217,82.377982,Grievous Injury,Rural/Minor Highway,Clear,Central India,Synthetic Fill
SYN-5K-100280,2023-01-01,28.180518,77.372499,Grievous Injury,Highway Corridor,Clear,Central India,Synthetic Fill
SYN-5K-100281,2023-01-01,23.635532,85.421646,Fatal,Rural/Minor Highway,Clear,Central India,Synthetic Fill
SYN-5K-100282,2023-01-01,20.27154,72.939362,Minor Damage,Highway Corridor,Clear,Central India,Synthetic Fill
SYN-5K-100283,2023-01-01,14.760905,74.860801,Grievous Injury,Rural/Minor Highway,Clear,Central India,Synthetic Fill
SYN-5K-100284,2023-01-01,18.525732,81.287366448,Fatal,Highway Corridor,Clear,Central India,Synthetic Fill
SYN-5K-100285,2023-01-01,23.023227,85.172774,Minor Damage,Rural/Minor Highway,Clear,Central India,Synthetic Fill
SYN-5K-100286,2023-01-01,18.73587,73.51449,Minor Damage,Highway Corridor,Clear,Central India,Synthetic Fill
SYN-5K-100287,2023-01-01,21.784407,78.919107,Grievous Injury,Rural/Minor Highway,Clear,Central India,Synthetic Fill
SYN-5K-100288,2023-01-01,22.989103,78.866225,Minor Damage,Highway Corridor,Clear,Central India,Synthetic Fill
SYN-5K-100289,2023-01-01,23.381729,86.210098,Fatal,Rural/Minor Highway,Clear,Central India,Synthetic Fill
SYN-5K-100290,2023-01-01,14.704349,75.851238,Grievous Injury,Highway Corridor,Clear,Central India,Synthetic Fill
SYN-5K-100291,2023-01-01,20.761972,81.993715,Grievous Injury,Rural/Minor Highway,Clear,Central India,Synthetic Fill
SYN-5K-100292,2023-01-01,27.749249,76.560729,Fatal,Highway Corridor,Clear,Central India,Synthetic Fill
SYN-5K-100293,2023-01-01,21.188006,82.052715,Minor Damage,Rural/Minor Highway,Clear,Central India,Synthetic Fill
SYN-5K-100294,2023-01-01,22.87003,87.819649,Grievous Injury,Highway Corridor,Clear,Central India,Synthetic Fill
SYN-5K-100295,2023-01-01,16.070788,75.038263,Grievous Injury,Rural/Minor Highway,Clear,Central India,Synthetic Fill
SYN-5K-100296,2023-01-01,16.868043,80.68396765199999,Grievous Injury,Highway Corridor,Clear,Central India,Synthetic Fill
SYN-5K-100297,2023-01-01,21.40904,77.760347,Minor Damage,Rural/Minor Highway,Clear,Central India,Synthetic Fill
SYN-5K-100298,2023-01-01,23.390211,72.870358,Fatal,Highway Corridor,Clear,Central India,Synthetic Fill
SYN-5K-100299,2023-01-01,23.17696,85.751043,Fatal,Rural/Minor Highway,Clear,Central India,Synthetic Fill
SYN-5K-100300,2023-01-01,16.135497,80.417320908,Grievous Injury,Highway Corridor,Clear,Central India,Synthetic Fill
SYN-5K-100301,2023-01-01,20.164525,75.759492,Minor Damage,Rural/Minor Highway,Clear,Central India,Synthetic Fill
SYN-5K-100302,2023-01-01,23.820337,73.171616,Grievous Injury,Highway Corridor,Clear,Central India,Synthetic Fill
SYN-5K-100303,2023-01-01,23.494626,76.858236,Minor Damage,Rural/Minor Highway,Clear,Central India,Synthetic Fill
SYN-5K-100304,2023-01-01,24.851161,73.90957,Grievous Injury,Highway Corridor,Clear,Central India,Synthetic Fill
SYN-5K-100305,2023-01-01,20.367157,76.367168,Minor Damage,Rural/Minor Highway,Clear,Central India,Synthetic Fill
SYN-5K-100306,2023-01-01,22.260632,72.618738,Grievous Injury,Highway Corridor,Clear,Central India,Synthetic Fill
SYN-5K-100307,2023-01-01,20.440283,81.928237,Grievous Injury,Rural/Minor Highway,Clear,Central India,Synthetic Fill
SYN-5K-100308,2023-01-01,23.927592,73.29429,Minor Damage,Highway Corridor,Clear,Central India,Synthetic Fill
SYN-5K-100309,2023-01-01,20.587569,79.980914,Minor Damage,Rural/Minor Highway,Clear,Central India,Synthetic Fill
SYN-5K-100310,2023-01-01,27.185164,76.053589,Minor Damage,Highway Corridor,Clear,Central India,Synthetic Fill
SYN-5K-100311,2023-01-01,23.430382,84.623203,Minor Damage,Rural/Minor Highway,Clear,Central India,Synthetic Fill
SYN-5K-100312,2023-01-01,24.011163,73.335997,Grievous Injury,Highway Corridor,Clear,Central India,Synthetic Fill
SYN-5K-100313,2023-01-01,24.052609,84.910332,Minor Damage,Rural/Minor Highway,Clear,Central India,Synthetic Fill
SYN-5K-100314,2023-01-01,25.048002,85.481954,Minor Damage,Highway Corridor,Clear,Central India,Synthetic Fill
SYN-5K-100315,2023-01-01,23.278751,77.60512,Grievous Injury,Rural/Minor Highway,Clear,Central India,Synthetic Fill
SYN-5K-100316,2023-01-01,22.231538,72.629458,Grievous Injury,Highway Corridor,Clear,Central India,Synthetic Fill
SYN-5K-100317,2023-01-01,19.468832,77.02023,Fatal,Rural/Minor Highway,Clear,Central India,Synthetic Fill
SYN-5K-100318,2023-01-01,27.292262,77.946616,Grievous Injury,Highway Corridor,Clear,Central India,Synthetic Fill
SYN-5K-100319,2023-01-01,22.608758,84.724563,Fatal,Rural/Minor Highway,Clear,Central India,Synthetic Fill
SYN-5K-100320,2023-01-01,23.202663,87.387889,Minor Damage,Highway Corridor,Clear,Central India,Synthetic Fill
SYN-5K-100321,2023-01-01,20.345899,79.13398,Grievous Injury,Rural/Minor Highway,Clear,Central India,Synthetic Fill
SYN-5K-100322,2023-01-01,26.190651,81.453292,Grievous Injury,Highway Corridor,Clear,Central India,Synthetic Fill
SYN-5K-100323,2023-01-01,21.157737,79.321256,Grievous Injury,Rural/Minor Highway,Clear,Central India,Synthetic Fill
SYN-5K-100324,2023-01-01,26.343141,75.328427,Minor Damage,Highway Corridor,Clear,Central India,Synthetic Fill
SYN-5K-100325,2023-01-01,23.40155,85.512918,Grievous Injury,Rural/Minor Highway,Clear,Central India,Synthetic Fill
SYN-5K-100326,2023-01-01,21.617594,72.695034,Grievous Injury,Highway Corridor,Clear,Central India,Synthetic Fill
SYN-5K-100327,2023-01-01,23.14637,77.618472,Minor Damage,Rural/Minor Highway,Clear,Central India,Synthetic Fill
SYN-5K-100328,2023-01-01,21.194144,86.848737,Fatal,Highway Corridor,Clear,Central India,Synthetic Fill
SYN-5K-100329,2023-01-01,15.279524,75.608875,Minor Damage,Rural/Minor Highway,Clear,Central India,Synthetic Fill
SYN-5K-100330,2023-01-01,27.158014,76.084282,Fatal,Highway Corridor,Clear,Central India,Synthetic Fill
SYN-5K-100331,2023-01-01,21.379036,79.887929,Fatal,Rural/Minor Highway,Clear,Central India,Synthetic Fill
SYN-5K-100332,2023-01-01,22.314471,72.693444,Fatal,Highway Corridor,Clear,Central India,Synthetic Fill
SYN-5K-100333,2023-01-01,23.410722,85.579226,Minor Damage,Rural/Minor Highway,Clear,Central India,Synthetic Fill
SYN-5K-100334,2023-01-01,15.424255,78.072289,Minor Damage,Highway Corridor,Clear,Central India,Synthetic Fill
SYN-5K-100335,2023-01-01,15.689962,75.446491,Grievous Injury,Rural/Minor Highway,Clear,Central India,Synthetic Fill
SYN-5K-100336,2023-01-01,26.102413,82.176572,Minor Damage,Highway Corridor,Clear,Central India,Synthetic Fill
SYN-5K-100337,2023-01-01,20.055455,80.776485,Grievous Injury,Rural/Minor Highway,Clear,Central India,Synthetic Fill
SYN-5K-100338,2023-01-01,23.918974,78.794147,Fatal,Highway Corridor,Clear,Central India,Synthetic Fill
SYN-5K-100339,2023-01-01,23.981701,76.928903,Grievous Injury,Rural/Minor Highway,Clear,Central India,Synthetic Fill
SYN-5K-100340,2023-01-01,28.157847,76.690541,Fatal,Highway Corridor,Clear,Central India,Synthetic Fill
SYN-5K-100341,2023-01-01,15.272412,74.441686,Grievous Injury,Rural/Minor Highway,Clear,Central India,Synthetic Fill
SYN-5K-100342,2023-01-01,25.916649,83.371618,Grievous Injury,Highway Corridor,Clear,Central India,Synthetic Fill
SYN-5K-100343,2023-01-01,15.878762,74.931215,Minor Damage,Rural/Minor Highway,Clear,Central India,Synthetic Fill
SYN-5K-100344,2023-01-01,24.872794,73.993896,Fatal,Highway Corridor,Clear,Central India,Synthetic Fill
SYN-5K-100345,2023-01-01,16.239634,75.28925,Grievous Injury,Rural/Minor Highway,Clear,Central India,Synthetic Fill
SYN-5K-100346,2023-01-01,18.192719,73.937713,Minor Damage,Highway Corridor,Clear,Central India,Synthetic Fill
SYN-5K-100347,2023-01-01,20.878927,79.924066,Grievous Injury,Rural/Minor Highway,Clear,Central India,Synthetic Fill
SYN-5K-100348,2023-01-01,24.437348,73.619244,Grievous Injury,Highway Corridor,Clear,Central India,Synthetic Fill
SYN-5K-100349,2023-01-01,14.622153,74.71934066899999,Minor Damage,Rural/Minor Highway,Clear,Central India,Synthetic Fill
SYN-5K-100350,2023-01-01,25.806043,74.765505,Grievous Injury,Highway Corridor,Clear,Central India,Synthetic Fill
SYN-5K-100351,2023-01-01,21.919837,82.14711,Grievous Injury,Rural/Minor Highway,Clear,Central India,Synthetic Fill
SYN-5K-100352,2023-01-01,25.973681,74.890697,Minor Damage,Highway Corridor,Clear,Central India,Synthetic Fill
SYN-5K-100353,2023-01-01,23.866653,76.96515,Minor Damage,Rural/Minor Highway,Clear,Central India,Synthetic Fill
SYN-5K-100354,2023-01-01,14.125532,76.488585,Grievous Injury,Highway Corridor,Clear,Central India,Synthetic Fill
SYN-5K-100355,2023-01-01,21.590063,81.293311,Grievous Injury,Rural/Minor Highway,Clear,Central India,Synthetic Fill
SYN-5K-100356,2023-01-01,15.732204,74.947806,Grievous Injury,Highway Corridor,Clear,Central India,Synthetic Fill
SYN-5K-100357,2023-01-01,24.238551,85.173043,Minor Damage,Rural/Minor Highway,Clear,Central India,Synthetic Fill
SYN-5K-100358,2023-01-01,28.42926,77.158563,Fatal,Highway Corridor,Clear,Central India,Synthetic Fill
SYN-5K-100359,2023-01-01,15.983681,75.801151,Minor Damage,Rural/Minor Highway,Clear,Central India,Synthetic Fill
SYN-5K-100360,2023-01-01,18.989255,72.975791,Grievous Injury,Highway Corridor,Clear,Central India,Synthetic Fill
SYN-5K-100361,2023-01-01,23.034678,78.139241,Grievous Injury,Rural/Minor Highway,Clear,Central India,Synthetic Fill
SYN-5K-100362,2023-01-01,22.354526,72.811973,Grievous Injury,Highway Corridor,Clear,Central India,Synthetic Fill
SYN-5K-100363,2023-01-01,24.092208,85.344232,Grievous Injury,Rural/Minor Highway,Clear,Central India,Synthetic Fill
SYN-5K-100364,2023-01-01,25.44197,85.334205,Grievous Injury,Highway Corridor,Clear,Central India,Synthetic Fill
SYN-5K-100365,2023-01-01,21.579268,79.389066,Grievous Injury,Rural/Minor Highway,Clear,Central India,Synthetic Fill
SYN-5K-100366,2023-01-01,24.650872,73.793364,Fatal,Highway Corridor,Clear,Central India,Synthetic Fill
SYN-5K-100367,2023-01-01,19.533001,75.099162,Grievous Injury,Rural/Minor Highway,Clear,Central India,Synthetic Fill
SYN-5K-100368,2023-01-01,18.290963,73.972581,Minor Damage,Highway Corridor,Clear,Central India,Synthetic Fill
SYN-5K-100369,2023-01-01,20.790687,80.92369,Minor Damage,Rural/Minor Highway,Clear,Central India,Synthetic Fill
SYN-5K-100370,2023-01-01,24.432704,85.966034,Grievous Injury,Highway Corridor,Clear,Central India,Synthetic Fill
SYN-5K-100371,2023-01-01,22.684393,77.029795,Grievous Injury,Rural/Minor Highway,Clear,Central India,Synthetic Fill
SYN-5K-100372,2023-01-01,26.038135,78.390297,Minor Damage,Highway Corridor,Clear,Central India,Synthetic Fill
SYN-5K-100373,2023-01-01,16.625814,76.49238,Minor Damage,Rural/Minor Highway,Clear,Central India,Synthetic Fill
SYN-5K-100374,2023-01-01,22.837564,72.576154,Grievous Injury,Highway Corridor,Clear,Central India,Synthetic Fill
SYN-5K-100375,2023-01-01,20.159136,75.027994,Fatal,Rural/Minor Highway,Clear,Central India,Synthetic Fill
SYN-5K-100376,2023-01-01,21.264092,78.897698,Grievous Injury,Highway Corridor,Clear,Central India,Synthetic Fill
SYN-5K-100377,2023-01-01,20.864859,82.810111,Minor Damage,Rural/Minor Highway,Clear,Central India,Synthetic Fill
SYN-5K-100378,2023-01-01,20.085336,85.481339,Grievous Injury,Highway Corridor,Clear,Central India,Synthetic Fill
SYN-5K-100379,2023-01-01,23.600487,86.549065,Minor Damage,Rural/Minor Highway,Clear,Central India,Synthetic Fill
SYN-5K-100380,2023-01-01,16.887961,74.448716,Grievous Injury,Highway Corridor,Clear,Central India,Synthetic Fill
SYN-5K-100381,2023-01-01,23.648894,78.551447,Minor Damage,Rural/Minor Highway,Clear,Central India,Synthetic Fill
SYN-5K-100382,2023-01-01,25.897647,74.968532,Fatal,Highway Corridor,Clear,Central India,Synthetic Fill
SYN-5K-100383,2023-01-01,20.877356,76.048597,Grievous Injury,Rural/Minor Highway,Clear,Central India,Synthetic Fill
SYN-5K-100384,2023-01-01,23.000802,87.745394,Fatal,Highway Corridor,Clear,Central India,Synthetic Fill
SYN-5K-100385,2023-01-01,15.364081,74.87293,Grievous Injury,Rural/Minor Highway,Clear,Central India,Synthetic Fill
SYN-5K-100386,2023-01-01,18.608254,81.31740445599999,Grievous Injury,Highway Corridor,Clear,Central India,Synthetic Fill
SYN-5K-100387,2023-01-01,23.339419,85.347725,Minor Damage,Rural/Minor Highway,Clear,Central India,Synthetic Fill
SYN-5K-100388,2023-01-01,19.50156,84.971306,Minor Damage,Highway Corridor,Clear,Central India,Synthetic Fill
SYN-5K-100389,2023-01-01,21.048933,79.238257,Fatal,Rural/Minor Highway,Clear,Central India,Synthetic Fill
SYN-5K-100390,2023-01-01,13.969442,76.521607,Minor Damage,Highway Corridor,Clear,Central India,Synthetic Fill
SYN-5K-100391,2023-01-01,15.377029,75.972212,Minor Damage,Rural/Minor Highway,Clear,Central India,Synthetic Fill
SYN-5K-100392,2023-01-01,24.246378,78.748366,Fatal,Highway Corridor,Clear,Central India,Synthetic Fill
SYN-5K-100393,2023-01-01,19.750812,78.789595,Fatal,Rural/Minor Highway,Clear,Central India,Synthetic Fill
SYN-5K-100394,2023-01-01,24.036615,73.23686,Minor Damage,Highway Corridor,Clear,Central India,Synthetic Fill
SYN-5K-100395,2023-01-01,23.517047,85.354242,Minor Damage,Rural/Minor Highway,Clear,Central India,Synthetic Fill
SYN-5K-100396,2023-01-01,22.808699,72.595119,Minor Damage,Highway Corridor,Clear,Central India,Synthetic Fill
SYN-5K-100397,2023-01-01,19.368326,75.249954,Grievous Injury,Rural/Minor Highway,Clear,Central India,Synthetic Fill
SYN-5K-100398,2023-01-01,21.67673,87.28037,Grievous Injury,Highway Corridor,Clear,Central India,Synthetic Fill
SYN-5K-100399,2023-01-01,15.041576,75.3692,Minor Damage,Rural/Minor Highway,Clear,Central India,Synthetic Fill
SYN-5K-100400,2023-01-01,27.845533,76.526001,Minor Damage,Highway Corridor,Clear,Central India,Synthetic Fill
SYN-5K-100401,2023-01-01,14.686746,74.658131,Minor Damage,Rural/Minor Highway,Clear,Central India,Synthetic Fill
SYN-5K-100402,2023-01-01,17.793324,74.122787,Fatal,Highway Corridor,Clear,Central India,Synthetic Fill
SYN-5K-100403,2023-01-01,14.882424,75.855085,Minor Damage,Rural/Minor Highway,Clear,Central India,Synthetic Fill
SYN-5K-100404,2023-01-01,24.421037,85.997493,Grievous Injury,Highway Corridor,Clear,Central India,Synthetic Fill
SYN-5K-100405,2023-01-01,14.673664,75.895709,Minor Damage,Rural/Minor Highway,Clear,Central India,Synthetic Fill
SYN-5K-100406,2023-01-01,19.185151,72.811661,Grievous Injury,Highway Corridor,Clear,Central India,Synthetic Fill
SYN-5K-100407,2023-01-01,19.79597,75.519351,Grievous Injury,Rural/Minor Highway,Clear,Central India,Synthetic Fill
SYN-5K-100408,2023-01-01,18.571716,73.625563,Grievous Injury,Highway Corridor,Clear,Central India,Synthetic Fill
SYN-5K-100409,2023-01-01,24.390541,85.531157,Minor Damage,Rural/Minor Highway,Clear,Central India,Synthetic Fill
SYN-5K-100410,2023-01-01,14.030159,76.520557,Minor Damage,Highway Corridor,Clear,Central India,Synthetic Fill
SYN-5K-100411,2023-01-01,16.347474,74.985478,Grievous Injury,Rural/Minor Highway,Clear,Central India,Synthetic Fill
SYN-5K-100412,2023-01-01,21.495869,72.779862,Grievous Injury,Highway Corridor,Clear,Central India,Synthetic Fill
SYN-5K-100413,2023-01-01,20.825478,82.058846,Grievous Injury,Rural/Minor Highway,Clear,Central India,Synthetic Fill
SYN-5K-100414,2023-01-01,20.931464,86.519343,Minor Damage,Highway Corridor,Clear,Central India,Synthetic Fill
SYN-5K-100415,2023-01-01,24.194355,85.029604,Minor Damage,Rural/Minor Highway,Clear,Central India,Synthetic Fill
SYN-5K-100416,2023-01-01,20.549459,72.826359,Fatal,Highway Corridor,Clear,Central India,Synthetic Fill
SYN-5K-100417,2023-01-01,21.036962,79.390496,Grievous Injury,Rural/Minor Highway,Clear,Central India,Synthetic Fill
SYN-5K-100418,2023-01-01,20.984624,72.888303,Grievous Injury,Highway Corridor,Clear,Central India,Synthetic Fill
SYN-5K-100419,2023-01-01,19.80171,75.13584,Minor Damage,Rural/Minor Highway,Clear,Central India,Synthetic Fill
SYN-5K-100420,2023-01-01,16.649597,80.604453308,Fatal,Highway Corridor,Clear,Central India,Synthetic Fill
SYN-5K-100421,2023-01-01,23.729645,78.225055,Grievous Injury,Rural/Minor Highway,Clear,Central India,Synthetic Fill
SYN-5K-100422,2023-01-01,17.108111,74.4526,Grievous Injury,Highway Corridor,Clear,Central India,Synthetic Fill
SYN-5K-100423,2023-01-01,21.13135,82.17565,Minor Damage,Rural/Minor Highway,Clear,Central India,Synthetic Fill
SYN-5K-100424,2023-01-01,18.940459,81.438327076,Minor Damage,Highway Corridor,Clear,Central India,Synthetic Fill
SYN-5K-100425,2023-01-01,19.158221,74.19402,Fatal,Rural/Minor Highway,Clear,Central India,Synthetic Fill
SYN-5K-100426,2023-01-01,13.411249,77.706832,Fatal,Highway Corridor,Clear,Central India,Synthetic Fill
SYN-5K-100427,2023-01-01,22.802906,85.838025,Grievous Injury,Rural/Minor Highway,Clear,Central India,Synthetic Fill
SYN-5K-100428,2023-01-01,25.754434,84.538712,Grievous Injury,Highway Corridor,Clear,Central India,Synthetic Fill
SYN-5K-100429,2023-01-01,15.381026,74.807099,Minor Damage,Rural/Minor Highway,Clear,Central India,Synthetic Fill
SYN-5K-100430,2023-01-01,26.46997,75.370105,Fatal,Highway Corridor,Clear,Central India,Synthetic Fill
SYN-5K-100431,2023-01-01,15.654063,75.045567,Minor Damage,Rural/Minor Highway,Clear,Central India,Synthetic Fill
SYN-5K-100432,2023-01-01,17.215043,74.322119,Grievous Injury,Highway Corridor,Clear,Central India,Synthetic Fill
SYN-5K-100433,2023-01-01,22.02345,77.269066,Grievous Injury,Rural/Minor Highway,Clear,Central India,Synthetic Fill
SYN-5K-100434,2023-01-01,20.991845,72.85168,Grievous Injury,Highway Corridor,Clear,Central India,Synthetic Fill
SYN-5K-100435,2023-01-01,19.116877,75.442215,Minor Damage,Rural/Minor Highway,Clear,Central India,Synthetic Fill
SYN-5K-100436,2023-01-01,17.305061,80.843042204,Grievous Injury,Highway Corridor,Clear,Central India,Synthetic Fill
SYN-5K-100437,2023-01-01,14.838299,74.784931,Grievous Injury,Rural/Minor Highway,Clear,Central India,Synthetic Fill
SYN-5K-100438,2023-01-01,22.155037,72.638749,Grievous Injury,Highway Corridor,Clear,Central India,Synthetic Fill
SYN-5K-100439,2023-01-01,20.635046,78.136802,Grievous Injury,Rural/Minor Highway,Clear,Central India,Synthetic Fill
SYN-5K-100440,2023-01-01,22.329767,88.250577,Minor Damage,Highway Corridor,Clear,Central India,Synthetic Fill
SYN-5K-100441,2023-01-01,21.97965,81.871707,Grievous Injury,Rural/Minor Highway,Clear,Central India,Synthetic Fill
SYN-5K-100442,2023-01-01,15.773212,80.285449168,Fatal,Highway Corridor,Clear,Central India,Synthetic Fill
SYN-5K-100443,2023-01-01,22.845693,76.762151,Minor Damage,Rural/Minor Highway,Clear,Central India,Synthetic Fill
SYN-5K-100444,2023-01-01,24.730495,73.928415,Grievous Injury,Highway Corridor,Clear,Central India,Synthetic Fill
SYN-5K-100445,2023-01-01,23.100913,85.753747,Grievous Injury,Rural/Minor Highway,Clear,Central India,Synthetic Fill
SYN-5K-100446,2023-01-01,26.188076,78.18944,Grievous Injury,Highway Corridor,Clear,Central India,Synthetic Fill
SYN-5K-100447,2023-01-01,21.623243,76.737144,Minor Damage,Rural/Minor Highway,Clear,Central India,Synthetic Fill
SYN-5K-100448,2023-01-01,15.193515,80.07443946,Minor Damage,Highway Corridor,Clear,Central India,Synthetic Fill
SYN-5K-100449,2023-01-01,20.928867,75.296766,Fatal,Rural/Minor Highway,Clear,Central India,Synthetic Fill
SYN-5K-100450,2023-01-01,25.850372,84.564072,Minor Damage,Highway Corridor,Clear,Central India,Synthetic Fill
SYN-5K-100451,2023-01-01,20.735632,78.087566,Grievous Injury,Rural/Minor Highway,Clear,Central India,Synthetic Fill
SYN-5K-100452,2023-01-01,16.981226,80.725166264,Grievous Injury,Highway Corridor,Clear,Central India,Synthetic Fill
SYN-5K-100453,2023-01-01,23.014622,77.370178,Grievous Injury,Rural/Minor Highway,Clear,Central India,Synthetic Fill
SYN-5K-100454,2023-01-01,27.537873,77.786155,Grievous Injury,Highway Corridor,Clear,Central India,Synthetic Fill
SYN-5K-100455,2023-01-01,21.556658,81.035358,Grievous Injury,Rural/Minor Highway,Clear,Central India,Synthetic Fill
SYN-5K-100456,2023-01-01,16.915899,80.701387236,Grievous Injury,Highway Corridor,Clear,Central India,Synthetic Fill
SYN-5K-100457,2023-01-01,23.546503,77.050713,Minor Damage,Rural/Minor Highway,Clear,Central India,Synthetic Fill
SYN-5K-100458,2023-01-01,25.263944,85.386207,Minor Damage,Highway Corridor,Clear,Central India,Synthetic Fill
SYN-5K-100459,2023-01-01,16.24175,75.052258,Grievous Injury,Rural/Minor Highway,Clear,Central India,Synthetic Fill
SYN-5K-100460,2023-01-01,18.769327,73.42866,Fatal,Highway Corridor,Clear,Central India,Synthetic Fill
SYN-5K-100461,2023-01-01,24.366737,77.269328,Fatal,Rural/Minor Highway,Clear,Central India,Synthetic Fill
SYN-5K-100462,2023-01-01,18.78729,73.457627,Grievous Injury,Highway Corridor,Clear,Central India,Synthetic Fill
SYN-5K-100463,2023-01-01,21.886774,77.908504,Minor Damage,Rural/Minor Highway,Clear,Central India,Synthetic Fill
SYN-5K-100464,2023-01-01,17.579886,74.201848,Minor Damage,Highway Corridor,Clear,Central India,Synthetic Fill
SYN-5K-100465,2023-01-01,20.960021,82.093868,Minor Damage,Rural/Minor Highway,Clear,Central India,Synthetic Fill
SYN-5K-100466,2023-01-01,13.460566,77.696058,Grievous Injury,Highway Corridor,Clear,Central India,Synthetic Fill
SYN-5K-100467,2023-01-01,23.752505,85.726204,Fatal,Rural/Minor Highway,Clear,Central India,Synthetic Fill
SYN-5K-100468,2023-01-01,23.053761,87.363306,Grievous Injury,Highway Corridor,Clear,Central India,Synthetic Fill
SYN-5K-100469,2023-01-01,14.623413,75.627289,Grievous Injury,Rural/Minor Highway,Clear,Central India,Synthetic Fill
SYN-5K-100470,2023-01-01,28.46904,77.51365,Minor Damage,Highway Corridor,Clear,Central India,Synthetic Fill
SYN-5K-100471,2023-01-01,20.261762,75.748766,Grievous Injury,Rural/Minor Highway,Clear,Central India,Synthetic Fill
SYN-5K-100472,2023-01-01,26.337993,75.308579,Minor Damage,Highway Corridor,Clear,Central India,Synthetic Fill
SYN-5K-100473,2023-01-01,21.329768,78.883616,Minor Damage,Rural/Minor Highway,Clear,Central India,Synthetic Fill
SYN-5K-100474,2023-01-01,25.907738,74.824802,Grievous Injury,Highway Corridor,Clear,Central India,Synthetic Fill
SYN-5K-100475,2023-01-01,21.337377,77.675522,Grievous Injury,Rural/Minor Highway,Clear,Central India,Synthetic Fill
SYN-5K-100476,2023-01-01,24.360474,73.589506,Minor Damage,Highway Corridor,Clear,Central India,Synthetic Fill
SYN-5K-100477,2023-01-01,15.42358,75.433777,Fatal,Rural/Minor Highway,Clear,Central India,Synthetic Fill
SYN-5K-100478,2023-01-01,26.173073,75.160432,Grievous Injury,Highway Corridor,Clear,Central India,Synthetic Fill
SYN-5K-100479,2023-01-01,15.219774,75.132651,Fatal,Rural/Minor Highway,Clear,Central India,Synthetic Fill
SYN-5K-100480,2023-01-01,21.69387,87.374782,Minor Damage,Highway Corridor,Clear,Central India,Synthetic Fill
SYN-5K-100481,2023-01-01,21.280096,79.498324,Minor Damage,Rural/Minor Highway,Clear,Central India,Synthetic Fill
SYN-5K-100482,2023-01-01,21.899051,87.696936,Fatal,Highway Corridor,Clear,Central India,Synthetic Fill
SYN-5K-100483,2023-01-01,20.73396,75.007337,Fatal,Rural/Minor Highway,Clear,Central India,Synthetic Fill
SYN-5K-100484,2023-01-01,27.521398,76.353,Grievous Injury,Highway Corridor,Clear,Central India,Synthetic Fill
SYN-5K-100485,2023-01-01,23.182257,85.483695,Fatal,Rural/Minor Highway,Clear,Central India,Synthetic Fill
SYN-5K-100486,2023-01-01,20.835082,86.451958,Fatal,Highway Corridor,Clear,Central India,Synthetic Fill
SYN-5K-100487,2023-01-01,15.604925,75.768256,Fatal,Rural/Minor Highway,Clear,Central India,Synthetic Fill
SYN-5K-100488,2023-01-01,18.23295,81.1807938,Grievous Injury,Highway Corridor,Clear,Central India,Synthetic Fill
SYN-5K-100489,2023-01-01,21.338565,81.825655,Minor Damage,Rural/Minor Highway,Clear,Central India,Synthetic Fill
SYN-5K-100490,2023-01-01,25.081285,78.64827,Grievous Injury,Highway Corridor,Clear,Central India,Synthetic Fill
SYN-5K-100491,2023-01-01,20.94605,80.318922,Grievous Injury,Rural/Minor Highway,Clear,Central India,Synthetic Fill
SYN-5K-100492,2023-01-01,20.727412,86.333405,Minor Damage,Highway Corridor,Clear,Central India,Synthetic Fill
SYN-5K-100493,2023-01-01,21.189914,79.145143,Grievous Injury,Rural/Minor Highway,Clear,Central India,Synthetic Fill
SYN-5K-100494,2023-01-01,24.46613,73.503583,Minor Damage,Highway Corridor,Clear,Central India,Synthetic Fill
SYN-5K-100495,2023-01-01,21.267455,81.467109,Minor Damage,Rural/Minor Highway,Clear,Central India,Synthetic Fill
SYN-5K-100496,2023-01-01,28.033493,78.063447,Grievous Injury,Highway Corridor,Clear,Central India,Synthetic Fill
SYN-5K-100497,2023-01-01,22.217933,77.771017,Fatal,Rural/Minor Highway,Clear,Central India,Synthetic Fill
SYN-5K-100498,2023-01-01,27.391052,78.822723,Fatal,Highway Corridor,Clear,Central India,Synthetic Fill
SYN-5K-100499,2023-01-01,23.043293,76.874885,Minor Damage,Rural/Minor Highway,Clear,Central India,Synthetic Fill
SYN-5K-100500,2023-01-01,16.681606,74.514024,Grievous Injury,Highway Corridor,Clear,Central India,Synthetic Fill
SYN-5K-100501,2023-01-01,23.374539,87.083301,Fatal,Rural/Minor Highway,Clear,Central India,Synthetic Fill
SYN-5K-100502,2023-01-01,26.139861,81.772944,Minor Damage,Highway Corridor,Clear,Central India,Synthetic Fill
SYN-5K-100503,2023-01-01,18.831577,74.90408,Grievous Injury,Rural/Minor Highway,Clear,Central India,Synthetic Fill
SYN-5K-100504,2023-01-01,25.379923,85.296397,Fatal,Highway Corridor,Clear,Central India,Synthetic Fill
SYN-5K-100505,2023-01-01,24.150486,84.782175,Grievous Injury,Rural/Minor Highway,Clear,Central India,Synthetic Fill
SYN-5K-100506,2023-01-01,13.928802,79.614083928,Grievous Injury,Highway Corridor,Clear,Central India,Synthetic Fill
SYN-5K-100507,2023-01-01,19.562561,75.048454,Fatal,Rural/Minor Highway,Clear,Central India,Synthetic Fill
SYN-5K-100508,2023-01-01,13.866065,76.654332,Grievous Injury,Highway Corridor,Clear,Central India,Synthetic Fill
SYN-5K-100509,2023-01-01,21.327095,79.102443,Fatal,Rural/Minor Highway,Clear,Central India,Synthetic Fill
SYN-5K-100510,2023-01-01,16.744566,80.639022024,Grievous Injury,Highway Corridor,Clear,Central India,Synthetic Fill
SYN-5K-100511,2023-01-01,19.117389,75.083018,Minor Damage,Rural/Minor Highway,Clear,Central India,Synthetic Fill
SYN-5K-100512,2023-01-01,13.553531,76.924353,Grievous Injury,Highway Corridor,Clear,Central India,Synthetic Fill
SYN-5K-100513,2023-01-01,24.450823,84.973257,Grievous Injury,Rural/Minor Highway,Clear,Central India,Synthetic Fill
SYN-5K-100514,2023-01-01,20.774858,86.373532,Grievous Injury,Highway Corridor,Clear,Central India,Synthetic Fill
SYN-5K-100515,2023-01-01,20.999602,80.173584,Minor Damage,Rural/Minor Highway,Clear,Central India,Synthetic Fill
SYN-5K-100516,2023-01-01,15.80605,80.2974022,Fatal,Highway Corridor,Clear,Central India,Synthetic Fill
SYN-5K-100517,2023-01-01,19.695948,73.873181,Fatal,Rural/Minor Highway,Clear,Central India,Synthetic Fill
SYN-5K-100518,2023-01-01,26.993711,79.310526,Fatal,Highway Corridor,Clear,Central India,Synthetic Fill
SYN-5K-100519,2023-01-01,15.482535,75.557309,Minor Damage,Rural/Minor Highway,Clear,Central India,Synthetic Fill
SYN-5K-100520,2023-01-01,23.767363,78.759922,Minor Damage,Highway Corridor,Clear,Central India,Synthetic Fill
SYN-5K-100521,2023-01-01,21.249198,79.435705,Grievous Injury,Rural/Minor Highway,Clear,Central India,Synthetic Fill
SYN-5K-100522,2023-01-01,26.197624,81.586321,Fatal,Highway Corridor,Clear,Central India,Synthetic Fill
SYN-5K-100523,2023-01-01,19.867297,75.340712,Fatal,Rural/Minor Highway,Clear,Central India,Synthetic Fill
SYN-5K-100524,2023-01-01,18.967312,81.448101568,Fatal,Highway Corridor,Clear,Central India,Synthetic Fill
SYN-5K-100525,2023-01-01,15.535194,75.387538,Fatal,Rural/Minor Highway,Clear,Central India,Synthetic Fill
SYN-5K-100526,2023-01-01,27.008457,75.832221,Minor Damage,Highway Corridor,Clear,Central India,Synthetic Fill
SYN-5K-100527,2023-01-01,21.058529,79.45569,Grievous Injury,Rural/Minor Highway,Clear,Central India,Synthetic Fill
SYN-5K-100528,2023-01-01,23.224136,87.283829,Grievous Injury,Highway Corridor,Clear,Central India,Synthetic Fill
SYN-5K-100529,2023-01-01,22.837163,85.123467,Grievous Injury,Rural/Minor Highway,Clear,Central India,Synthetic Fill
SYN-5K-100530,2023-01-01,25.959885,74.875218,Minor Damage,Highway Corridor,Clear,Central India,Synthetic Fill
SYN-5K-100531,2023-01-01,20.698726,74.602772,Grievous Injury,Rural/Minor Highway,Clear,Central India,Synthetic Fill
SYN-5K-100532,2023-01-01,23.44594,78.821041,Fatal,Highway Corridor,Clear,Central India,Synthetic Fill
SYN-5K-100533,2023-01-01,15.405442,74.461616,Fatal,Rural/Minor Highway,Clear,Central India,Synthetic Fill
SYN-5K-100534,2023-01-01,23.270468,87.344283,Fatal,Highway Corridor,Clear,Central India,Synthetic Fill
SYN-5K-100535,2023-01-01,21.116265,82.010148,Grievous Injury,Rural/Minor Highway,Clear,Central India,Synthetic Fill
SYN-5K-100536,2023-01-01,13.2011,77.27834,Grievous Injury,Highway Corridor,Clear,Central India,Synthetic Fill
SYN-5K-100537,2023-01-01,23.967697,85.267665,Fatal,Rural/Minor Highway,Clear,Central India,Synthetic Fill
SYN-5K-100538,2023-01-01,18.660565,73.720198,Grievous Injury,Highway Corridor,Clear,Central India,Synthetic Fill
SYN-5K-100539,2023-01-01,23.232383,77.269618,Grievous Injury,Rural/Minor Highway,Clear,Central India,Synthetic Fill
SYN-5K-100540,2023-01-01,23.146902,87.444532,Minor Damage,Highway Corridor,Clear,Central India,Synthetic Fill
SYN-5K-100541,2023-01-01,15.37923,75.53604,Fatal,Rural/Minor Highway,Clear,Central India,Synthetic Fill
SYN-5K-100542,2023-01-01,13.131952,77.573624,Fatal,Highway Corridor,Clear,Central India,Synthetic Fill
SYN-5K-100543,2023-01-01,21.011842,81.752741,Grievous Injury,Rural/Minor Highway,Clear,Central India,Synthetic Fill
SYN-5K-100544,2023-01-01,24.93874,73.982748,Minor Damage,Highway Corridor,Clear,Central India,Synthetic Fill
SYN-5K-100545,2023-01-01,20.325869,78.221895,Grievous Injury,Rural/Minor Highway,Clear,Central India,Synthetic Fill
SYN-5K-100546,2023-01-01,18.998073,73.174768,Grievous Injury,Highway Corridor,Clear,Central India,Synthetic Fill
SYN-5K-100547,2023-01-01,23.662711,85.286041,Grievous Injury,Rural/Minor Highway,Clear,Central India,Synthetic Fill
SYN-5K-100548,2023-01-01,14.640207,75.848295,Minor Damage,Highway Corridor,Clear,Central India,Synthetic Fill
SYN-5K-100549,2023-01-01,15.352305,75.426468,Minor Damage,Rural/Minor Highway,Clear,Central India,Synthetic Fill
SYN-5K-100550,2023-01-01,28.40312,76.970845,Fatal,Highway Corridor,Clear,Central India,Synthetic Fill
SYN-5K-100551,2023-01-01,23.727449,85.466397,Minor Damage,Rural/Minor Highway,Clear,Central India,Synthetic Fill
SYN-5K-100552,2023-01-01,24.988812,78.623476,Grievous Injury,Highway Corridor,Clear,Central India,Synthetic Fill
SYN-5K-100553,2023-01-01,15.094725,75.20746,Grievous Injury,Rural/Minor Highway,Clear,Central India,Synthetic Fill
SYN-5K-100554,2023-01-01,26.406245,81.103795,Grievous Injury,Highway Corridor,Clear,Central India,Synthetic Fill
SYN-5K-100555,2023-01-01,21.77353,78.550991,Fatal,Rural/Minor Highway,Clear,Central India,Synthetic Fill
SYN-5K-100556,2023-01-01,22.773619,87.975108,Grievous Injury,Highway Corridor,Clear,Central India,Synthetic Fill
SYN-5K-100557,2023-01-01,24.375585,85.000236,Grievous Injury,Rural/Minor Highway,Clear,Central India,Synthetic Fill
SYN-5K-100558,2023-01-01,27.676148,78.368411,Fatal,Highway Corridor,Clear,Central India,Synthetic Fill
SYN-5K-100559,2023-01-01,20.321573,76.380789,Grievous Injury,Rural/Minor Highway,Clear,Central India,Synthetic Fill
SYN-5K-100560,2023-01-01,17.448607,80.89529294799999,Minor Damage,Highway Corridor,Clear,Central India,Synthetic Fill
SYN-5K-100561,2023-01-01,22.474574,84.968008,Grievous Injury,Rural/Minor Highway,Clear,Central India,Synthetic Fill
SYN-5K-100562,2023-01-01,27.705372,77.794152,Fatal,Highway Corridor,Clear,Central India,Synthetic Fill
SYN-5K-100563,2023-01-01,23.463255,77.082789,Minor Damage,Rural/Minor Highway,Clear,Central India,Synthetic Fill
SYN-5K-100564,2023-01-01,19.460793,84.901501,Grievous Injury,Highway Corridor,Clear,Central India,Synthetic Fill
SYN-5K-100565,2023-01-01,21.183823,79.771219,Minor Damage,Rural/Minor Highway,Clear,Central India,Synthetic Fill
SYN-5K-100566,2023-01-01,27.879307,76.545292,Fatal,Highway Corridor,Clear,Central India,Synthetic Fill
SYN-5K-100567,2023-01-01,21.471781,79.66914,Grievous Injury,Rural/Minor Highway,Clear,Central India,Synthetic Fill
SYN-5K-100568,2023-01-01,21.750921,72.763156,Fatal,Highway Corridor,Clear,Central India,Synthetic Fill
SYN-5K-100569,2023-01-01,20.778977,80.848227,Grievous Injury,Rural/Minor Highway,Clear,Central India,Synthetic Fill
SYN-5K-100570,2023-01-01,27.031802,79.48243,Fatal,Highway Corridor,Clear,Central India,Synthetic Fill
SYN-5K-100571,2023-01-01,19.43426,75.914852,Grievous Injury,Rural/Minor Highway,Clear,Central India,Synthetic Fill
SYN-5K-100572,2023-01-01,24.222955,73.418958,Grievous Injury,Highway Corridor,Clear,Central India,Synthetic Fill
SYN-5K-100573,2023-01-01,23.292661,76.201793,Minor Damage,Rural/Minor Highway,Clear,Central India,Synthetic Fill
SYN-5K-100574,2023-01-01,26.32456,80.772385,Grievous Injury,Highway Corridor,Clear,Central India,Synthetic Fill
SYN-5K-100575,2023-01-01,16.067849,75.030291,Grievous Injury,Rural/Minor Highway,Clear,Central India,Synthetic Fill
SYN-5K-100576,2023-01-01,13.249698,77.201397,Minor Damage,Highway Corridor,Clear,Central India,Synthetic Fill
SYN-5K-100577,2023-01-01,22.719657,77.129054,Minor Damage,Rural/Minor Highway,Clear,Central India,Synthetic Fill
SYN-5K-100578,2023-01-01,18.572555,73.636273,Fatal,Highway Corridor,Clear,Central India,Synthetic Fill
SYN-5K-100579,2023-01-01,15.980376,75.637543,Grievous Injury,Rural/Minor Highway,Clear,Central India,Synthetic Fill
SYN-5K-100580,2023-01-01,26.335582,80.84261,Minor Damage,Highway Corridor,Clear,Central India,Synthetic Fill
SYN-5K-100581,2023-01-01,22.849043,84.968184,Grievous Injury,Rural/Minor Highway,Clear,Central India,Synthetic Fill
SYN-5K-100582,2023-01-01,27.607988,76.272805,Grievous Injury,Highway Corridor,Clear,Central India,Synthetic Fill
SYN-5K-100583,2023-01-01,24.12728,84.710465,Fatal,Rural/Minor Highway,Clear,Central India,Synthetic Fill
SYN-5K-100584,2023-01-01,28.458487,77.464332,Grievous Injury,Highway Corridor,Clear,Central India,Synthetic Fill
SYN-5K-100585,2023-01-01,22.319784,80.928062,Minor Damage,Rural/Minor Highway,Clear,Central India,Synthetic Fill
SYN-5K-100586,2023-01-01,14.095162,76.395427,Fatal,Highway Corridor,Clear,Central India,Synthetic Fill
SYN-5K-100587,2023-01-01,24.110482,77.196696,Minor Damage,Rural/Minor Highway,Clear,Central India,Synthetic Fill
SYN-5K-100588,2023-01-01,25.803492,84.211748,Minor Damage,Highway Corridor,Clear,Central India,Synthetic Fill
SYN-5K-100589,2023-01-01,15.417418,75.718757,Fatal,Rural/Minor Highway,Clear,Central India,Synthetic Fill
SYN-5K-100590,2023-01-01,24.618436,78.656486,Grievous Injury,Highway Corridor,Clear,Central India,Synthetic Fill
SYN-5K-100591,2023-01-01,20.572979,74.552648,Minor Damage,Rural/Minor Highway,Clear,Central India,Synthetic Fill
SYN-5K-100592,2023-01-01,27.7829,76.470335,Fatal,Highway Corridor,Clear,Central India,Synthetic Fill
SYN-5K-100593,2023-01-01,22.809397,85.849839,Grievous Injury,Rural/Minor Highway,Clear,Central India,Synthetic Fill
SYN-5K-100594,2023-01-01,13.491452,77.737605,Grievous Injury,Highway Corridor,Clear,Central India,Synthetic Fill
SYN-5K-100595,2023-01-01,19.004695,81.531635,Fatal,Rural/Minor Highway,Clear,Central India,Synthetic Fill
SYN-5K-100596,2023-01-01,20.963012,72.825314,Fatal,Highway Corridor,Clear,Central India,Synthetic Fill
SYN-5K-100597,2023-01-01,24.172505,84.797433,Fatal,Rural/Minor Highway,Clear,Central India,Synthetic Fill
SYN-5K-100598,2023-01-01,18.736529,73.284154,Minor Damage,Highway Corridor,Clear,Central India,Synthetic Fill
SYN-5K-100599,2023-01-01,21.189662,75.947773,Grievous Injury,Rural/Minor Highway,Clear,Central India,Synthetic Fill
SYN-5K-100600,2023-01-01,20.277949,72.929177,Grievous Injury,Highway Corridor,Clear,Central India,Synthetic Fill
SYN-5K-100601,2023-01-01,20.434682,81.373604,Fatal,Rural/Minor Highway,Clear,Central India,Synthetic Fill
SYN-5K-100602,2023-01-01,14.800626,77.932868,Grievous Injury,Highway Corridor,Clear,Central India,Synthetic Fill
SYN-5K-100603,2023-01-01,23.039963,78.001549,Grievous Injury,Rural/Minor Highway,Clear,Central India,Synthetic Fill
SYN-5K-100604,2023-01-01,22.016976,87.712368,Grievous Injury,Highway Corridor,Clear,Central India,Synthetic Fill
SYN-5K-100605,2023-01-01,15.965117,75.319105,Grievous Injury,Rural/Minor Highway,Clear,Central India,Synthetic Fill
SYN-5K-100606,2023-01-01,17.461633,80.900034412,Grievous Injury,Highway Corridor,Clear,Central India,Synthetic Fill
SYN-5K-100607,2023-01-01,20.693618,81.422017,Fatal,Rural/Minor Highway,Clear,Central India,Synthetic Fill
SYN-5K-100608,2023-01-01,18.643424,73.647216,Minor Damage,Highway Corridor,Clear,Central India,Synthetic Fill
SYN-5K-100609,2023-01-01,23.740379,76.515394,Minor Damage,Rural/Minor Highway,Clear,Central India,Synthetic Fill
SYN-5K-100610,2023-01-01,16.929215,80.70623426,Grievous Injury,Highway Corridor,Clear,Central India,Synthetic Fill
SYN-5K-100611,2023-01-01,15.351618,75.028565,Grievous Injury,Rural/Minor Highway,Clear,Central India,Synthetic Fill
SYN-5K-100612,2023-01-01,24.324874,86.06504,Grievous Injury,Highway Corridor,Clear,Central India,Synthetic Fill
SYN-5K-100613,2023-01-01,19.189161,74.897216,Fatal,Rural/Minor Highway,Clear,Central India,Synthetic Fill
SYN-5K-100614,2023-01-01,14.302324,76.146205,Grievous Injury,Highway Corridor,Clear,Central India,Synthetic Fill
SYN-5K-100615,2023-01-01,15.513434,74.33876368199999,Minor Damage,Rural/Minor Highway,Clear,Central India,Synthetic Fill
SYN-5K-100616,2023-01-01,26.749636,80.048725,Minor Damage,Highway Corridor,Clear,Central India,Synthetic Fill
SYN-5K-100617,2023-01-01,22.005012,82.29856,Grievous Injury,Rural/Minor Highway,Clear,Central India,Synthetic Fill
SYN-5K-100618,2023-01-01,15.160877,80.062559228,Grievous Injury,Highway Corridor,Clear,Central India,Synthetic Fill
SYN-5K-100619,2023-01-01,22.383072,81.188276,Grievous Injury,Rural/Minor Highway,Clear,Central India,Synthetic Fill
SYN-5K-100620,2023-01-01,20.232991,72.913033,Grievous Injury,Highway Corridor,Clear,Central India,Synthetic Fill
SYN-5K-100621,2023-01-01,15.984891,75.422024,Fatal,Rural/Minor Highway,Clear,Central India,Synthetic Fill
SYN-5K-100622,2023-01-01,23.679195,86.616787,Fatal,Highway Corridor,Clear,Central India,Synthetic Fill
SYN-5K-100623,2023-01-01,20.465128,79.142645,Minor Damage,Rural/Minor Highway,Clear,Central India,Synthetic Fill
SYN-5K-100624,2023-01-01,19.918121,78.936421,Grievous Injury,Highway Corridor,Clear,Central India,Synthetic Fill
SYN-5K-100625,2023-01-01,20.198361,75.029017,Grievous Injury,Rural/Minor Highway,Clear,Central India,Synthetic Fill
SYN-5K-100626,2023-01-01,25.761459,84.622092,Minor Damage,Highway Corridor,Clear,Central India,Synthetic Fill
SYN-5K-100627,2023-01-01,23.024229,77.967162,Grievous Injury,Rural/Minor Highway,Clear,Central India,Synthetic Fill
SYN-5K-100628,2023-01-01,22.915098,72.620824,Grievous Injury,Highway Corridor,Clear,Central India,Synthetic Fill
SYN-5K-100629,2023-01-01,20.105889,78.980725,Grievous Injury,Rural/Minor Highway,Clear,Central India,Synthetic Fill
SYN-5K-100630,2023-01-01,19.793786,72.95009,Fatal,Highway Corridor,Clear,Central India,Synthetic Fill
SYN-5K-100631,2023-01-01,21.510143,80.712218,Grievous Injury,Rural/Minor Highway,Clear,Central India,Synthetic Fill
SYN-5K-100632,2023-01-01,18.70235,73.582281,Minor Damage,Highway Corridor,Clear,Central India,Synthetic Fill
SYN-5K-100633,2023-01-01,20.733791,80.205544,Minor Damage,Rural/Minor Highway,Clear,Central India,Synthetic Fill
SYN-5K-100634,2023-01-01,17.491777,80.911006828,Grievous Injury,Highway Corridor,Clear,Central India,Synthetic Fill
SYN-5K-100635,2023-01-01,22.614891,76.436269,Grievous Injury,Rural/Minor Highway,Clear,Central India,Synthetic Fill
SYN-5K-100636,2023-01-01,22.990469,87.84652,Grievous Injury,Highway Corridor,Clear,Central India,Synthetic Fill
SYN-5K-100637,2023-01-01,15.085263,75.691353,Fatal,Rural/Minor Highway,Clear,Central India,Synthetic Fill
SYN-5K-100638,2023-01-01,27.717705,76.48587,Grievous Injury,Highway Corridor,Clear,Central India,Synthetic Fill
SYN-5K-100639,2023-01-01,23.796905,85.951606,Fatal,Rural/Minor Highway,Clear,Central India,Synthetic Fill
SYN-5K-100640,2023-01-01,27.756196,76.47904,Grievous Injury,Highway Corridor,Clear,Central India,Synthetic Fill
SYN-5K-100641,2023-01-01,21.197295,81.624902,Minor Damage,Rural/Minor Highway,Clear,Central India,Synthetic Fill
SYN-5K-100642,2023-01-01,27.204854,76.1238,Grievous Injury,Highway Corridor,Clear,Central India,Synthetic Fill
SYN-5K-100643,2023-01-01,14.654882,75.195348,Grievous Injury,Rural/Minor Highway,Clear,Central India,Synthetic Fill
SYN-5K-100644,2023-01-01,27.220503,79.316111,Minor Damage,Highway Corridor,Clear,Central India,Synthetic Fill
SYN-5K-100645,2023-01-01,23.328714,84.008421,Fatal,Rural/Minor Highway,Clear,Central India,Synthetic Fill
SYN-5K-100646,2023-01-01,18.679996,81.34351854399999,Minor Damage,Highway Corridor,Clear,Central India,Synthetic Fill
SYN-5K-100647,2023-01-01,20.339996,81.774783,Minor Damage,Rural/Minor Highway,Clear,Central India,Synthetic Fill
SYN-5K-100648,2023-01-01,21.94291,72.691585,Fatal,Highway Corridor,Clear,Central India,Synthetic Fill
SYN-5K-100649,2023-01-01,20.2534,79.946029,Grievous Injury,Rural/Minor Highway,Clear,Central India,Synthetic Fill
SYN-5K-100650,2023-01-01,22.217574,72.731285,Grievous Injury,Highway Corridor,Clear,Central India,Synthetic Fill
SYN-5K-100651,2023-01-01,23.512831,84.636348,Grievous Injury,Rural/Minor Highway,Clear,Central India,Synthetic Fill
SYN-5K-100652,2023-01-01,14.236377,79.726041228,Grievous Injury,Highway Corridor,Clear,Central India,Synthetic Fill
SYN-5K-100653,2023-01-01,22.219022,78.282767,Minor Damage,Rural/Minor Highway,Clear,Central India,Synthetic Fill
SYN-5K-100654,2023-01-01,21.612475,72.774548,Fatal,Highway Corridor,Clear,Central India,Synthetic Fill
SYN-5K-100655,2023-01-01,21.138528,82.497372,Fatal,Rural/Minor Highway,Clear,Central India,Synthetic Fill
SYN-5K-100656,2023-01-01,18.034366,81.108509224,Grievous Injury,Highway Corridor,Clear,Central India,Synthetic Fill
SYN-5K-100657,2023-01-01,20.865977,79.402745,Grievous Injury,Rural/Minor Highway,Clear,Central India,Synthetic Fill
SYN-5K-100658,2023-01-01,18.733181,73.639196,Minor Damage,Highway Corridor,Clear,Central India,Synthetic Fill
SYN-5K-100659,2023-01-01,18.22666,75.533669,Fatal,Rural/Minor Highway,Clear,Central India,Synthetic Fill
SYN-5K-100660,2023-01-01,22.37168,88.086147,Grievous Injury,Highway Corridor,Clear,Central India,Synthetic Fill
SYN-5K-100661,2023-01-01,23.081951,85.731005,Grievous Injury,Rural/Minor Highway,Clear,Central India,Synthetic Fill
SYN-5K-100662,2023-01-01,19.720293,78.961136,Grievous Injury,Highway Corridor,Clear,Central India,Synthetic Fill
SYN-5K-100663,2023-01-01,21.635388,85.127797,Minor Damage,Rural/Minor Highway,Clear,Central India,Synthetic Fill
SYN-5K-100664,2023-01-01,23.486418,72.961545,Fatal,Highway Corridor,Clear,Central India,Synthetic Fill
SYN-5K-100665,2023-01-01,14.557187,74.919419,Grievous Injury,Rural/Minor Highway,Clear,Central India,Synthetic Fill
SYN-5K-100666,2023-01-01,23.587618,86.781253,Fatal,Highway Corridor,Clear,Central India,Synthetic Fill
SYN-5K-100667,2023-01-01,21.93029,78.732993,Minor Damage,Rural/Minor Highway,Clear,Central India,Synthetic Fill
SYN-5K-100668,2023-01-01,24.233131,78.635538,Grievous Injury,Highway Corridor,Clear,Central India,Synthetic Fill
SYN-5K-100669,2023-01-01,23.708752,86.028177,Fatal,Rural/Minor Highway,Clear,Central India,Synthetic Fill
SYN-5K-100670,2023-01-01,25.072848,74.165768,Minor Damage,Highway Corridor,Clear,Central India,Synthetic Fill
SYN-5K-100671,2023-01-01,21.046766,79.233436,Fatal,Rural/Minor Highway,Clear,Central India,Synthetic Fill
SYN-5K-100672,2023-01-01,19.718553,85.14588,Grievous Injury,Highway Corridor,Clear,Central India,Synthetic Fill
SYN-5K-100673,2023-01-01,14.753066,74.817139,Fatal,Rural/Minor Highway,Clear,Central India,Synthetic Fill
SYN-5K-100674,2023-01-01,14.164805,76.335331,Minor Damage,Highway Corridor,Clear,Central India,Synthetic Fill
SYN-5K-100675,2023-01-01,20.511857,74.883461,Fatal,Rural/Minor Highway,Clear,Central India,Synthetic Fill
SYN-5K-100676,2023-01-01,23.690067,73.071841,Grievous Injury,Highway Corridor,Clear,Central India,Synthetic Fill
SYN-5K-100677,2023-01-01,19.000853,74.638513,Grievous Injury,Rural/Minor Highway,Clear,Central India,Synthetic Fill
SYN-5K-100678,2023-01-01,18.929238,73.147231,Minor Damage,Highway Corridor,Clear,Central India,Synthetic Fill
SYN-5K-100679,2023-01-01,24.17617,86.039197,Grievous Injury,Rural/Minor Highway,Clear,Central India,Synthetic Fill
SYN-5K-100680,2023-01-01,18.982323,73.322424,Fatal,Highway Corridor,Clear,Central India,Synthetic Fill
SYN-5K-100681,2023-01-01,18.890235,75.885654,Minor Damage,Rural/Minor Highway,Clear,Central India,Synthetic Fill
SYN-5K-100682,2023-01-01,16.153457,74.875915,Fatal,Highway Corridor,Clear,Central India,Synthetic Fill
SYN-5K-100683,2023-01-01,20.768296,78.631225,Grievous Injury,Rural/Minor Highway,Clear,Central India,Synthetic Fill
SYN-5K-100684,2023-01-01,16.672263,80.612703732,Fatal,Highway Corridor,Clear,Central India,Synthetic Fill
SYN-5K-100685,2023-01-01,23.362939,85.87037,Grievous Injury,Rural/Minor Highway,Clear,Central India,Synthetic Fill
SYN-5K-100686,2023-01-01,17.479211,80.90643280399999,Grievous Injury,Highway Corridor,Clear,Central India,Synthetic Fill
SYN-5K-100687,2023-01-01,24.124262,85.117066,Grievous Injury,Rural/Minor Highway,Clear,Central India,Synthetic Fill
SYN-5K-100688,2023-01-01,22.160267,72.704446,Grievous Injury,Highway Corridor,Clear,Central India,Synthetic Fill
SYN-5K-100689,2023-01-01,14.243454,75.323559,Grievous Injury,Rural/Minor Highway,Clear,Central India,Synthetic Fill
SYN-5K-100690,2023-01-01,20.466328,85.977917,Fatal,Highway Corridor,Clear,Central India,Synthetic Fill
SYN-5K-100691,2023-01-01,15.660277,74.720414,Grievous Injury,Rural/Minor Highway,Clear,Central India,Synthetic Fill
SYN-5K-100692,2023-01-01,23.735014,73.073532,Fatal,Highway Corridor,Clear,Central India,Synthetic Fill
SYN-5K-100693,2023-01-01,21.70279,81.74352,Minor Damage,Rural/Minor Highway,Clear,Central India,Synthetic Fill
SYN-5K-100694,2023-01-01,17.417041,74.225118,Minor Damage,Highway Corridor,Clear,Central India,Synthetic Fill
SYN-5K-100695,2023-01-01,18.733404,75.785538,Fatal,Rural/Minor Highway,Clear,Central India,Synthetic Fill
SYN-5K-100696,2023-01-01,24.402834,85.864771,Grievous Injury,Highway Corridor,Clear,Central India,Synthetic Fill
SYN-5K-100697,2023-01-01,14.627041,75.390646,Minor Damage,Rural/Minor Highway,Clear,Central India,Synthetic Fill
SYN-5K-100698,2023-01-01,23.701203,86.559917,Fatal,Highway Corridor,Clear,Central India,Synthetic Fill
SYN-5K-100699,2023-01-01,20.735315,79.691171,Fatal,Rural/Minor Highway,Clear,Central India,Synthetic Fill
SYN-5K-100700,2023-01-01,26.833465,79.491148,Grievous Injury,Highway Corridor,Clear,Central India,Synthetic Fill
SYN-5K-100701,2023-01-01,22.923494,77.187825,Minor Damage,Rural/Minor Highway,Clear,Central India,Synthetic Fill
SYN-5K-100702,2023-01-01,16.826315,80.66877866,Grievous Injury,Highway Corridor,Clear,Central India,Synthetic Fill
SYN-5K-100703,2023-01-01,15.433582,75.966815,Grievous Injury,Rural/Minor Highway,Clear,Central India,Synthetic Fill
SYN-5K-100704,2023-01-01,27.187342,75.917782,Grievous Injury,Highway Corridor,Clear,Central India,Synthetic Fill
SYN-5K-100705,2023-01-01,19.878226,75.133989,Grievous Injury,Rural/Minor Highway,Clear,Central India,Synthetic Fill
SYN-5K-100706,2023-01-01,17.259038,80.826289832,Fatal,Highway Corridor,Clear,Central India,Synthetic Fill
SYN-5K-100707,2023-01-01,20.762362,81.502529,Minor Damage,Rural/Minor Highway,Clear,Central India,Synthetic Fill
SYN-5K-100708,2023-01-01,13.154171,77.359728,Minor Damage,Highway Corridor,Clear,Central India,Synthetic Fill
SYN-5K-100709,2023-01-01,18.84795,75.924589,Minor Damage,Rural/Minor Highway,Clear,Central India,Synthetic Fill
SYN-5K-100710,2023-01-01,24.504581,73.695354,Minor Damage,Highway Corridor,Clear,Central India,Synthetic Fill
SYN-5K-100711,2023-01-01,23.381018,77.146266,Grievous Injury,Rural/Minor Highway,Clear,Central India,Synthetic Fill
SYN-5K-100712,2023-01-01,19.684809,72.899666,Minor Damage,Highway Corridor,Clear,Central India,Synthetic Fill
SYN-5K-100713,2023-01-01,14.998726,74.58505,Fatal,Rural/Minor Highway,Clear,Central India,Synthetic Fill
SYN-5K-100714,2023-01-01,15.400826,80.149900664,Fatal,Highway Corridor,Clear,Central India,Synthetic Fill
SYN-5K-100715,2023-01-01,21.318096,81.689798,Minor Damage,Rural/Minor Highway,Clear,Central India,Synthetic Fill
SYN-5K-100716,2023-01-01,22.870994,87.835021,Grievous Injury,Highway Corridor,Clear,Central India,Synthetic Fill
SYN-5K-100717,2023-01-01,19.6043,75.506194,Fatal,Rural/Minor Highway,Clear,Central India,Synthetic Fill
SYN-5K-100718,2023-01-01,18.861832,78.718668,Fatal,Highway Corridor,Clear,Central India,Synthetic Fill
SYN-5K-100719,2023-01-01,15.381965,75.075186,Grievous Injury,Rural/Minor Highway,Clear,Central India,Synthetic Fill
SYN-5K-100720,2023-01-01,19.873922,72.921759,Grievous Injury,Highway Corridor,Clear,Central India,Synthetic Fill
SYN-5K-100721,2023-01-01,23.39953,85.104918,Grievous Injury,Rural/Minor Highway,Clear,Central India,Synthetic Fill
SYN-5K-100722,2023-01-01,26.881907,79.793945,Minor Damage,Highway Corridor,Clear,Central India,Synthetic Fill
SYN-5K-100723,2023-01-01,22.717048,85.247843,Grievous Injury,Rural/Minor Highway,Clear,Central India,Synthetic Fill
SYN-5K-100724,2023-01-01,24.942215,85.617432,Minor Damage,Highway Corridor,Clear,Central India,Synthetic Fill
SYN-5K-100725,2023-01-01,19.25469,75.464784,Minor Damage,Rural/Minor Highway,Clear,Central India,Synthetic Fill
SYN-5K-100726,2023-01-01,18.82194,81.39518616,Fatal,Highway Corridor,Clear,Central India,Synthetic Fill
SYN-5K-100727,2023-01-01,15.466935,75.362655,Fatal,Rural/Minor Highway,Clear,Central India,Synthetic Fill
SYN-5K-100728,2023-01-01,27.931802,77.699798,Fatal,Highway Corridor,Clear,Central India,Synthetic Fill
SYN-5K-100729,2023-01-01,15.446984,74.771447,Grievous Injury,Rural/Minor Highway,Clear,Central India,Synthetic Fill
SYN-5K-100730,2023-01-01,24.096826,78.731539,Fatal,Highway Corridor,Clear,Central India,Synthetic Fill
SYN-5K-100731,2023-01-01,21.545492,80.370508,Grievous Injury,Rural/Minor Highway,Clear,Central India,Synthetic Fill
SYN-5K-100732,2023-01-01,19.202326,72.891173,Grievous Injury,Highway Corridor,Clear,Central India,Synthetic Fill
SYN-5K-100733,2023-01-01,22.696162,81.690819,Fatal,Rural/Minor Highway,Clear,Central India,Synthetic Fill
SYN-5K-100734,2023-01-01,18.707492,81.35352708799999,Grievous Injury,Highway Corridor,Clear,Central India,Synthetic Fill
SYN-5K-100735,2023-01-01,18.68566,75.529082,Grievous Injury,Rural/Minor Highway,Clear,Central India,Synthetic Fill
SYN-5K-100736,2023-01-01,23.946057,86.392918,Fatal,Highway Corridor,Clear,Central India,Synthetic Fill
SYN-5K-100737,2023-01-01,21.129176,78.133173,Grievous Injury,Rural/Minor Highway,Clear,Central India,Synthetic Fill
SYN-5K-100738,2023-01-01,24.409423,86.015021,Grievous Injury,Highway Corridor,Clear,Central India,Synthetic Fill
SYN-5K-100739,2023-01-01,22.800812,85.086293,Fatal,Rural/Minor Highway,Clear,Central India,Synthetic Fill
SYN-5K-100740,2023-01-01,17.587033,80.945680012,Grievous Injury,Highway Corridor,Clear,Central India,Synthetic Fill
SYN-5K-100741,2023-01-01,23.875404,86.928456,Minor Damage,Rural/Minor Highway,Clear,Central India,Synthetic Fill
SYN-5K-100742,2023-01-01,15.285796,80.10802974399999,Grievous Injury,Highway Corridor,Clear,Central India,Synthetic Fill
SYN-5K-100743,2023-01-01,21.372167,80.861486,Grievous Injury,Rural/Minor Highway,Clear,Central India,Synthetic Fill
SYN-5K-100744,2023-01-01,17.014361,74.435048,Grievous Injury,Highway Corridor,Clear,Central India,Synthetic Fill
SYN-5K-100745,2023-01-01,21.416709,78.684764,Grievous Injury,Rural/Minor Highway,Clear,Central India,Synthetic Fill
SYN-5K-100746,2023-01-01,25.889562,83.634329,Minor Damage,Highway Corridor,Clear,Central India,Synthetic Fill
SYN-5K-100747,2023-01-01,23.909914,85.184582,Fatal,Rural/Minor Highway,Clear,Central India,Synthetic Fill
SYN-5K-100748,2023-01-01,20.022886,73.008422,Grievous Injury,Highway Corridor,Clear,Central India,Synthetic Fill
SYN-5K-100749,2023-01-01,21.238425,79.974407,Minor Damage,Rural/Minor Highway,Clear,Central India,Synthetic Fill
SYN-5K-100750,2023-01-01,18.578087,73.740861,Minor Damage,Highway Corridor,Clear,Central India,Synthetic Fill
SYN-5K-100751,2023-01-01,20.363691,75.248779,Fatal,Rural/Minor Highway,Clear,Central India,Synthetic Fill
SYN-5K-100752,2023-01-01,23.719789,73.047036,Minor Damage,Highway Corridor,Clear,Central India,Synthetic Fill
SYN-5K-100753,2023-01-01,20.890014,81.23552,Grievous Injury,Rural/Minor Highway,Clear,Central India,Synthetic Fill
SYN-5K-100754,2023-01-01,14.683832,75.84629,Minor Damage,Highway Corridor,Clear,Central India,Synthetic Fill
SYN-5K-100755,2023-01-01,24.010528,77.181245,Minor Damage,Rural/Minor Highway,Clear,Central India,Synthetic Fill
SYN-5K-100756,2023-01-01,25.908301,78.33955,Grievous Injury,Highway Corridor,Clear,Central India,Synthetic Fill
SYN-5K-100757,2023-01-01,16.000506,75.036889,Grievous Injury,Rural/Minor Highway,Clear,Central India,Synthetic Fill
SYN-5K-100758,2023-01-01,17.290015,74.418775,Fatal,Highway Corridor,Clear,Central India,Synthetic Fill
SYN-5K-100759,2023-01-01,21.632652,81.27441,Minor Damage,Rural/Minor Highway,Clear,Central India,Synthetic Fill
SYN-5K-100760,2023-01-01,17.523763,74.229414,Grievous Injury,Highway Corridor,Clear,Central India,Synthetic Fill
SYN-5K-100761,2023-01-01,21.273076,80.345984,Minor Damage,Rural/Minor Highway,Clear,Central India,Synthetic Fill
SYN-5K-100762,2023-01-01,23.19311,72.633169,Fatal,Highway Corridor,Clear,Central India,Synthetic Fill
SYN-5K-100763,2023-01-01,15.438091,74.614596,Grievous Injury,Rural/Minor Highway,Clear,Central India,Synthetic Fill
SYN-5K-100764,2023-01-01,19.75285,85.19219,Minor Damage,Highway Corridor,Clear,Central India,Synthetic Fill
SYN-5K-100765,2023-01-01,23.64629,86.647062,Fatal,Rural/Minor Highway,Clear,Central India,Synthetic Fill
SYN-5K-100766,2023-01-01,24.377526,73.514922,Grievous Injury,Highway Corridor,Clear,Central India,Synthetic Fill
SYN-5K-100767,2023-01-01,15.356941,75.647156,Grievous Injury,Rural/Minor Highway,Clear,Central India,Synthetic Fill
SYN-5K-100768,2023-01-01,14.870866,75.641588,Minor Damage,Highway Corridor,Clear,Central India,Synthetic Fill
SYN-5K-100769,2023-01-01,24.090997,85.714253,Grievous Injury,Rural/Minor Highway,Clear,Central India,Synthetic Fill
SYN-5K-100770,2023-01-01,18.774791,73.590991,Grievous Injury,Highway Corridor,Clear,Central India,Synthetic Fill
SYN-5K-100771,2023-01-01,23.598921,76.956015,Grievous Injury,Rural/Minor Highway,Clear,Central India,Synthetic Fill
SYN-5K-100772,2023-01-01,15.274267,80.103833188,Fatal,Highway Corridor,Clear,Central India,Synthetic Fill
SYN-5K-100773,2023-01-01,21.215427,81.007605,Grievous Injury,Rural/Minor Highway,Clear,Central India,Synthetic Fill
SYN-5K-100774,2023-01-01,18.567571,73.586707,Grievous Injury,Highway Corridor,Clear,Central India,Synthetic Fill
SYN-5K-100775,2023-01-01,23.875209,85.55097,Grievous Injury,Rural/Minor Highway,Clear,Central India,Synthetic Fill
SYN-5K-100776,2023-01-01,26.905207,79.475913,Minor Damage,Highway Corridor,Clear,Central India,Synthetic Fill
SYN-5K-100777,2023-01-01,23.382724,76.975176,Minor Damage,Rural/Minor Highway,Clear,Central India,Synthetic Fill
SYN-5K-100778,2023-01-01,23.732591,86.67923,Fatal,Highway Corridor,Clear,Central India,Synthetic Fill
SYN-5K-100779,2023-01-01,22.681894,85.606891,Minor Damage,Rural/Minor Highway,Clear,Central India,Synthetic Fill
SYN-5K-100780,2023-01-01,19.805169,72.943425,Grievous Injury,Highway Corridor,Clear,Central India,Synthetic Fill
SYN-5K-100781,2023-01-01,22.261268,77.497906,Fatal,Rural/Minor Highway,Clear,Central India,Synthetic Fill
SYN-5K-100782,2023-01-01,25.877622,83.151523,Minor Damage,Highway Corridor,Clear,Central India,Synthetic Fill
SYN-5K-100783,2023-01-01,22.831174,85.581385,Minor Damage,Rural/Minor Highway,Clear,Central India,Synthetic Fill
SYN-5K-100784,2023-01-01,18.33432,78.657432,Fatal,Highway Corridor,Clear,Central India,Synthetic Fill
SYN-5K-100785,2023-01-01,20.61916,75.159923,Minor Damage,Rural/Minor Highway,Clear,Central India,Synthetic Fill
SYN-5K-100786,2023-01-01,26.153631,81.703096,Minor Damage,Highway Corridor,Clear,Central India,Synthetic Fill
SYN-5K-100787,2023-01-01,15.994129,75.8779,Grievous Injury,Rural/Minor Highway,Clear,Central India,Synthetic Fill
SYN-5K-100788,2023-01-01,16.247905,80.45823742,Fatal,Highway Corridor,Clear,Central India,Synthetic Fill
SYN-5K-100789,2023-01-01,23.33526,85.713132,Grievous Injury,Rural/Minor Highway,Clear,Central India,Synthetic Fill
SYN-5K-100790,2023-01-01,23.615178,73.023258,Minor Damage,Highway Corridor,Clear,Central India,Synthetic Fill
SYN-5K-100791,2023-01-01,20.880554,80.715241,Fatal,Rural/Minor Highway,Clear,Central India,Synthetic Fill
SYN-5K-100792,2023-01-01,21.817692,87.496046,Grievous Injury,Highway Corridor,Clear,Central India,Synthetic Fill
SYN-5K-100793,2023-01-01,20.541729,79.305248,Minor Damage,Rural/Minor Highway,Clear,Central India,Synthetic Fill
SYN-5K-100794,2023-01-01,22.23292,72.675576,Fatal,Highway Corridor,Clear,Central India,Synthetic Fill
SYN-5K-100795,2023-01-01,20.42229,81.524277,Grievous Injury,Rural/Minor Highway,Clear,Central India,Synthetic Fill
SYN-5K-100796,2023-01-01,27.940456,77.655174,Grievous Injury,Highway Corridor,Clear,Central India,Synthetic Fill
SYN-5K-100797,2023-01-01,20.838692,80.078816,Fatal,Rural/Minor Highway,Clear,Central India,Synthetic Fill
SYN-5K-100798,2023-01-01,15.468624,80.17457913599999,Minor Damage,Highway Corridor,Clear,Central India,Synthetic Fill
SYN-5K-100799,2023-01-01,21.771451,81.063027,Grievous Injury,Rural/Minor Highway,Clear,Central India,Synthetic Fill
SYN-5K-100800,2023-01-01,16.960517,80.71762818799999,Minor Damage,Highway Corridor,Clear,Central India,Synthetic Fill
SYN-5K-100801,2023-01-01,22.666935,83.969998,Grievous Injury,Rural/Minor Highway,Clear,Central India,Synthetic Fill
SYN-5K-100802,2023-01-01,16.104524,80.406046736,Fatal,Highway Corridor,Clear,Central India,Synthetic Fill
SYN-5K-100803,2023-01-01,22.516089,77.496102,Minor Damage,Rural/Minor Highway,Clear,Central India,Synthetic Fill
SYN-5K-100804,2023-01-01,18.060444,74.111312,Fatal,Highway Corridor,Clear,Central India,Synthetic Fill
SYN-5K-100805,2023-01-01,15.674825,74.269849725,Grievous Injury,Rural/Minor Highway,Clear,Central India,Synthetic Fill
SYN-5K-100806,2023-01-01,20.286857,78.95897,Grievous Injury,Highway Corridor,Clear,Central India,Synthetic Fill
SYN-5K-100807,2023-01-01,23.085163,85.174293,Grievous Injury,Rural/Minor Highway,Clear,Central India,Synthetic Fill
SYN-5K-100808,2023-01-01,15.850458,74.954252,Grievous Injury,Highway Corridor,Clear,Central India,Synthetic Fill
SYN-5K-100809,2023-01-01,21.170935,81.723554,Grievous Injury,Rural/Minor Highway,Clear,Central India,Synthetic Fill
SYN-5K-100810,2023-01-01,28.564955,77.120779,Grievous Injury,Highway Corridor,Clear,Central India,Synthetic Fill
SYN-5K-100811,2023-01-01,20.608286,78.733251,Fatal,Rural/Minor Highway,Clear,Central India,Synthetic Fill
SYN-5K-100812,2023-01-01,27.851957,77.561761,Minor Damage,Highway Corridor,Clear,Central India,Synthetic Fill
SYN-5K-100813,2023-01-01,24.040839,85.292009,Minor Damage,Rural/Minor Highway,Clear,Central India,Synthetic Fill
SYN-5K-100814,2023-01-01,14.377514,76.042514,Fatal,Highway Corridor,Clear,Central India,Synthetic Fill
SYN-5K-100815,2023-01-01,21.027892,81.255546,Minor Damage,Rural/Minor Highway,Clear,Central India,Synthetic Fill
SYN-5K-100816,2023-01-01,25.962946,82.796102,Fatal,Highway Corridor,Clear,Central India,Synthetic Fill
SYN-5K-100817,2023-01-01,20.130066,75.830892,Grievous Injury,Rural/Minor Highway,Clear,Central India,Synthetic Fill
SYN-5K-100818,2023-01-01,19.497825,85.082329,Minor Damage,Highway Corridor,Clear,Central India,Synthetic Fill
SYN-5K-100819,2023-01-01,21.7805,77.93754,Minor Damage,Rural/Minor Highway,Clear,Central India,Synthetic Fill
SYN-5K-100820,2023-01-01,21.508611,87.108593,Fatal,Highway Corridor,Clear,Central India,Synthetic Fill
SYN-5K-100821,2023-01-01,20.380704,74.505937,Minor Damage,Rural/Minor Highway,Clear,Central India,Synthetic Fill
SYN-5K-100822,2023-01-01,21.106468,86.812806,Grievous Injury,Highway Corridor,Clear,Central India,Synthetic Fill
SYN-5K-100823,2023-01-01,22.780069,85.380525,Grievous Injury,Rural/Minor Highway,Clear,Central India,Synthetic Fill
SYN-5K-100824,2023-01-01,26.097756,82.284598,Grievous Injury,Highway Corridor,Clear,Central India,Synthetic Fill
SYN-5K-100825,2023-01-01,19.468197,76.136428,Grievous Injury,Rural/Minor Highway,Clear,Central India,Synthetic Fill
SYN-5K-100826,2023-01-01,21.05953,86.578637,Grievous Injury,Highway Corridor,Clear,Central India,Synthetic Fill
SYN-5K-100827,2023-01-01,19.296744,75.587036,Minor Damage,Rural/Minor Highway,Clear,Central India,Synthetic Fill
SYN-5K-100828,2023-01-01,23.64649,86.657017,Grievous Injury,Highway Corridor,Clear,Central India,Synthetic Fill
SYN-5K-100829,2023-01-01,23.708734,77.12999,Grievous Injury,Rural/Minor Highway,Clear,Central India,Synthetic Fill
SYN-5K-100830,2023-01-01,20.39308,72.887908,Fatal,Highway Corridor,Clear,Central India,Synthetic Fill
SYN-5K-100831,2023-01-01,20.484372,79.177675,Grievous Injury,Rural/Minor Highway,Clear,Central India,Synthetic Fill
SYN-5K-100832,2023-01-01,19.441984,73.007013,Minor Damage,Highway Corridor,Clear,Central India,Synthetic Fill
SYN-5K-100833,2023-01-01,24.127161,85.429661,Grievous Injury,Rural/Minor Highway,Clear,Central India,Synthetic Fill
SYN-5K-100834,2023-01-01,25.13023,85.43346,Grievous Injury,Highway Corridor,Clear,Central India,Synthetic Fill
SYN-5K-100835,2023-01-01,20.687753,80.901302,Fatal,Rural/Minor Highway,Clear,Central India,Synthetic Fill
SYN-5K-100836,2023-01-01,13.710519,79.534628916,Minor Damage,Highway Corridor,Clear,Central India,Synthetic Fill
SYN-5K-100837,2023-01-01,15.452819,75.210134,Minor Damage,Rural/Minor Highway,Clear,Central India,Synthetic Fill
SYN-5K-100838,2023-01-01,24.733296,85.665497,Grievous Injury,Highway Corridor,Clear,Central India,Synthetic Fill
SYN-5K-100839,2023-01-01,15.002963,74.798962,Minor Damage,Rural/Minor Highway,Clear,Central India,Synthetic Fill
SYN-5K-100840,2023-01-01,16.377269,74.700736,Fatal,Highway Corridor,Clear,Central India,Synthetic Fill
SYN-5K-100841,2023-01-01,23.53326,76.812651,Grievous Injury,Rural/Minor Highway,Clear,Central India,Synthetic Fill
SYN-5K-100842,2023-01-01,25.306461,85.280656,Minor Damage,Highway Corridor,Clear,Central India,Synthetic Fill
SYN-5K-100843,2023-01-01,21.275639,81.121288,Grievous Injury,Rural/Minor Highway,Clear,Central India,Synthetic Fill
SYN-5K-100844,2023-01-01,18.962794,73.231004,Grievous Injury,Highway Corridor,Clear,Central India,Synthetic Fill
SYN-5K-100845,2023-01-01,22.968303,85.631565,Grievous Injury,Rural/Minor Highway,Clear,Central India,Synthetic Fill
SYN-5K-100846,2023-01-01,27.285542,79.121157,Fatal,Highway Corridor,Clear,Central India,Synthetic Fill
SYN-5K-100847,2023-01-01,23.369463,76.577563,Grievous Injury,Rural/Minor Highway,Clear,Central India,Synthetic Fill
SYN-5K-100848,2023-01-01,27.655128,77.73343,Grievous Injury,Highway Corridor,Clear,Central India,Synthetic Fill
SYN-5K-100849,2023-01-01,15.318952,74.626895,Grievous Injury,Rural/Minor Highway,Clear,Central India,Synthetic Fill
SYN-5K-100850,2023-01-01,18.824679,81.39618315599999,Grievous Injury,Highway Corridor,Clear,Central India,Synthetic Fill
SYN-5K-100851,2023-01-01,21.808301,79.317374,Minor Damage,Rural/Minor Highway,Clear,Central India,Synthetic Fill
SYN-5K-100852,2023-01-01,13.285975,77.355375,Grievous Injury,Highway Corridor,Clear,Central India,Synthetic Fill
SYN-5K-100853,2023-01-01,24.319569,77.575935,Grievous Injury,Rural/Minor Highway,Clear,Central India,Synthetic Fill
SYN-5K-100854,2023-01-01,26.729777,79.841047,Fatal,Highway Corridor,Clear,Central India,Synthetic Fill
SYN-5K-100855,2023-01-01,19.909526,74.4495,Minor Damage,Rural/Minor Highway,Clear,Central India,Synthetic Fill
SYN-5K-100856,2023-01-01,16.567743,80.574658452,Minor Damage,Highway Corridor,Clear,Central India,Synthetic Fill
SYN-5K-100857,2023-01-01,20.235309,77.708378,Grievous Injury,Rural/Minor Highway,Clear,Central India,Synthetic Fill
SYN-5K-100858,2023-01-01,21.672058,87.295719,Grievous Injury,Highway Corridor,Clear,Central India,Synthetic Fill
SYN-5K-100859,2023-01-01,19.481416,75.077521,Fatal,Rural/Minor Highway,Clear,Central India,Synthetic Fill
SYN-5K-100860,2023-01-01,17.244116,80.82085822399999,Grievous Injury,Highway Corridor,Clear,Central India,Synthetic Fill
SYN-5K-100861,2023-01-01,15.154576,75.303295,Minor Damage,Rural/Minor Highway,Clear,Central India,Synthetic Fill
SYN-5K-100862,2023-01-01,16.974864,80.72285049599999,Grievous Injury,Highway Corridor,Clear,Central India,Synthetic Fill
SYN-5K-100863,2023-01-01,14.852912,74.62080657599999,Grievous Injury,Rural/Minor Highway,Clear,Central India,Synthetic Fill
SYN-5K-100864,2023-01-01,24.358361,86.019588,Minor Damage,Highway Corridor,Clear,Central India,Synthetic Fill
SYN-5K-100865,2023-01-01,21.853905,85.572231,Grievous Injury,Rural/Minor Highway,Clear,Central India,Synthetic Fill
SYN-5K-100866,2023-01-01,19.395252,72.931805,Minor Damage,Highway Corridor,Clear,Central India,Synthetic Fill
SYN-5K-100867,2023-01-01,22.986018,77.544988,Minor Damage,Rural/Minor Highway,Clear,Central India,Synthetic Fill
SYN-5K-100868,2023-01-01,18.423917,81.25030578799999,Minor Damage,Highway Corridor,Clear,Central India,Synthetic Fill
SYN-5K-100869,2023-01-01,21.814963,81.975908,Fatal,Rural/Minor Highway,Clear,Central India,Synthetic Fill
SYN-5K-100870,2023-01-01,25.789007,84.257028,Grievous Injury,Highway Corridor,Clear,Central India,Synthetic Fill
SYN-5K-100871,2023-01-01,22.880286,78.060479,Fatal,Rural/Minor Highway,Clear,Central India,Synthetic Fill
SYN-5K-100872,2023-01-01,22.710331,72.683139,Fatal,Highway Corridor,Clear,Central India,Synthetic Fill
SYN-5K-100873,2023-01-01,21.645751,80.954139,Minor Damage,Rural/Minor Highway,Clear,Central India,Synthetic Fill
SYN-5K-100874,2023-01-01,18.901018,73.302663,Grievous Injury,Highway Corridor,Clear,Central India,Synthetic Fill
SYN-5K-100875,2023-01-01,21.181632,80.989484,Fatal,Rural/Minor Highway,Clear,Central India,Synthetic Fill
SYN-5K-100876,2023-01-01,14.836919,79.944638516,Grievous Injury,Highway Corridor,Clear,Central India,Synthetic Fill
SYN-5K-100877,2023-01-01,15.99429,75.024123,Minor Damage,Rural/Minor Highway,Clear,Central India,Synthetic Fill
SYN-5K-100878,2023-01-01,16.808985,78.395925,Fatal,Highway Corridor,Clear,Central India,Synthetic Fill
SYN-5K-100879,2023-01-01,20.689468,74.983791,Grievous Injury,Rural/Minor Highway,Clear,Central India,Synthetic Fill
SYN-5K-100880,2023-01-01,23.192438,87.497462,Grievous Injury,Highway Corridor,Clear,Central India,Synthetic Fill
SYN-5K-100881,2023-01-01,21.013592,79.362057,Fatal,Rural/Minor Highway,Clear,Central India,Synthetic Fill
SYN-5K-100882,2023-01-01,22.736881,88.30961,Grievous Injury,Highway Corridor,Clear,Central India,Synthetic Fill
SYN-5K-100883,2023-01-01,15.054839,75.6268,Minor Damage,Rural/Minor Highway,Clear,Central India,Synthetic Fill
SYN-5K-100884,2023-01-01,21.240521,86.819297,Minor Damage,Highway Corridor,Clear,Central India,Synthetic Fill
SYN-5K-100885,2023-01-01,23.243391,84.918234,Minor Damage,Rural/Minor Highway,Clear,Central India,Synthetic Fill
SYN-5K-100886,2023-01-01,16.028647,80.378427508,Fatal,Highway Corridor,Clear,Central India,Synthetic Fill
SYN-5K-100887,2023-01-01,23.441699,77.641727,Minor Damage,Rural/Minor Highway,Clear,Central India,Synthetic Fill
SYN-5K-100888,2023-01-01,27.973977,78.212366,Grievous Injury,Highway Corridor,Clear,Central India,Synthetic Fill
SYN-5K-100889,2023-01-01,20.023711,74.784574,Minor Damage,Rural/Minor Highway,Clear,Central India,Synthetic Fill
SYN-5K-100890,2023-01-01,28.044724,77.52483,Fatal,Highway Corridor,Clear,Central India,Synthetic Fill
SYN-5K-100891,2023-01-01,20.256896,79.719161,Minor Damage,Rural/Minor Highway,Clear,Central India,Synthetic Fill
SYN-5K-100892,2023-01-01,18.657266,73.721618,Minor Damage,Highway Corridor,Clear,Central India,Synthetic Fill
SYN-5K-100893,2023-01-01,22.823438,76.939578,Grievous Injury,Rural/Minor Highway,Clear,Central India,Synthetic Fill
SYN-5K-100894,2023-01-01,27.206185,79.247774,Minor Damage,Highway Corridor,Clear,Central India,Synthetic Fill
SYN-5K-100895,2023-01-01,21.923416,79.276538,Minor Damage,Rural/Minor Highway,Clear,Central India,Synthetic Fill
SYN-5K-100896,2023-01-01,16.99525,80.730271,Grievous Injury,Highway Corridor,Clear,Central India,Synthetic Fill
SYN-5K-100897,2023-01-01,21.104616,78.571973,Minor Damage,Rural/Minor Highway,Clear,Central India,Synthetic Fill
SYN-5K-100898,2023-01-01,21.970839,72.719215,Minor Damage,Highway Corridor,Clear,Central India,Synthetic Fill
SYN-5K-100899,2023-01-01,14.951671,74.973671,Grievous Injury,Rural/Minor Highway,Clear,Central India,Synthetic Fill
SYN-5K-100900,2023-01-01,26.750974,78.194669,Minor Damage,Highway Corridor,Clear,Central India,Synthetic Fill
SYN-5K-100901,2023-01-01,19.922129,75.446473,Fatal,Rural/Minor Highway,Clear,Central India,Synthetic Fill
SYN-5K-100902,2023-01-01,17.563329,80.937051756,Grievous Injury,Highway Corridor,Clear,Central India,Synthetic Fill
SYN-5K-100903,2023-01-01,19.492646,80.412939,Grievous Injury,Rural/Minor Highway,Clear,Central India,Synthetic Fill
SYN-5K-100904,2023-01-01,17.833881,74.118723,Grievous Injury,Highway Corridor,Clear,Central India,Synthetic Fill
SYN-5K-100905,2023-01-01,23.338266,78.073626,Fatal,Rural/Minor Highway,Clear,Central India,Synthetic Fill
SYN-5K-100906,2023-01-01,26.677341,78.144331,Fatal,Highway Corridor,Clear,Central India,Synthetic Fill
SYN-5K-100907,2023-01-01,20.959379,78.593673,Grievous Injury,Rural/Minor Highway,Clear,Central India,Synthetic Fill
SYN-5K-100908,2023-01-01,23.99125,73.297284,Grievous Injury,Highway Corridor,Clear,Central India,Synthetic Fill
SYN-5K-100909,2023-01-01,23.013162,85.895461,Grievous Injury,Rural/Minor Highway,Clear,Central India,Synthetic Fill
SYN-5K-100910,2023-01-01,14.455211,76.161797,Minor Damage,Highway Corridor,Clear,Central India,Synthetic Fill
SYN-5K-100911,2023-01-01,22.852947,86.064895,Grievous Injury,Rural/Minor Highway,Clear,Central India,Synthetic Fill
SYN-5K-100912,2023-01-01,15.418505,80.15633582,Minor Damage,Highway Corridor,Clear,Central India,Synthetic Fill
SYN-5K-100913,2023-01-01,23.546767,85.039571,Grievous Injury,Rural/Minor Highway,Clear,Central India,Synthetic Fill
SYN-5K-100914,2023-01-01,17.846349,78.537603,Grievous Injury,Highway Corridor,Clear,Central India,Synthetic Fill
SYN-5K-100915,2023-01-01,22.320955,81.544593,Grievous Injury,Rural/Minor Highway,Clear,Central India,Synthetic Fill
SYN-5K-100916,2023-01-01,17.853868,74.102913,Grievous Injury,Highway Corridor,Clear,Central India,Synthetic Fill
SYN-5K-100917,2023-01-01,19.166639,75.160073,Grievous Injury,Rural/Minor Highway,Clear,Central India,Synthetic Fill
SYN-5K-100918,2023-01-01,23.570263,78.724678,Minor Damage,Highway Corridor,Clear,Central India,Synthetic Fill
SYN-5K-100919,2023-01-01,19.564585,74.52002,Minor Damage,Rural/Minor Highway,Clear,Central India,Synthetic Fill
SYN-5K-100920,2023-01-01,26.065411,82.29578,Minor Damage,Highway Corridor,Clear,Central India,Synthetic Fill
SYN-5K-100921,2023-01-01,24.041623,76.952638,Fatal,Rural/Minor Highway,Clear,Central India,Synthetic Fill
SYN-5K-100922,2023-01-01,25.582178,78.393889,Minor Damage,Highway Corridor,Clear,Central India,Synthetic Fill
SYN-5K-100923,2023-01-01,23.03695,77.278966,Minor Damage,Rural/Minor Highway,Clear,Central India,Synthetic Fill
SYN-5K-100924,2023-01-01,27.216341,79.134575,Fatal,Highway Corridor,Clear,Central India,Synthetic Fill
SYN-5K-100925,2023-01-01,20.624362,81.055148,Grievous Injury,Rural/Minor Highway,Clear,Central India,Synthetic Fill
SYN-5K-100926,2023-01-01,26.323813,80.586069,Minor Damage,Highway Corridor,Clear,Central India,Synthetic Fill
SYN-5K-100927,2023-01-01,19.137333,75.829409,Fatal,Rural/Minor Highway,Clear,Central India,Synthetic Fill
SYN-5K-100928,2023-01-01,16.20527,74.85091,Grievous Injury,Highway Corridor,Clear,Central India,Synthetic Fill
SYN-5K-100929,2023-01-01,23.082024,76.842898,Fatal,Rural/Minor Highway,Clear,Central India,Synthetic Fill
SYN-5K-100930,2023-01-01,17.8061,81.0254204,Fatal,Highway Corridor,Clear,Central India,Synthetic Fill
SYN-5K-100931,2023-01-01,21.35083,78.787252,Grievous Injury,Rural/Minor Highway,Clear,Central India,Synthetic Fill
SYN-5K-100932,2023-01-01,23.168241,72.695384,Fatal,Highway Corridor,Clear,Central India,Synthetic Fill
SYN-5K-100933,2023-01-01,19.586793,75.946639,Grievous Injury,Rural/Minor Highway,Clear,Central India,Synthetic Fill
SYN-5K-100934,2023-01-01,24.993086,78.534255,Minor Damage,Highway Corridor,Clear,Central India,Synthetic Fill
SYN-5K-100935,2023-01-01,23.216058,78.500133,Grievous Injury,Rural/Minor Highway,Clear,Central India,Synthetic Fill
SYN-5K-100936,2023-01-01,24.914468,73.912766,Fatal,Highway Corridor,Clear,Central India,Synthetic Fill
SYN-5K-100937,2023-01-01,23.288344,76.799897,Grievous Injury,Rural/Minor Highway,Clear,Central India,Synthetic Fill
SYN-5K-100938,2023-01-01,23.210813,87.437708,Minor Damage,Highway Corridor,Clear,Central India,Synthetic Fill
SYN-5K-100939,2023-01-01,21.140157,81.928158,Grievous Injury,Rural/Minor Highway,Clear,Central India,Synthetic Fill
SYN-5K-100940,2023-01-01,24.358169,78.662079,Grievous Injury,Highway Corridor,Clear,Central India,Synthetic Fill
SYN-5K-100941,2023-01-01,20.401427,76.397525,Fatal,Rural/Minor Highway,Clear,Central India,Synthetic Fill
SYN-5K-100942,2023-01-01,23.634622,73.171001,Grievous Injury,Highway Corridor,Clear,Central India,Synthetic Fill
SYN-5K-100943,2023-01-01,22.064011,82.098915,Grievous Injury,Rural/Minor Highway,Clear,Central India,Synthetic Fill
SYN-5K-100944,2023-01-01,24.972219,74.098224,Grievous Injury,Highway Corridor,Clear,Central India,Synthetic Fill
SYN-5K-100945,2023-01-01,21.094827,81.526745,Grievous Injury,Rural/Minor Highway,Clear,Central India,Synthetic Fill
SYN-5K-100946,2023-01-01,26.686993,78.187554,Fatal,Highway Corridor,Clear,Central India,Synthetic Fill
SYN-5K-100947,2023-01-01,19.841379,75.380429,Grievous Injury,Rural/Minor Highway,Clear,Central India,Synthetic Fill
SYN-5K-100948,2023-01-01,23.534145,86.93344,Minor Damage,Highway Corridor,Clear,Central India,Synthetic Fill
SYN-5K-100949,2023-01-01,23.951879,85.214177,Minor Damage,Rural/Minor Highway,Clear,Central India,Synthetic Fill
SYN-5K-100950,2023-01-01,18.222994,73.998295,Fatal,Highway Corridor,Clear,Central India,Synthetic Fill
SYN-5K-100951,2023-01-01,23.492544,77.7183,Minor Damage,Rural/Minor Highway,Clear,Central India,Synthetic Fill
SYN-5K-100952,2023-01-01,21.311561,86.922909,Grievous Injury,Highway Corridor,Clear,Central India,Synthetic Fill
SYN-5K-100953,2023-01-01,21.217628,80.930512,Minor Damage,Rural/Minor Highway,Clear,Central India,Synthetic Fill
SYN-5K-100954,2023-01-01,16.266058,74.714321,Grievous Injury,Highway Corridor,Clear,Central India,Synthetic Fill
SYN-5K-100955,2023-01-01,23.549691,85.521584,Grievous Injury,Rural/Minor Highway,Clear,Central India,Synthetic Fill
SYN-5K-100956,2023-01-01,13.886046,79.598520744,Minor Damage,Highway Corridor,Clear,Central India,Synthetic Fill
SYN-5K-100957,2023-01-01,14.616083,76.114487,Fatal,Rural/Minor Highway,Clear,Central India,Synthetic Fill
SYN-5K-100958,2023-01-01,28.504807,77.438391,Grievous Injury,Highway Corridor,Clear,Central India,Synthetic Fill
SYN-5K-100959,2023-01-01,20.394753,75.354281,Minor Damage,Rural/Minor Highway,Clear,Central India,Synthetic Fill
SYN-5K-100960,2023-01-01,21.728886,87.336319,Minor Damage,Highway Corridor,Clear,Central India,Synthetic Fill
SYN-5K-100961,2023-01-01,21.87878,81.776111,Grievous Injury,Rural/Minor Highway,Clear,Central India,Synthetic Fill
SYN-5K-100962,2023-01-01,19.183503,84.814358,Grievous Injury,Highway Corridor,Clear,Central India,Synthetic Fill
SYN-5K-100963,2023-01-01,24.106825,85.625424,Grievous Injury,Rural/Minor Highway,Clear,Central India,Synthetic Fill
SYN-5K-100964,2023-01-01,28.357812,77.055206,Fatal,Highway Corridor,Clear,Central India,Synthetic Fill
SYN-5K-100965,2023-01-01,22.937991,84.171659,Fatal,Rural/Minor Highway,Clear,Central India,Synthetic Fill
SYN-5K-100966,2023-01-01,14.921835,75.738544,Grievous Injury,Highway Corridor,Clear,Central India,Synthetic Fill
SYN-5K-100967,2023-01-01,18.684444,75.468828,Grievous Injury,Rural/Minor Highway,Clear,Central India,Synthetic Fill
SYN-5K-100968,2023-01-01,19.651199,72.868151,Grievous Injury,Highway Corridor,Clear,Central India,Synthetic Fill
SYN-5K-100969,2023-01-01,18.976956,76.461042,Minor Damage,Rural/Minor Highway,Clear,Central India,Synthetic Fill
SYN-5K-100970,2023-01-01,21.443456,72.797778,Minor Damage,Highway Corridor,Clear,Central India,Synthetic Fill
SYN-5K-100971,2023-01-01,22.960916,85.384207,Grievous Injury,Rural/Minor Highway,Clear,Central India,Synthetic Fill
SYN-5K-100972,2023-01-01,20.920597,86.514976,Grievous Injury,Highway Corridor,Clear,Central India,Synthetic Fill
SYN-5K-100973,2023-01-01,22.297789,84.55459,Fatal,Rural/Minor Highway,Clear,Central India,Synthetic Fill
SYN-5K-100974,2023-01-01,13.83682,77.733574,Minor Damage,Highway Corridor,Clear,Central India,Synthetic Fill
SYN-5K-100975,2023-01-01,21.567512,81.599831,Minor Damage,Rural/Minor Highway,Clear,Central India,Synthetic Fill
SYN-5K-100976,2023-01-01,27.786327,77.719414,Minor Damage,Highway Corridor,Clear,Central India,Synthetic Fill
SYN-5K-100977,2023-01-01,21.65041,81.826783,Grievous Injury,Rural/Minor Highway,Clear,Central India,Synthetic Fill
SYN-5K-100978,2023-01-01,18.729011,73.454003,Minor Damage,Highway Corridor,Clear,Central India,Synthetic Fill
SYN-5K-100979,2023-01-01,15.008803,75.639657,Minor Damage,Rural/Minor Highway,Clear,Central India,Synthetic Fill
SYN-5K-100980,2023-01-01,26.639268,78.119602,Fatal,Highway Corridor,Clear,Central India,Synthetic Fill
SYN-5K-100981,2023-01-01,19.437331,76.181389,Minor Damage,Rural/Minor Highway,Clear,Central India,Synthetic Fill
SYN-5K-100982,2023-01-01,17.766454,74.151694,Fatal,Highway Corridor,Clear,Central India,Synthetic Fill
SYN-5K-100983,2023-01-01,16.997663,75.019116,Grievous Injury,Rural/Minor Highway,Clear,Central India,Synthetic Fill
SYN-5K-100984,2023-01-01,25.597913,74.586364,Minor Damage,Highway Corridor,Clear,Central India,Synthetic Fill
SYN-5K-100985,2023-01-01,22.682779,85.037537,Fatal,Rural/Minor Highway,Clear,Central India,Synthetic Fill
SYN-5K-100986,2023-01-01,25.848836,83.417003,Minor Damage,Highway Corridor,Clear,Central India,Synthetic Fill
SYN-5K-100987,2023-01-01,16.343929,76.138249,Grievous Injury,Rural/Minor Highway,Clear,Central India,Synthetic Fill
SYN-5K-100988,2023-01-01,22.66921,88.124978,Minor Damage,Highway Corridor,Clear,Central India,Synthetic Fill
SYN-5K-100989,2023-01-01,22.568951,83.645384,Fatal,Rural/Minor Highway,Clear,Central India,Synthetic Fill
SYN-5K-100990,2023-01-01,22.993643,87.744005,Grievous Injury,Highway Corridor,Clear,Central India,Synthetic Fill
SYN-5K-100991,2023-01-01,23.204679,76.501487,Fatal,Rural/Minor Highway,Clear,Central India,Synthetic Fill
SYN-5K-100992,2023-01-01,27.605112,76.306537,Minor Damage,Highway Corridor,Clear,Central India,Synthetic Fill
SYN-5K-100993,2023-01-01,21.056061,80.18767,Grievous Injury,Rural/Minor Highway,Clear,Central India,Synthetic Fill
SYN-5K-100994,2023-01-01,21.979503,87.650589,Minor Damage,Highway Corridor,Clear,Central India,Synthetic Fill
SYN-5K-100995,2023-01-01,21.835843,79.598108,Fatal,Rural/Minor Highway,Clear,Central India,Synthetic Fill
SYN-5K-100996,2023-01-01,27.069655,78.001653,Minor Damage,Highway Corridor,Clear,Central India,Synthetic Fill
SYN-5K-100997,2023-01-01,21.436522,80.030664,Grievous Injury,Rural/Minor Highway,Clear,Central India,Synthetic Fill
SYN-5K-100998,2023-01-01,28.099773,76.799144,Minor Damage,Highway Corridor,Clear,Central India,Synthetic Fill
SYN-5K-100999,2023-01-01,19.631253,75.254855,Grievous Injury,Rural/Minor Highway,Clear,Central India,Synthetic Fill
SYN-5K-101000,2023-01-01,22.560538,72.699442,Grievous Injury,Highway Corridor,Clear,Central India,Synthetic Fill
SYN-5K-101001,2023-01-01,19.727511,75.679454,Grievous Injury,Rural/Minor Highway,Clear,Central India,Synthetic Fill
SYN-5K-101002,2023-01-01,24.625212,85.787251,Grievous Injury,Highway Corridor,Clear,Central India,Synthetic Fill
SYN-5K-101003,2023-01-01,20.856488,79.121262,Fatal,Rural/Minor Highway,Clear,Central India,Synthetic Fill
SYN-5K-101004,2023-01-01,19.318259,78.668767,Grievous Injury,Highway Corridor,Clear,Central India,Synthetic Fill
SYN-5K-101005,2023-01-01,23.704967,85.150125,Grievous Injury,Rural/Minor Highway,Clear,Central India,Synthetic Fill
SYN-5K-101006,2023-01-01,22.141043,87.802459,Minor Damage,Highway Corridor,Clear,Central India,Synthetic Fill
SYN-5K-101007,2023-01-01,22.74589,77.908712,Grievous Injury,Rural/Minor Highway,Clear,Central India,Synthetic Fill
SYN-5K-101008,2023-01-01,18.13741,81.14601723999999,Fatal,Highway Corridor,Clear,Central India,Synthetic Fill
SYN-5K-101009,2023-01-01,15.251113,76.135997,Fatal,Rural/Minor Highway,Clear,Central India,Synthetic Fill
SYN-5K-101010,2023-01-01,23.1353,72.724276,Minor Damage,Highway Corridor,Clear,Central India,Synthetic Fill
SYN-5K-101011,2023-01-01,21.912609,81.621165,Fatal,Rural/Minor Highway,Clear,Central India,Synthetic Fill
SYN-5K-101012,2023-01-01,20.506658,86.192898,Fatal,Highway Corridor,Clear,Central India,Synthetic Fill
SYN-5K-101013,2023-01-01,23.221778,76.716765,Grievous Injury,Rural/Minor Highway,Clear,Central India,Synthetic Fill
SYN-5K-101014,2023-01-01,28.243332,77.693009,Grievous Injury,Highway Corridor,Clear,Central India,Synthetic Fill
SYN-5K-101015,2023-01-01,15.922921,76.688606,Grievous Injury,Rural/Minor Highway,Clear,Central India,Synthetic Fill
SYN-5K-101016,2023-01-01,25.060391,85.496882,Fatal,Highway Corridor,Clear,Central India,Synthetic Fill
SYN-5K-101017,2023-01-01,15.343192,74.959401,Minor Damage,Rural/Minor Highway,Clear,Central India,Synthetic Fill
SYN-5K-101018,2023-01-01,21.898483,87.572979,Grievous Injury,Highway Corridor,Clear,Central India,Synthetic Fill
SYN-5K-101019,2023-01-01,19.261744,75.314329,Grievous Injury,Rural/Minor Highway,Clear,Central India,Synthetic Fill
SYN-5K-101020,2023-01-01,22.070148,79.009278,Minor Damage,Highway Corridor,Clear,Central India,Synthetic Fill
SYN-5K-101021,2023-01-01,21.646089,79.17999,Grievous Injury,Rural/Minor Highway,Clear,Central India,Synthetic Fill
SYN-5K-101022,2023-01-01,25.640482,78.501364,Minor Damage,Highway Corridor,Clear,Central India,Synthetic Fill
SYN-5K-101023,2023-01-01,22.515706,84.689604,Grievous Injury,Rural/Minor Highway,Clear,Central India,Synthetic Fill
SYN-5K-101024,2023-01-01,26.110924,75.04981,Fatal,Highway Corridor,Clear,Central India,Synthetic Fill
SYN-5K-101025,2023-01-01,18.91667,74.770661,Minor Damage,Rural/Minor Highway,Clear,Central India,Synthetic Fill
SYN-5K-101026,2023-01-01,17.276812,80.832759568,Grievous Injury,Highway Corridor,Clear,Central India,Synthetic Fill
SYN-5K-101027,2023-01-01,21.723668,82.285372,Fatal,Rural/Minor Highway,Clear,Central India,Synthetic Fill
SYN-5K-101028,2023-01-01,24.742877,78.583031,Grievous Injury,Highway Corridor,Clear,Central India,Synthetic Fill
SYN-5K-101029,2023-01-01,19.928878,74.863025,Grievous Injury,Rural/Minor Highway,Clear,Central India,Synthetic Fill
SYN-5K-101030,2023-01-01,24.072988,73.36035,Grievous Injury,Highway Corridor,Clear,Central India,Synthetic Fill
SYN-5K-101031,2023-01-01,21.84788,81.958666,Grievous Injury,Rural/Minor Highway,Clear,Central India,Synthetic Fill
SYN-5K-101032,2023-01-01,15.130707,75.42185,Grievous Injury,Highway Corridor,Clear,Central India,Synthetic Fill
SYN-5K-101033,2023-01-01,19.101797,74.9456,Grievous Injury,Rural/Minor Highway,Clear,Central India,Synthetic Fill
SYN-5K-101034,2023-01-01,17.665335,74.150553,Grievous Injury,Highway Corridor,Clear,Central India,Synthetic Fill
SYN-5K-101035,2023-01-01,21.247787,77.842488,Minor Damage,Rural/Minor Highway,Clear,Central India,Synthetic Fill
SYN-5K-101036,2023-01-01,27.565317,77.84844,Grievous Injury,Highway Corridor,Clear,Central India,Synthetic Fill
SYN-5K-101037,2023-01-01,23.917703,77.455106,Minor Damage,Rural/Minor Highway,Clear,Central India,Synthetic Fill
SYN-5K-101038,2023-01-01,28.20726,77.492602,Minor Damage,Highway Corridor,Clear,Central India,Synthetic Fill
SYN-5K-101039,2023-01-01,23.507632,85.005595,Fatal,Rural/Minor Highway,Clear,Central India,Synthetic Fill
SYN-5K-101040,2023-01-01,26.522968,78.194202,Minor Damage,Highway Corridor,Clear,Central India,Synthetic Fill
SYN-5K-101041,2023-01-01,23.402982,86.140257,Grievous Injury,Rural/Minor Highway,Clear,Central India,Synthetic Fill
SYN-5K-101042,2023-01-01,17.055471,80.75219144399999,Grievous Injury,Highway Corridor,Clear,Central India,Synthetic Fill
SYN-5K-101043,2023-01-01,21.507599,78.982946,Grievous Injury,Rural/Minor Highway,Clear,Central India,Synthetic Fill
SYN-5K-101044,2023-01-01,22.971939,72.698086,Minor Damage,Highway Corridor,Clear,Central India,Synthetic Fill
SYN-5K-101045,2023-01-01,22.319254,76.682779,Minor Damage,Rural/Minor Highway,Clear,Central India,Synthetic Fill
SYN-5K-101046,2023-01-01,18.94598,73.20859,Minor Damage,Highway Corridor,Clear,Central India,Synthetic Fill
SYN-5K-101047,2023-01-01,18.298105,75.270013,Fatal,Rural/Minor Highway,Clear,Central India,Synthetic Fill
SYN-5K-101048,2023-01-01,24.376293,86.033667,Grievous Injury,Highway Corridor,Clear,Central India,Synthetic Fill
SYN-5K-101049,2023-01-01,20.471286,78.32236,Fatal,Rural/Minor Highway,Clear,Central India,Synthetic Fill
SYN-5K-101050,2023-01-01,25.297406,74.288044,Minor Damage,Highway Corridor,Clear,Central India,Synthetic Fill
SYN-5K-101051,2023-01-01,23.061312,77.505997,Grievous Injury,Rural/Minor Highway,Clear,Central India,Synthetic Fill
SYN-5K-101052,2023-01-01,26.25312,81.411341,Fatal,Highway Corridor,Clear,Central India,Synthetic Fill
SYN-5K-101053,2023-01-01,23.392024,77.349846,Grievous Injury,Rural/Minor Highway,Clear,Central India,Synthetic Fill
SYN-5K-101054,2023-01-01,19.601369,72.922657,Grievous Injury,Highway Corridor,Clear,Central India,Synthetic Fill
SYN-5K-101055,2023-01-01,23.734623,77.45467,Grievous Injury,Rural/Minor Highway,Clear,Central India,Synthetic Fill
SYN-5K-101056,2023-01-01,22.18412,87.948043,Grievous Injury,Highway Corridor,Clear,Central India,Synthetic Fill
SYN-5K-101057,2023-01-01,20.055649,75.02666,Fatal,Rural/Minor Highway,Clear,Central India,Synthetic Fill
SYN-5K-101058,2023-01-01,21.328901,86.940407,Fatal,Highway Corridor,Clear,Central India,Synthetic Fill
SYN-5K-101059,2023-01-01,20.962072,79.504464,Grievous Injury,Rural/Minor Highway,Clear,Central India,Synthetic Fill
SYN-5K-101060,2023-01-01,20.938526,72.85278,Grievous Injury,Highway Corridor,Clear,Central India,Synthetic Fill
SYN-5K-101061,2023-01-01,23.356218,84.910017,Grievous Injury,Rural/Minor Highway,Clear,Central India,Synthetic Fill
SYN-5K-101062,2023-01-01,19.067837,78.752469,Grievous Injury,Highway Corridor,Clear,Central India,Synthetic Fill
SYN-5K-101063,2023-01-01,23.453489,85.319441,Grievous Injury,Rural/Minor Highway,Clear,Central India,Synthetic Fill
SYN-5K-101064,2023-01-01,21.495322,79.048311,Grievous Injury,Highway Corridor,Clear,Central India,Synthetic Fill
SYN-5K-101065,2023-01-01,23.877522,77.558268,Minor Damage,Rural/Minor Highway,Clear,Central India,Synthetic Fill
SYN-5K-101066,2023-01-01,25.411257,85.18772,Minor Damage,Highway Corridor,Clear,Central India,Synthetic Fill
SYN-5K-101067,2023-01-01,20.295402,74.344401,Grievous Injury,Rural/Minor Highway,Clear,Central India,Synthetic Fill
SYN-5K-101068,2023-01-01,18.663596,73.742036,Grievous Injury,Highway Corridor,Clear,Central India,Synthetic Fill
SYN-5K-101069,2023-01-01,15.904561,75.069635,Grievous Injury,Rural/Minor Highway,Clear,Central India,Synthetic Fill
SYN-5K-101070,2023-01-01,28.262308,77.548674,Grievous Injury,Highway Corridor,Clear,Central India,Synthetic Fill
SYN-5K-101071,2023-01-01,21.884741,85.409567,Grievous Injury,Rural/Minor Highway,Clear,Central India,Synthetic Fill
SYN-5K-101072,2023-01-01,19.995848,72.859666,Minor Damage,Highway Corridor,Clear,Central India,Synthetic Fill
SYN-5K-101073,2023-01-01,23.151638,84.685734,Grievous Injury,Rural/Minor Highway,Clear,Central India,Synthetic Fill
SYN-5K-101074,2023-01-01,23.087786,87.64277,Minor Damage,Highway Corridor,Clear,Central India,Synthetic Fill
SYN-5K-101075,2023-01-01,14.660982,74.774851,Fatal,Rural/Minor Highway,Clear,Central India,Synthetic Fill
SYN-5K-101076,2023-01-01,19.006583,73.254786,Grievous Injury,Highway Corridor,Clear,Central India,Synthetic Fill
SYN-5K-101077,2023-01-01,20.982074,79.193664,Grievous Injury,Rural/Minor Highway,Clear,Central India,Synthetic Fill
SYN-5K-101078,2023-01-01,15.010587,78.035785,Fatal,Highway Corridor,Clear,Central India,Synthetic Fill
SYN-5K-101079,2023-01-01,21.154938,78.413346,Grievous Injury,Rural/Minor Highway,Clear,Central India,Synthetic Fill
SYN-5K-101080,2023-01-01,23.363198,87.103799,Fatal,Highway Corridor,Clear,Central India,Synthetic Fill
SYN-5K-101081,2023-01-01,22.996231,77.160704,Grievous Injury,Rural/Minor Highway,Clear,Central India,Synthetic Fill
SYN-5K-101082,2023-01-01,15.671172,74.997294,Minor Damage,Highway Corridor,Clear,Central India,Synthetic Fill
SYN-5K-101083,2023-01-01,16.315193,74.980651,Grievous Injury,Rural/Minor Highway,Clear,Central India,Synthetic Fill
SYN-5K-101084,2023-01-01,25.878065,83.186819,Fatal,Highway Corridor,Clear,Central India,Synthetic Fill
SYN-5K-101085,2023-01-01,20.850855,79.571995,Fatal,Rural/Minor Highway,Clear,Central India,Synthetic Fill
SYN-5K-101086,2023-01-01,21.145729,86.817464,Grievous Injury,Highway Corridor,Clear,Central India,Synthetic Fill
SYN-5K-101087,2023-01-01,14.885401,75.302963,Minor Damage,Rural/Minor Highway,Clear,Central India,Synthetic Fill
SYN-5K-101088,2023-01-01,28.18379,77.696816,Minor Damage,Highway Corridor,Clear,Central India,Synthetic Fill
SYN-5K-101089,2023-01-01,19.18529,74.966253,Minor Damage,Rural/Minor Highway,Clear,Central India,Synthetic Fill
SYN-5K-101090,2023-01-01,26.714994,78.073918,Grievous Injury,Highway Corridor,Clear,Central India,Synthetic Fill
SYN-5K-101091,2023-01-01,15.574794,74.770892,Grievous Injury,Rural/Minor Highway,Clear,Central India,Synthetic Fill
SYN-5K-101092,2023-01-01,14.77987,75.834719,Grievous Injury,Highway Corridor,Clear,Central India,Synthetic Fill
SYN-5K-101093,2023-01-01,23.316987,85.343728,Grievous Injury,Rural/Minor Highway,Clear,Central India,Synthetic Fill
SYN-5K-101094,2023-01-01,21.380076,72.782939,Fatal,Highway Corridor,Clear,Central India,Synthetic Fill
SYN-5K-101095,2023-01-01,20.443606,74.609501,Grievous Injury,Rural/Minor Highway,Clear,Central India,Synthetic Fill
SYN-5K-101096,2023-01-01,17.52382,80.92267048,Fatal,Highway Corridor,Clear,Central India,Synthetic Fill
SYN-5K-101097,2023-01-01,15.729993,74.510873,Fatal,Rural/Minor Highway,Clear,Central India,Synthetic Fill
SYN-5K-101098,2023-01-01,21.487742,87.176606,Grievous Injury,Highway Corridor,Clear,Central India,Synthetic Fill
SYN-5K-101099,2023-01-01,22.959102,86.207325,Fatal,Rural/Minor Highway,Clear,Central India,Synthetic Fill
SYN-5K-101100,2023-01-01,22.403682,88.203437,Grievous Injury,Highway Corridor,Clear,Central India,Synthetic Fill
SYN-5K-101101,2023-01-01,22.472291,86.001578,Minor Damage,Rural/Minor Highway,Clear,Central India,Synthetic Fill
SYN-5K-101102,2023-01-01,27.397371,78.938832,Grievous Injury,Highway Corridor,Clear,Central India,Synthetic Fill
SYN-5K-101103,2023-01-01,23.095123,84.028212,Minor Damage,Rural/Minor Highway,Clear,Central India,Synthetic Fill
SYN-5K-101104,2023-01-01,17.668765,74.222026,Grievous Injury,Highway Corridor,Clear,Central India,Synthetic Fill
SYN-5K-101105,2023-01-01,15.931566,76.428178,Grievous Injury,Rural/Minor Highway,Clear,Central India,Synthetic Fill
SYN-5K-101106,2023-01-01,19.937171,85.452249,Minor Damage,Highway Corridor,Clear,Central India,Synthetic Fill
SYN-5K-101107,2023-01-01,23.182964,85.194951,Fatal,Rural/Minor Highway,Clear,Central India,Synthetic Fill
SYN-5K-101108,2023-01-01,25.129508,74.22865,Fatal,Highway Corridor,Clear,Central India,Synthetic Fill
SYN-5K-101109,2023-01-01,22.368894,77.651002,Fatal,Rural/Minor Highway,Clear,Central India,Synthetic Fill
SYN-5K-101110,2023-01-01,22.829896,88.009452,Fatal,Highway Corridor,Clear,Central India,Synthetic Fill
SYN-5K-101111,2023-01-01,21.517486,80.020953,Fatal,Rural/Minor Highway,Clear,Central India,Synthetic Fill
SYN-5K-101112,2023-01-01,24.605826,85.935815,Fatal,Highway Corridor,Clear,Central India,Synthetic Fill
SYN-5K-101113,2023-01-01,21.493289,82.390091,Grievous Injury,Rural/Minor Highway,Clear,Central India,Synthetic Fill
SYN-5K-101114,2023-01-01,26.815251,78.055489,Grievous Injury,Highway Corridor,Clear,Central India,Synthetic Fill
SYN-5K-101115,2023-01-01,20.74232,81.670577,Grievous Injury,Rural/Minor Highway,Clear,Central India,Synthetic Fill
SYN-5K-101116,2023-01-01,26.089063,78.335922,Grievous Injury,Highway Corridor,Clear,Central India,Synthetic Fill
SYN-5K-101117,2023-01-01,22.118846,81.515764,Minor Damage,Rural/Minor Highway,Clear,Central India,Synthetic Fill
SYN-5K-101118,2023-01-01,20.158584,85.69815,Minor Damage,Highway Corridor,Clear,Central India,Synthetic Fill
SYN-5K-101119,2023-01-01,22.559555,82.474075,Fatal,Rural/Minor Highway,Clear,Central India,Synthetic Fill
SYN-5K-101120,2023-01-01,18.912659,78.721837,Grievous Injury,Highway Corridor,Clear,Central India,Synthetic Fill
SYN-5K-101121,2023-01-01,20.161058,77.874144,Grievous Injury,Rural/Minor Highway,Clear,Central India,Synthetic Fill
SYN-5K-101122,2023-01-01,26.937271,79.62632,Grievous Injury,Highway Corridor,Clear,Central India,Synthetic Fill
SYN-5K-101123,2023-01-01,21.709177,81.222201,Fatal,Rural/Minor Highway,Clear,Central India,Synthetic Fill
SYN-5K-101124,2023-01-01,24.232979,78.700909,Minor Damage,Highway Corridor,Clear,Central India,Synthetic Fill
SYN-5K-101125,2023-01-01,23.544092,75.730147,Minor Damage,Rural/Minor Highway,Clear,Central India,Synthetic Fill
SYN-5K-101126,2023-01-01,27.794574,78.244462,Fatal,Highway Corridor,Clear,Central India,Synthetic Fill
SYN-5K-101127,2023-01-01,19.707734,75.522951,Grievous Injury,Rural/Minor Highway,Clear,Central India,Synthetic Fill
SYN-5K-101128,2023-01-01,21.244148,86.778589,Grievous Injury,Highway Corridor,Clear,Central India,Synthetic Fill
SYN-5K-101129,2023-01-01,20.912696,81.238667,Minor Damage,Rural/Minor Highway,Clear,Central India,Synthetic Fill
SYN-5K-101130,2023-01-01,25.957715,82.844398,Grievous Injury,Highway Corridor,Clear,Central India,Synthetic Fill
SYN-5K-101131,2023-01-01,22.724982,85.340092,Grievous Injury,Rural/Minor Highway,Clear,Central India,Synthetic Fill
SYN-5K-101132,2023-01-01,27.676019,78.667327,Fatal,Highway Corridor,Clear,Central India,Synthetic Fill
SYN-5K-101133,2023-01-01,23.83254,85.791119,Grievous Injury,Rural/Minor Highway,Clear,Central India,Synthetic Fill
SYN-5K-101134,2023-01-01,17.905442,73.982678,Minor Damage,Highway Corridor,Clear,Central India,Synthetic Fill
SYN-5K-101135,2023-01-01,21.295601,78.483578,Minor Damage,Rural/Minor Highway,Clear,Central India,Synthetic Fill
SYN-5K-101136,2023-01-01,25.79981,84.032925,Grievous Injury,Highway Corridor,Clear,Central India,Synthetic Fill
SYN-5K-101137,2023-01-01,23.835222,77.201197,Fatal,Rural/Minor Highway,Clear,Central India,Synthetic Fill
SYN-5K-101138,2023-01-01,24.715641,85.686509,Minor Damage,Highway Corridor,Clear,Central India,Synthetic Fill
SYN-5K-101139,2023-01-01,23.328149,76.904462,Fatal,Rural/Minor Highway,Clear,Central India,Synthetic Fill
SYN-5K-101140,2023-01-01,23.844649,78.749656,Grievous Injury,Highway Corridor,Clear,Central India,Synthetic Fill
SYN-5K-101141,2023-01-01,23.941069,77.004999,Grievous Injury,Rural/Minor Highway,Clear,Central India,Synthetic Fill
SYN-5K-101142,2023-01-01,21.222518,86.8185,Fatal,Highway Corridor,Clear,Central India,Synthetic Fill
SYN-5K-101143,2023-01-01,21.509233,81.003966,Fatal,Rural/Minor Highway,Clear,Central India,Synthetic Fill
SYN-5K-101144,2023-01-01,28.158356,76.887676,Fatal,Highway Corridor,Clear,Central India,Synthetic Fill
SYN-5K-101145,2023-01-01,21.149818,79.359523,Grievous Injury,Rural/Minor Highway,Clear,Central India,Synthetic Fill
SYN-5K-101146,2023-01-01,17.001711,78.508027,Minor Damage,Highway Corridor,Clear,Central India,Synthetic Fill
SYN-5K-101147,2023-01-01,22.634157,76.057025,Minor Damage,Rural/Minor Highway,Clear,Central India,Synthetic Fill
SYN-5K-101148,2023-01-01,27.650319,78.463187,Grievous Injury,Highway Corridor,Clear,Central India,Synthetic Fill
SYN-5K-101149,2023-01-01,15.482361,74.449309,Minor Damage,Rural/Minor Highway,Clear,Central India,Synthetic Fill
SYN-5K-101150,2023-01-01,26.755226,78.046627,Grievous Injury,Highway Corridor,Clear,Central India,Synthetic Fill
SYN-5K-101151,2023-01-01,23.035949,76.544656,Minor Damage,Rural/Minor Highway,Clear,Central India,Synthetic Fill
SYN-5K-101152,2023-01-01,20.597096,78.962634,Minor Damage,Highway Corridor,Clear,Central India,Synthetic Fill
SYN-5K-101153,2023-01-01,16.510461,75.56163,Grievous Injury,Rural/Minor Highway,Clear,Central India,Synthetic Fill
SYN-5K-101154,2023-01-01,13.632831,76.904682,Fatal,Highway Corridor,Clear,Central India,Synthetic Fill
SYN-5K-101155,2023-01-01,22.941242,84.230791,Grievous Injury,Rural/Minor Highway,Clear,Central India,Synthetic Fill
SYN-5K-101156,2023-01-01,24.095157,73.259841,Minor Damage,Highway Corridor,Clear,Central India,Synthetic Fill
SYN-5K-101157,2023-01-01,19.210414,74.853354,Minor Damage,Rural/Minor Highway,Clear,Central India,Synthetic Fill
SYN-5K-101158,2023-01-01,23.737416,86.535713,Fatal,Highway Corridor,Clear,Central India,Synthetic Fill
SYN-5K-101159,2023-01-01,14.895848,75.357235,Minor Damage,Rural/Minor Highway,Clear,Central India,Synthetic Fill
SYN-5K-101160,2023-01-01,17.202157,80.80558514799999,Fatal,Highway Corridor,Clear,Central India,Synthetic Fill
SYN-5K-101161,2023-01-01,20.487018,78.710673,Minor Damage,Rural/Minor Highway,Clear,Central India,Synthetic Fill
SYN-5K-101162,2023-01-01,28.295215,77.019582,Grievous Injury,Highway Corridor,Clear,Central India,Synthetic Fill
SYN-5K-101163,2023-01-01,19.945347,75.699418,Grievous Injury,Rural/Minor Highway,Clear,Central India,Synthetic Fill
SYN-5K-101164,2023-01-01,18.178584,73.949289,Minor Damage,Highway Corridor,Clear,Central India,Synthetic Fill
SYN-5K-101165,2023-01-01,20.218178,75.786774,Minor Damage,Rural/Minor Highway,Clear,Central India,Synthetic Fill
SYN-5K-101166,2023-01-01,23.448296,86.8954,Fatal,Highway Corridor,Clear,Central India,Synthetic Fill
SYN-5K-101167,2023-01-01,22.105836,78.657842,Grievous Injury,Rural/Minor Highway,Clear,Central India,Synthetic Fill
SYN-5K-101168,2023-01-01,14.217734,76.402649,Minor Damage,Highway Corridor,Clear,Central India,Synthetic Fill
SYN-5K-101169,2023-01-01,23.210172,77.371707,Fatal,Rural/Minor Highway,Clear,Central India,Synthetic Fill
SYN-5K-101170,2023-01-01,24.750363,73.878786,Fatal,Highway Corridor,Clear,Central India,Synthetic Fill
SYN-5K-101171,2023-01-01,22.455139,78.093097,Grievous Injury,Rural/Minor Highway,Clear,Central India,Synthetic Fill
SYN-5K-101172,2023-01-01,18.868388,73.297621,Grievous Injury,Highway Corridor,Clear,Central India,Synthetic Fill
SYN-5K-101173,2023-01-01,14.822704,74.810918,Grievous Injury,Rural/Minor Highway,Clear,Central India,Synthetic Fill
SYN-5K-101174,2023-01-01,16.727626,80.63285586399999,Grievous Injury,Highway Corridor,Clear,Central India,Synthetic Fill
SYN-5K-101175,2023-01-01,19.580035,75.282834,Fatal,Rural/Minor Highway,Clear,Central India,Synthetic Fill
SYN-5K-101176,2023-01-01,14.850444,75.547605,Grievous Injury,Highway Corridor,Clear,Central India,Synthetic Fill
SYN-5K-101177,2023-01-01,23.024148,85.716123,Grievous Injury,Rural/Minor Highway,Clear,Central India,Synthetic Fill
SYN-5K-101178,2023-01-01,27.926958,77.538374,Fatal,Highway Corridor,Clear,Central India,Synthetic Fill
SYN-5K-101179,2023-01-01,16.002536,75.401856,Grievous Injury,Rural/Minor Highway,Clear,Central India,Synthetic Fill
SYN-5K-101180,2023-01-01,27.369935,76.063515,Minor Damage,Highway Corridor,Clear,Central India,Synthetic Fill
SYN-5K-101181,2023-01-01,19.845604,75.305389,Minor Damage,Rural/Minor Highway,Clear,Central India,Synthetic Fill
SYN-5K-101182,2023-01-01,21.549252,78.958434,Minor Damage,Highway Corridor,Clear,Central India,Synthetic Fill
SYN-5K-101183,2023-01-01,23.315778,84.71789,Minor Damage,Rural/Minor Highway,Clear,Central India,Synthetic Fill
SYN-5K-101184,2023-01-01,22.666064,88.223285,Grievous Injury,Highway Corridor,Clear,Central India,Synthetic Fill
SYN-5K-101185,2023-01-01,24.008124,85.432137,Grievous Injury,Rural/Minor Highway,Clear,Central India,Synthetic Fill
SYN-5K-101186,2023-01-01,26.18477,81.497987,Fatal,Highway Corridor,Clear,Central India,Synthetic Fill
SYN-5K-101187,2023-01-01,24.048515,77.332923,Grievous Injury,Rural/Minor Highway,Clear,Central India,Synthetic Fill
SYN-5K-101188,2023-01-01,15.575855,74.968947,Minor Damage,Highway Corridor,Clear,Central India,Synthetic Fill
SYN-5K-101189,2023-01-01,21.156362,79.504216,Grievous Injury,Rural/Minor Highway,Clear,Central India,Synthetic Fill
SYN-5K-101190,2023-01-01,21.982278,72.688047,Grievous Injury,Highway Corridor,Clear,Central India,Synthetic Fill
SYN-5K-101191,2023-01-01,21.406206,81.147608,Fatal,Rural/Minor Highway,Clear,Central India,Synthetic Fill
SYN-5K-101192,2023-01-01,22.633284,78.936069,Minor Damage,Highway Corridor,Clear,Central India,Synthetic Fill
SYN-5K-101193,2023-01-01,24.62267,85.796589,Grievous Injury,Rural/Minor Highway,Clear,Central India,Synthetic Fill
SYN-5K-101194,2023-01-01,25.923424,82.778861,Minor Damage,Highway Corridor,Clear,Central India,Synthetic Fill
SYN-5K-101195,2023-01-01,15.457734,75.684611,Fatal,Rural/Minor Highway,Clear,Central India,Synthetic Fill
SYN-5K-101196,2023-01-01,21.959055,87.603585,Fatal,Highway Corridor,Clear,Central India,Synthetic Fill
SYN-5K-101197,2023-01-01,22.504242,77.64795,Fatal,Rural/Minor Highway,Clear,Central India,Synthetic Fill
SYN-5K-101198,2023-01-01,19.959434,85.472056,Grievous Injury,Highway Corridor,Clear,Central India,Synthetic Fill
SYN-5K-101199,2023-01-01,23.284985,85.288831,Fatal,Rural/Minor Highway,Clear,Central India,Synthetic Fill
SYN-5K-101200,2023-01-01,27.523131,77.858419,Minor Damage,Highway Corridor,Clear,Central India,Synthetic Fill
SYN-5K-101201,2023-01-01,21.696304,82.471993,Grievous Injury,Rural/Minor Highway,Clear,Central India,Synthetic Fill
SYN-5K-101202,2023-01-01,16.892533,80.692882012,Minor Damage,Highway Corridor,Clear,Central India,Synthetic Fill
SYN-5K-101203,2023-01-01,24.396848,77.469596,Grievous Injury,Rural/Minor Highway,Clear,Central India,Synthetic Fill
SYN-5K-101204,2023-01-01,26.338461,81.048863,Grievous Injury,Highway Corridor,Clear,Central India,Synthetic Fill
SYN-5K-101205,2023-01-01,22.877981,77.679675,Minor Damage,Rural/Minor Highway,Clear,Central India,Synthetic Fill
SYN-5K-101206,2023-01-01,27.798495,76.369885,Grievous Injury,Highway Corridor,Clear,Central India,Synthetic Fill
SYN-5K-101207,2023-01-01,15.175298,75.705366,Fatal,Rural/Minor Highway,Clear,Central India,Synthetic Fill
SYN-5K-101208,2023-01-01,18.030896,78.618613,Fatal,Highway Corridor,Clear,Central India,Synthetic Fill
SYN-5K-101209,2023-01-01,19.783732,74.96418,Minor Damage,Rural/Minor Highway,Clear,Central India,Synthetic Fill
SYN-5K-101210,2023-01-01,23.982994,73.294573,Grievous Injury,Highway Corridor,Clear,Central India,Synthetic Fill
SYN-5K-101211,2023-01-01,23.153943,77.088021,Minor Damage,Rural/Minor Highway,Clear,Central India,Synthetic Fill
SYN-5K-101212,2023-01-01,17.461541,80.900000924,Grievous Injury,Highway Corridor,Clear,Central India,Synthetic Fill
SYN-5K-101213,2023-01-01,23.120455,86.391124,Grievous Injury,Rural/Minor Highway,Clear,Central India,Synthetic Fill
SYN-5K-101214,2023-01-01,16.562927,80.572905428,Minor Damage,Highway Corridor,Clear,Central India,Synthetic Fill
SYN-5K-101215,2023-01-01,22.422952,79.44721,Fatal,Rural/Minor Highway,Clear,Central India,Synthetic Fill
SYN-5K-101216,2023-01-01,25.781442,84.528378,Grievous Injury,Highway Corridor,Clear,Central India,Synthetic Fill
SYN-5K-101217,2023-01-01,15.508434,75.283532,Minor Damage,Rural/Minor Highway,Clear,Central India,Synthetic Fill
SYN-5K-101218,2023-01-01,17.376169,80.868925516,Grievous Injury,Highway Corridor,Clear,Central India,Synthetic Fill
SYN-5K-101219,2023-01-01,15.854955,76.05219,Fatal,Rural/Minor Highway,Clear,Central India,Synthetic Fill
SYN-5K-101220,2023-01-01,18.859065,73.319156,Minor Damage,Highway Corridor,Clear,Central India,Synthetic Fill
SYN-5K-101221,2023-01-01,21.055344,77.881798,Grievous Injury,Rural/Minor Highway,Clear,Central India,Synthetic Fill
SYN-5K-101222,2023-01-01,18.817717,73.429691,Minor Damage,Highway Corridor,Clear,Central India,Synthetic Fill
SYN-5K-101223,2023-01-01,22.046542,81.789088,Fatal,Rural/Minor Highway,Clear,Central India,Synthetic Fill
SYN-5K-101224,2023-01-01,21.920602,78.9335,Grievous Injury,Highway Corridor,Clear,Central India,Synthetic Fill
SYN-5K-101225,2023-01-01,20.888896,78.987602,Grievous Injury,Rural/Minor Highway,Clear,Central India,Synthetic Fill
SYN-5K-101226,2023-01-01,22.968038,78.942899,Grievous Injury,Highway Corridor,Clear,Central India,Synthetic Fill
SYN-5K-101227,2023-01-01,23.356931,77.54726,Fatal,Rural/Minor Highway,Clear,Central India,Synthetic Fill
SYN-5K-101228,2023-01-01,14.529561,76.091985,Fatal,Highway Corridor,Clear,Central India,Synthetic Fill
SYN-5K-101229,2023-01-01,20.188234,75.410948,Fatal,Rural/Minor Highway,Clear,Central India,Synthetic Fill
SYN-5K-101230,2023-01-01,22.887662,72.510963,Grievous Injury,Highway Corridor,Clear,Central India,Synthetic Fill
SYN-5K-101231,2023-01-01,19.798037,78.057666,Fatal,Rural/Minor Highway,Clear,Central India,Synthetic Fill
SYN-5K-101232,2023-01-01,15.392785,78.144588,Minor Damage,Highway Corridor,Clear,Central India,Synthetic Fill
SYN-5K-101233,2023-01-01,23.40483,77.098165,Minor Damage,Rural/Minor Highway,Clear,Central India,Synthetic Fill
SYN-5K-101234,2023-01-01,28.458024,76.952128,Minor Damage,Highway Corridor,Clear,Central India,Synthetic Fill
SYN-5K-101235,2023-01-01,20.00349,75.105184,Grievous Injury,Rural/Minor Highway,Clear,Central India,Synthetic Fill
SYN-5K-101236,2023-01-01,20.176256,85.617952,Minor Damage,Highway Corridor,Clear,Central India,Synthetic Fill
SYN-5K-101237,2023-01-01,19.914812,80.475843,Minor Damage,Rural/Minor Highway,Clear,Central India,Synthetic Fill
SYN-5K-101238,2023-01-01,27.147092,79.405168,Minor Damage,Highway Corridor,Clear,Central India,Synthetic Fill
SYN-5K-101239,2023-01-01,15.18285,75.568353,Minor Damage,Rural/Minor Highway,Clear,Central India,Synthetic Fill
SYN-5K-101240,2023-01-01,25.99713,83.153734,Minor Damage,Highway Corridor,Clear,Central India,Synthetic Fill
SYN-5K-101241,2023-01-01,15.126262,75.321877,Grievous Injury,Rural/Minor Highway,Clear,Central India,Synthetic Fill
SYN-5K-101242,2023-01-01,18.182887,81.162570868,Grievous Injury,Highway Corridor,Clear,Central India,Synthetic Fill
SYN-5K-101243,2023-01-01,19.373382,75.141454,Fatal,Rural/Minor Highway,Clear,Central India,Synthetic Fill
SYN-5K-101244,2023-01-01,25.872368,78.400821,Grievous Injury,Highway Corridor,Clear,Central India,Synthetic Fill
SYN-5K-101245,2023-01-01,23.042944,84.208485,Minor Damage,Rural/Minor Highway,Clear,Central India,Synthetic Fill
SYN-5K-101246,2023-01-01,25.094979,78.487677,Grievous Injury,Highway Corridor,Clear,Central India,Synthetic Fill
SYN-5K-101247,2023-01-01,21.152058,79.729059,Grievous Injury,Rural/Minor Highway,Clear,Central India,Synthetic Fill
SYN-5K-101248,2023-01-01,18.650767,73.62915,Grievous Injury,Highway Corridor,Clear,Central India,Synthetic Fill
SYN-5K-101249,2023-01-01,20.843457,79.536487,Grievous Injury,Rural/Minor Highway,Clear,Central India,Synthetic Fill
SYN-5K-101250,2023-01-01,13.978715,76.505702,Minor Damage,Highway Corridor,Clear,Central India,Synthetic Fill
SYN-5K-101251,2023-01-01,23.506591,85.753327,Fatal,Rural/Minor Highway,Clear,Central India,Synthetic Fill
SYN-5K-101252,2023-01-01,27.426187,78.832097,Minor Damage,Highway Corridor,Clear,Central India,Synthetic Fill
SYN-5K-101253,2023-01-01,22.290814,80.044321,Grievous Injury,Rural/Minor Highway,Clear,Central India,Synthetic Fill
SYN-5K-101254,2023-01-01,26.141703,82.202629,Grievous Injury,Highway Corridor,Clear,Central India,Synthetic Fill
SYN-5K-101255,2023-01-01,23.098484,86.936991,Grievous Injury,Rural/Minor Highway,Clear,Central India,Synthetic Fill
SYN-5K-101256,2023-01-01,26.243243,78.318437,Minor Damage,Highway Corridor,Clear,Central India,Synthetic Fill
SYN-5K-101257,2023-01-01,23.349834,85.233201,Minor Damage,Rural/Minor Highway,Clear,Central India,Synthetic Fill
SYN-5K-101258,2023-01-01,17.957473,81.08052017199999,Fatal,Highway Corridor,Clear,Central India,Synthetic Fill
SYN-5K-101259,2023-01-01,21.88501,79.198174,Fatal,Rural/Minor Highway,Clear,Central India,Synthetic Fill
SYN-5K-101260,2023-01-01,18.807497,81.389928908,Minor Damage,Highway Corridor,Clear,Central India,Synthetic Fill
SYN-5K-101261,2023-01-01,23.03064,77.225355,Minor Damage,Rural/Minor Highway,Clear,Central India,Synthetic Fill
SYN-5K-101262,2023-01-01,18.952267,81.442625188,Minor Damage,Highway Corridor,Clear,Central India,Synthetic Fill
SYN-5K-101263,2023-01-01,22.063994,85.321535,Fatal,Rural/Minor Highway,Clear,Central India,Synthetic Fill
SYN-5K-101264,2023-01-01,16.541102,80.564961128,Fatal,Highway Corridor,Clear,Central India,Synthetic Fill
SYN-5K-101265,2023-01-01,21.654958,78.882582,Grievous Injury,Rural/Minor Highway,Clear,Central India,Synthetic Fill
SYN-5K-101266,2023-01-01,26.667495,75.403261,Grievous Injury,Highway Corridor,Clear,Central India,Synthetic Fill
SYN-5K-101267,2023-01-01,21.569998,78.88197,Minor Damage,Rural/Minor Highway,Clear,Central India,Synthetic Fill
SYN-5K-101268,2023-01-01,19.883512,85.413462,Minor Damage,Highway Corridor,Clear,Central India,Synthetic Fill
SYN-5K-101269,2023-01-01,20.206512,74.69236,Grievous Injury,Rural/Minor Highway,Clear,Central India,Synthetic Fill
SYN-5K-101270,2023-01-01,19.212738,78.7984,Fatal,Highway Corridor,Clear,Central India,Synthetic Fill
SYN-5K-101271,2023-01-01,23.454478,84.918958,Grievous Injury,Rural/Minor Highway,Clear,Central India,Synthetic Fill
SYN-5K-101272,2023-01-01,15.782646,74.943297,Fatal,Highway Corridor,Clear,Central India,Synthetic Fill
SYN-5K-101273,2023-01-01,24.377774,85.808506,Grievous Injury,Rural/Minor Highway,Clear,Central India,Synthetic Fill
SYN-5K-101274,2023-01-01,27.145488,79.321065,Minor Damage,Highway Corridor,Clear,Central India,Synthetic Fill
SYN-5K-101275,2023-01-01,19.900831,75.361924,Grievous Injury,Rural/Minor Highway,Clear,Central India,Synthetic Fill
SYN-5K-101276,2023-01-01,18.61263,73.698079,Grievous Injury,Highway Corridor,Clear,Central India,Synthetic Fill
SYN-5K-101277,2023-01-01,20.116394,75.308574,Grievous Injury,Rural/Minor Highway,Clear,Central India,Synthetic Fill
SYN-5K-101278,2023-01-01,17.220797,80.812370108,Grievous Injury,Highway Corridor,Clear,Central India,Synthetic Fill
SYN-5K-101279,2023-01-01,23.623559,77.984018,Grievous Injury,Rural/Minor Highway,Clear,Central India,Synthetic Fill
SYN-5K-101280,2023-01-01,18.904674,73.360154,Fatal,Highway Corridor,Clear,Central India,Synthetic Fill
SYN-5K-101281,2023-01-01,20.785925,80.890632,Fatal,Rural/Minor Highway,Clear,Central India,Synthetic Fill
SYN-5K-101282,2023-01-01,19.383657,73.032637,Grievous Injury,Highway Corridor,Clear,Central India,Synthetic Fill
SYN-5K-101283,2023-01-01,23.292524,78.393115,Fatal,Rural/Minor Highway,Clear,Central India,Synthetic Fill
SYN-5K-101284,2023-01-01,23.25913,72.782852,Minor Damage,Highway Corridor,Clear,Central India,Synthetic Fill
SYN-5K-101285,2023-01-01,24.618125,85.20803,Minor Damage,Rural/Minor Highway,Clear,Central India,Synthetic Fill
SYN-5K-101286,2023-01-01,20.466523,72.882554,Grievous Injury,Highway Corridor,Clear,Central India,Synthetic Fill
SYN-5K-101287,2023-01-01,21.90767,79.012602,Grievous Injury,Rural/Minor Highway,Clear,Central India,Synthetic Fill
SYN-5K-101288,2023-01-01,26.984293,79.443406,Fatal,Highway Corridor,Clear,Central India,Synthetic Fill
SYN-5K-101289,2023-01-01,19.369442,74.736963,Fatal,Rural/Minor Highway,Clear,Central India,Synthetic Fill
SYN-5K-101290,2023-01-01,25.968852,83.131052,Minor Damage,Highway Corridor,Clear,Central India,Synthetic Fill
SYN-5K-101291,2023-01-01,14.881761,75.369109,Minor Damage,Rural/Minor Highway,Clear,Central India,Synthetic Fill
SYN-5K-101292,2023-01-01,18.885723,73.443688,Minor Damage,Highway Corridor,Clear,Central India,Synthetic Fill
SYN-5K-101293,2023-01-01,21.173516,79.368854,Minor Damage,Rural/Minor Highway,Clear,Central India,Synthetic Fill
SYN-5K-101294,2023-01-01,23.891748,86.304828,Minor Damage,Highway Corridor,Clear,Central India,Synthetic Fill
SYN-5K-101295,2023-01-01,21.10416,78.986441,Grievous Injury,Rural/Minor Highway,Clear,Central India,Synthetic Fill
SYN-5K-101296,2023-01-01,17.346433,74.249652,Fatal,Highway Corridor,Clear,Central India,Synthetic Fill
SYN-5K-101297,2023-01-01,20.424685,78.632903,Minor Damage,Rural/Minor Highway,Clear,Central India,Synthetic Fill
SYN-5K-101298,2023-01-01,23.89005,86.269356,Grievous Injury,Highway Corridor,Clear,Central India,Synthetic Fill
SYN-5K-101299,2023-01-01,21.483857,78.897283,Minor Damage,Rural/Minor Highway,Clear,Central India,Synthetic Fill
SYN-5K-101300,2023-01-01,27.40103,78.964266,Grievous Injury,Highway Corridor,Clear,Central India,Synthetic Fill
SYN-5K-101301,2023-01-01,23.203733,84.695389,Fatal,Rural/Minor Highway,Clear,Central India,Synthetic Fill
SYN-5K-101302,2023-01-01,22.158957,72.706907,Fatal,Highway Corridor,Clear,Central India,Synthetic Fill
SYN-5K-101303,2023-01-01,15.236612,76.123341,Fatal,Rural/Minor Highway,Clear,Central India,Synthetic Fill
SYN-5K-101304,2023-01-01,13.901634,79.604194776,Grievous Injury,Highway Corridor,Clear,Central India,Synthetic Fill
SYN-5K-101305,2023-01-01,16.064557,76.026966,Fatal,Rural/Minor Highway,Clear,Central India,Synthetic Fill
SYN-5K-101306,2023-01-01,26.33814,80.821834,Fatal,Highway Corridor,Clear,Central India,Synthetic Fill
SYN-5K-101307,2023-01-01,23.210323,76.39969,Grievous Injury,Rural/Minor Highway,Clear,Central India,Synthetic Fill
SYN-5K-101308,2023-01-01,24.933601,85.584297,Grievous Injury,Highway Corridor,Clear,Central India,Synthetic Fill
SYN-5K-101309,2023-01-01,23.35853,76.132758,Minor Damage,Rural/Minor Highway,Clear,Central India,Synthetic Fill
SYN-5K-101310,2023-01-01,26.356591,78.288101,Grievous Injury,Highway Corridor,Clear,Central India,Synthetic Fill
SYN-5K-101311,2023-01-01,22.574991,77.027392,Minor Damage,Rural/Minor Highway,Clear,Central India,Synthetic Fill
SYN-5K-101312,2023-01-01,19.933936,72.877127,Grievous Injury,Highway Corridor,Clear,Central India,Synthetic Fill
SYN-5K-101313,2023-01-01,23.452826,77.95531,Grievous Injury,Rural/Minor Highway,Clear,Central India,Synthetic Fill
SYN-5K-101314,2023-01-01,14.731069,75.7858,Grievous Injury,Highway Corridor,Clear,Central India,Synthetic Fill
SYN-5K-101315,2023-01-01,23.20161,77.186231,Minor Damage,Rural/Minor Highway,Clear,Central India,Synthetic Fill
SYN-5K-101316,2023-01-01,26.530504,78.189995,Fatal,Highway Corridor,Clear,Central India,Synthetic Fill
SYN-5K-101317,2023-01-01,20.076493,75.316207,Grievous Injury,Rural/Minor Highway,Clear,Central India,Synthetic Fill
SYN-5K-101318,2023-01-01,21.783402,72.864216,Grievous Injury,Highway Corridor,Clear,Central India,Synthetic Fill
SYN-5K-101319,2023-01-01,23.961073,77.903051,Minor Damage,Rural/Minor Highway,Clear,Central India,Synthetic Fill
SYN-5K-101320,2023-01-01,17.178107,74.411222,Grievous Injury,Highway Corridor,Clear,Central India,Synthetic Fill
SYN-5K-101321,2023-01-01,20.820255,81.620549,Grievous Injury,Rural/Minor Highway,Clear,Central India,Synthetic Fill
SYN-5K-101322,2023-01-01,28.444194,77.362437,Grievous Injury,Highway Corridor,Clear,Central India,Synthetic Fill
SYN-5K-101323,2023-01-01,16.050838,75.384587,Grievous Injury,Rural/Minor Highway,Clear,Central India,Synthetic Fill
SYN-5K-101324,2023-01-01,24.977113,78.563238,Grievous Injury,Highway Corridor,Clear,Central India,Synthetic Fill
SYN-5K-101325,2023-01-01,19.991663,75.399834,Fatal,Rural/Minor Highway,Clear,Central India,Synthetic Fill
SYN-5K-101326,2023-01-01,16.618532,80.59314564799999,Fatal,Highway Corridor,Clear,Central India,Synthetic Fill
SYN-5K-101327,2023-01-01,21.368741,78.866292,Minor Damage,Rural/Minor Highway,Clear,Central India,Synthetic Fill
SYN-5K-101328,2023-01-01,19.953583,73.017746,Minor Damage,Highway Corridor,Clear,Central India,Synthetic Fill
SYN-5K-101329,2023-01-01,21.409999,78.918465,Minor Damage,Rural/Minor Highway,Clear,Central India,Synthetic Fill
SYN-5K-101330,2023-01-01,25.739309,84.415788,Minor Damage,Highway Corridor,Clear,Central India,Synthetic Fill
SYN-5K-101331,2023-01-01,21.764225,79.312548,Grievous Injury,Rural/Minor Highway,Clear,Central India,Synthetic Fill
SYN-5K-101332,2023-01-01,25.412838,85.226572,Grievous Injury,Highway Corridor,Clear,Central India,Synthetic Fill
SYN-5K-101333,2023-01-01,23.116376,77.227579,Minor Damage,Rural/Minor Highway,Clear,Central India,Synthetic Fill
SYN-5K-101334,2023-01-01,13.30384,77.69172,Grievous Injury,Highway Corridor,Clear,Central India,Synthetic Fill
SYN-5K-101335,2023-01-01,24.482637,85.820169,Grievous Injury,Rural/Minor Highway,Clear,Central India,Synthetic Fill
SYN-5K-101336,2023-01-01,18.374911,73.976832,Minor Damage,Highway Corridor,Clear,Central India,Synthetic Fill
SYN-5K-101337,2023-01-01,23.304196,77.728198,Fatal,Rural/Minor Highway,Clear,Central India,Synthetic Fill
SYN-5K-101338,2023-01-01,15.617481,80.228763084,Minor Damage,Highway Corridor,Clear,Central India,Synthetic Fill
SYN-5K-101339,2023-01-01,20.905906,80.255921,Fatal,Rural/Minor Highway,Clear,Central India,Synthetic Fill
SYN-5K-101340,2023-01-01,23.13145,87.421625,Minor Damage,Highway Corridor,Clear,Central India,Synthetic Fill
SYN-5K-101341,2023-01-01,23.686418,85.713716,Minor Damage,Rural/Minor Highway,Clear,Central India,Synthetic Fill
SYN-5K-101342,2023-01-01,21.184852,86.75553,Fatal,Highway Corridor,Clear,Central India,Synthetic Fill
SYN-5K-101343,2023-01-01,21.807776,80.861853,Grievous Injury,Rural/Minor Highway,Clear,Central India,Synthetic Fill
SYN-5K-101344,2023-01-01,18.712038,78.711432,Grievous Injury,Highway Corridor,Clear,Central India,Synthetic Fill
SYN-5K-101345,2023-01-01,21.228649,79.280855,Minor Damage,Rural/Minor Highway,Clear,Central India,Synthetic Fill
SYN-5K-101346,2023-01-01,17.128918,78.374169,Grievous Injury,Highway Corridor,Clear,Central India,Synthetic Fill
SYN-5K-101347,2023-01-01,21.669123,81.457792,Minor Damage,Rural/Minor Highway,Clear,Central India,Synthetic Fill
SYN-5K-101348,2023-01-01,20.903323,72.962984,Minor Damage,Highway Corridor,Clear,Central India,Synthetic Fill
SYN-5K-101349,2023-01-01,19.94752,74.766708,Minor Damage,Rural/Minor Highway,Clear,Central India,Synthetic Fill
SYN-5K-101350,2023-01-01,27.866776,76.525264,Fatal,Highway Corridor,Clear,Central India,Synthetic Fill
SYN-5K-101351,2023-01-01,20.396252,82.516041,Fatal,Rural/Minor Highway,Clear,Central India,Synthetic Fill
SYN-5K-101352,2023-01-01,26.249636,81.281932,Minor Damage,Highway Corridor,Clear,Central India,Synthetic Fill
SYN-5K-101353,2023-01-01,21.688308,78.969482,Fatal,Rural/Minor Highway,Clear,Central India,Synthetic Fill
SYN-5K-101354,2023-01-01,24.220457,86.091462,Grievous Injury,Highway Corridor,Clear,Central India,Synthetic Fill
SYN-5K-101355,2023-01-01,21.308901,81.305121,Grievous Injury,Rural/Minor Highway,Clear,Central India,Synthetic Fill
SYN-5K-101356,2023-01-01,18.833789,81.399499196,Grievous Injury,Highway Corridor,Clear,Central India,Synthetic Fill
SYN-5K-101357,2023-01-01,20.814883,78.832722,Grievous Injury,Rural/Minor Highway,Clear,Central India,Synthetic Fill
SYN-5K-101358,2023-01-01,23.406005,86.984615,Minor Damage,Highway Corridor,Clear,Central India,Synthetic Fill
SYN-5K-101359,2023-01-01,20.109203,75.823721,Fatal,Rural/Minor Highway,Clear,Central India,Synthetic Fill
SYN-5K-101360,2023-01-01,16.735965,74.590071,Fatal,Highway Corridor,Clear,Central India,Synthetic Fill
SYN-5K-101361,2023-01-01,21.440154,80.231828,Minor Damage,Rural/Minor Highway,Clear,Central India,Synthetic Fill
SYN-5K-101362,2023-01-01,20.768893,72.824222,Grievous Injury,Highway Corridor,Clear,Central India,Synthetic Fill
SYN-5K-101363,2023-01-01,21.088198,77.250646,Minor Damage,Rural/Minor Highway,Clear,Central India,Synthetic Fill
SYN-5K-101364,2023-01-01,27.437785,78.944267,Grievous Injury,Highway Corridor,Clear,Central India,Synthetic Fill
SYN-5K-101365,2023-01-01,21.884219,79.626416,Minor Damage,Rural/Minor Highway,Clear,Central India,Synthetic Fill
SYN-5K-101366,2023-01-01,18.265208,78.64327,Grievous Injury,Highway Corridor,Clear,Central India,Synthetic Fill
SYN-5K-101367,2023-01-01,22.174215,81.104136,Minor Damage,Rural/Minor Highway,Clear,Central India,Synthetic Fill
SYN-5K-101368,2023-01-01,19.271035,78.745642,Minor Damage,Highway Corridor,Clear,Central India,Synthetic Fill
SYN-5K-101369,2023-01-01,15.722564,74.806862,Grievous Injury,Rural/Minor Highway,Clear,Central India,Synthetic Fill
SYN-5K-101370,2023-01-01,25.848962,78.335615,Minor Damage,Highway Corridor,Clear,Central India,Synthetic Fill
SYN-5K-101371,2023-01-01,21.862304,79.19623,Grievous Injury,Rural/Minor Highway,Clear,Central India,Synthetic Fill
SYN-5K-101372,2023-01-01,24.63228,85.826403,Grievous Injury,Highway Corridor,Clear,Central India,Synthetic Fill
SYN-5K-101373,2023-01-01,20.768407,79.312303,Grievous Injury,Rural/Minor Highway,Clear,Central India,Synthetic Fill
SYN-5K-101374,2023-01-01,14.813632,75.671326,Fatal,Highway Corridor,Clear,Central India,Synthetic Fill
SYN-5K-101375,2023-01-01,22.804562,77.253797,Fatal,Rural/Minor Highway,Clear,Central India,Synthetic Fill
SYN-5K-101376,2023-01-01,13.585538,76.828176,Minor Damage,Highway Corridor,Clear,Central India,Synthetic Fill
SYN-5K-101377,2023-01-01,15.939122,75.316897,Grievous Injury,Rural/Minor Highway,Clear,Central India,Synthetic Fill
SYN-5K-101378,2023-01-01,19.037537,84.64037,Minor Damage,Highway Corridor,Clear,Central India,Synthetic Fill
SYN-5K-101379,2023-01-01,20.607945,82.449315,Grievous Injury,Rural/Minor Highway,Clear,Central India,Synthetic Fill
SYN-5K-101380,2023-01-01,16.546104,74.665508,Grievous Injury,Highway Corridor,Clear,Central India,Synthetic Fill
SYN-5K-101381,2023-01-01,15.87157,75.38489,Grievous Injury,Rural/Minor Highway,Clear,Central India,Synthetic Fill
SYN-5K-101382,2023-01-01,25.233715,74.290378,Grievous Injury,Highway Corridor,Clear,Central India,Synthetic Fill
SYN-5K-101383,2023-01-01,21.770317,80.090718,Fatal,Rural/Minor Highway,Clear,Central India,Synthetic Fill
SYN-5K-101384,2023-01-01,13.750902,79.549328328,Minor Damage,Highway Corridor,Clear,Central India,Synthetic Fill
SYN-5K-101385,2023-01-01,20.322175,83.363353,Minor Damage,Rural/Minor Highway,Clear,Central India,Synthetic Fill
SYN-5K-101386,2023-01-01,16.775138,80.650150232,Grievous Injury,Highway Corridor,Clear,Central India,Synthetic Fill
SYN-5K-101387,2023-01-01,21.504581,78.827571,Minor Damage,Rural/Minor Highway,Clear,Central India,Synthetic Fill
SYN-5K-101388,2023-01-01,13.942802,76.575143,Minor Damage,Highway Corridor,Clear,Central India,Synthetic Fill
SYN-5K-101389,2023-01-01,21.675483,82.311137,Grievous Injury,Rural/Minor Highway,Clear,Central India,Synthetic Fill
SYN-5K-101390,2023-01-01,20.901514,86.50964,Grievous Injury,Highway Corridor,Clear,Central India,Synthetic Fill
SYN-5K-101391,2023-01-01,19.828798,81.008589,Minor Damage,Rural/Minor Highway,Clear,Central India,Synthetic Fill
SYN-5K-101392,2023-01-01,21.491657,72.712846,Grievous Injury,Highway Corridor,Clear,Central India,Synthetic Fill
SYN-5K-101393,2023-01-01,22.093642,79.579637,Fatal,Rural/Minor Highway,Clear,Central India,Synthetic Fill
SYN-5K-101394,2023-01-01,22.941818,87.798881,Grievous Injury,Highway Corridor,Clear,Central India,Synthetic Fill
SYN-5K-101395,2023-01-01,23.339161,77.354167,Fatal,Rural/Minor Highway,Clear,Central India,Synthetic Fill
SYN-5K-101396,2023-01-01,19.429301,84.9555,Grievous Injury,Highway Corridor,Clear,Central India,Synthetic Fill
SYN-5K-101397,2023-01-01,21.468761,79.654328,Minor Damage,Rural/Minor Highway,Clear,Central India,Synthetic Fill
SYN-5K-101398,2023-01-01,26.327467,80.864259,Grievous Injury,Highway Corridor,Clear,Central India,Synthetic Fill
SYN-5K-101399,2023-01-01,22.568503,77.040186,Grievous Injury,Rural/Minor Highway,Clear,Central India,Synthetic Fill
SYN-5K-101400,2023-01-01,20.860508,72.82192,Grievous Injury,Highway Corridor,Clear,Central India,Synthetic Fill
SYN-5K-101401,2023-01-01,19.791043,75.961931,Grievous Injury,Rural/Minor Highway,Clear,Central India,Synthetic Fill
SYN-5K-101402,2023-01-01,14.113793,77.933224,Grievous Injury,Highway Corridor,Clear,Central India,Synthetic Fill
SYN-5K-101403,2023-01-01,22.688717,84.957906,Minor Damage,Rural/Minor Highway,Clear,Central India,Synthetic Fill
SYN-5K-101404,2023-01-01,19.769293,72.882249,Minor Damage,Highway Corridor,Clear,Central India,Synthetic Fill
SYN-5K-101405,2023-01-01,23.115477,85.320808,Minor Damage,Rural/Minor Highway,Clear,Central India,Synthetic Fill
SYN-5K-101406,2023-01-01,27.611457,78.657741,Grievous Injury,Highway Corridor,Clear,Central India,Synthetic Fill
SYN-5K-101407,2023-01-01,20.856072,81.411399,Fatal,Rural/Minor Highway,Clear,Central India,Synthetic Fill
SYN-5K-101408,2023-01-01,27.976804,78.182041,Grievous Injury,Highway Corridor,Clear,Central India,Synthetic Fill
SYN-5K-101409,2023-01-01,22.874478,77.46321,Fatal,Rural/Minor Highway,Clear,Central India,Synthetic Fill
SYN-5K-101410,2023-01-01,13.622057,76.999985,Fatal,Highway Corridor,Clear,Central India,Synthetic Fill
SYN-5K-101411,2023-01-01,19.662373,75.478493,Minor Damage,Rural/Minor Highway,Clear,Central India,Synthetic Fill
SYN-5K-101412,2023-01-01,16.459813,74.681555,Fatal,Highway Corridor,Clear,Central India,Synthetic Fill
SYN-5K-101413,2023-01-01,20.769473,81.668037,Minor Damage,Rural/Minor Highway,Clear,Central India,Synthetic Fill
SYN-5K-101414,2023-01-01,26.433547,75.367783,Minor Damage,Highway Corridor,Clear,Central India,Synthetic Fill
SYN-5K-101415,2023-01-01,21.283436,79.046006,Fatal,Rural/Minor Highway,Clear,Central India,Synthetic Fill
SYN-5K-101416,2023-01-01,26.18134,81.476484,Fatal,Highway Corridor,Clear,Central India,Synthetic Fill
SYN-5K-101417,2023-01-01,20.315518,75.914226,Minor Damage,Rural/Minor Highway,Clear,Central India,Synthetic Fill
SYN-5K-101418,2023-01-01,15.389651,80.145832964,Grievous Injury,Highway Corridor,Clear,Central India,Synthetic Fill
SYN-5K-101419,2023-01-01,21.652966,80.329275,Fatal,Rural/Minor Highway,Clear,Central India,Synthetic Fill
SYN-5K-101420,2023-01-01,16.442473,74.743036,Grievous Injury,Highway Corridor,Clear,Central India,Synthetic Fill
SYN-5K-101421,2023-01-01,22.083698,84.306304,Grievous Injury,Rural/Minor Highway,Clear,Central India,Synthetic Fill
SYN-5K-101422,2023-01-01,22.804805,72.642432,Grievous Injury,Highway Corridor,Clear,Central India,Synthetic Fill
SYN-5K-101423,2023-01-01,15.463225,74.882293,Fatal,Rural/Minor Highway,Clear,Central India,Synthetic Fill
SYN-5K-101424,2023-01-01,21.580609,72.827946,Minor Damage,Highway Corridor,Clear,Central India,Synthetic Fill
SYN-5K-101425,2023-01-01,23.101037,76.105233,Grievous Injury,Rural/Minor Highway,Clear,Central India,Synthetic Fill
SYN-5K-101426,2023-01-01,14.739568,77.928358,Grievous Injury,Highway Corridor,Clear,Central India,Synthetic Fill
SYN-5K-101427,2023-01-01,23.903861,77.373953,Grievous Injury,Rural/Minor Highway,Clear,Central India,Synthetic Fill
SYN-5K-101428,2023-01-01,17.062147,80.754621508,Minor Damage,Highway Corridor,Clear,Central India,Synthetic Fill
SYN-5K-101429,2023-01-01,21.080421,75.321175,Grievous Injury,Rural/Minor Highway,Clear,Central India,Synthetic Fill
SYN-5K-101430,2023-01-01,26.432327,80.165512,Grievous Injury,Highway Corridor,Clear,Central India,Synthetic Fill
SYN-5K-101431,2023-01-01,24.136403,77.605124,Grievous Injury,Rural/Minor Highway,Clear,Central India,Synthetic Fill
SYN-5K-101432,2023-01-01,23.152477,87.513656,Fatal,Highway Corridor,Clear,Central India,Synthetic Fill
SYN-5K-101433,2023-01-01,21.053338,82.367262,Grievous Injury,Rural/Minor Highway,Clear,Central India,Synthetic Fill
SYN-5K-101434,2023-01-01,19.054781,73.11094,Fatal,Highway Corridor,Clear,Central India,Synthetic Fill
SYN-5K-101435,2023-01-01,23.943961,78.654831,Minor Damage,Rural/Minor Highway,Clear,Central India,Synthetic Fill
SYN-5K-101436,2023-01-01,19.319647,84.854578,Fatal,Highway Corridor,Clear,Central India,Synthetic Fill
SYN-5K-101437,2023-01-01,23.337304,77.798414,Grievous Injury,Rural/Minor Highway,Clear,Central India,Synthetic Fill
SYN-5K-101438,2023-01-01,21.487885,87.181876,Minor Damage,Highway Corridor,Clear,Central India,Synthetic Fill
SYN-5K-101439,2023-01-01,14.90993,75.147543,Fatal,Rural/Minor Highway,Clear,Central India,Synthetic Fill
SYN-5K-101440,2023-01-01,15.178617,75.296088,Fatal,Highway Corridor,Clear,Central India,Synthetic Fill
SYN-5K-101441,2023-01-01,22.943032,77.170214,Fatal,Rural/Minor Highway,Clear,Central India,Synthetic Fill
SYN-5K-101442,2023-01-01,16.514135,74.588364,Grievous Injury,Highway Corridor,Clear,Central India,Synthetic Fill
SYN-5K-101443,2023-01-01,22.28026,81.85022,Grievous Injury,Rural/Minor Highway,Clear,Central India,Synthetic Fill
SYN-5K-101444,2023-01-01,18.63055,73.618507,Minor Damage,Highway Corridor,Clear,Central India,Synthetic Fill
SYN-5K-101445,2023-01-01,22.337405,77.545125,Minor Damage,Rural/Minor Highway,Clear,Central India,Synthetic Fill
SYN-5K-101446,2023-01-01,17.107969,80.771300716,Minor Damage,Highway Corridor,Clear,Central India,Synthetic Fill
SYN-5K-101447,2023-01-01,23.521473,76.877307,Fatal,Rural/Minor Highway,Clear,Central India,Synthetic Fill
SYN-5K-101448,2023-01-01,16.515234,74.659385,Grievous Injury,Highway Corridor,Clear,Central India,Synthetic Fill
SYN-5K-101449,2023-01-01,23.272642,78.40734,Grievous Injury,Rural/Minor Highway,Clear,Central India,Synthetic Fill
SYN-5K-101450,2023-01-01,24.870925,85.686611,Grievous Injury,Highway Corridor,Clear,Central India,Synthetic Fill
SYN-5K-101451,2023-01-01,15.222491,75.561899,Minor Damage,Rural/Minor Highway,Clear,Central India,Synthetic Fill
SYN-5K-101452,2023-01-01,15.955769,74.818764,Grievous Injury,Highway Corridor,Clear,Central India,Synthetic Fill
SYN-5K-101453,2023-01-01,23.217205,77.944557,Minor Damage,Rural/Minor Highway,Clear,Central India,Synthetic Fill
SYN-5K-101454,2023-01-01,27.450554,76.171991,Grievous Injury,Highway Corridor,Clear,Central India,Synthetic Fill
SYN-5K-101455,2023-01-01,21.425303,78.406701,Fatal,Rural/Minor Highway,Clear,Central India,Synthetic Fill
SYN-5K-101456,2023-01-01,22.685607,78.890765,Minor Damage,Highway Corridor,Clear,Central India,Synthetic Fill
SYN-5K-101457,2023-01-01,16.104332,76.499555,Minor Damage,Rural/Minor Highway,Clear,Central India,Synthetic Fill
SYN-5K-101458,2023-01-01,21.264962,86.993878,Minor Damage,Highway Corridor,Clear,Central India,Synthetic Fill
SYN-5K-101459,2023-01-01,21.981962,80.808458,Grievous Injury,Rural/Minor Highway,Clear,Central India,Synthetic Fill
SYN-5K-101460,2023-01-01,28.4207,77.624774,Grievous Injury,Highway Corridor,Clear,Central India,Synthetic Fill
SYN-5K-101461,2023-01-01,24.093741,85.80496,Fatal,Rural/Minor Highway,Clear,Central India,Synthetic Fill
SYN-5K-101462,2023-01-01,23.985577,78.720964,Grievous Injury,Highway Corridor,Clear,Central India,Synthetic Fill
SYN-5K-101463,2023-01-01,16.94113,75.437766,Grievous Injury,Rural/Minor Highway,Clear,Central India,Synthetic Fill
SYN-5K-101464,2023-01-01,19.933248,85.457271,Grievous Injury,Highway Corridor,Clear,Central India,Synthetic Fill
SYN-5K-101465,2023-01-01,19.954381,75.385438,Minor Damage,Rural/Minor Highway,Clear,Central India,Synthetic Fill
SYN-5K-101466,2023-01-01,26.315468,81.507515,Grievous Injury,Highway Corridor,Clear,Central India,Synthetic Fill
SYN-5K-101467,2023-01-01,21.810037,81.37039,Minor Damage,Rural/Minor Highway,Clear,Central India,Synthetic Fill
SYN-5K-101468,2023-01-01,17.906444,81.061945616,Minor Damage,Highway Corridor,Clear,Central India,Synthetic Fill
SYN-5K-101469,2023-01-01,20.03902,75.482234,Minor Damage,Rural/Minor Highway,Clear,Central India,Synthetic Fill
SYN-5K-101470,2023-01-01,18.827008,73.508021,Minor Damage,Highway Corridor,Clear,Central India,Synthetic Fill
SYN-5K-101471,2023-01-01,23.270679,84.566142,Grievous Injury,Rural/Minor Highway,Clear,Central India,Synthetic Fill
SYN-5K-101472,2023-01-01,27.615719,77.756242,Minor Damage,Highway Corridor,Clear,Central India,Synthetic Fill
SYN-5K-101473,2023-01-01,19.981858,76.021608,Minor Damage,Rural/Minor Highway,Clear,Central India,Synthetic Fill
SYN-5K-101474,2023-01-01,27.317313,76.175475,Fatal,Highway Corridor,Clear,Central India,Synthetic Fill
SYN-5K-101475,2023-01-01,23.194072,76.509745,Grievous Injury,Rural/Minor Highway,Clear,Central India,Synthetic Fill
SYN-5K-101476,2023-01-01,18.992908,81.457418512,Fatal,Highway Corridor,Clear,Central India,Synthetic Fill
SYN-5K-101477,2023-01-01,15.039322,74.733925,Grievous Injury,Rural/Minor Highway,Clear,Central India,Synthetic Fill
SYN-5K-101478,2023-01-01,25.591638,84.859521,Minor Damage,Highway Corridor,Clear,Central India,Synthetic Fill
SYN-5K-101479,2023-01-01,23.393274,77.08256,Minor Damage,Rural/Minor Highway,Clear,Central India,Synthetic Fill
SYN-5K-101480,2023-01-01,24.09342,78.622475,Grievous Injury,Highway Corridor,Clear,Central India,Synthetic Fill
SYN-5K-101481,2023-01-01,21.102183,82.213047,Minor Damage,Rural/Minor Highway,Clear,Central India,Synthetic Fill
SYN-5K-101482,2023-01-01,16.97236,78.465215,Minor Damage,Highway Corridor,Clear,Central India,Synthetic Fill
SYN-5K-101483,2023-01-01,23.157284,84.195574,Grievous Injury,Rural/Minor Highway,Clear,Central India,Synthetic Fill
SYN-5K-101484,2023-01-01,26.095541,78.354449,Grievous Injury,Highway Corridor,Clear,Central India,Synthetic Fill
SYN-5K-101485,2023-01-01,23.757837,76.415331,Grievous Injury,Rural/Minor Highway,Clear,Central India,Synthetic Fill
SYN-5K-101486,2023-01-01,23.574982,86.785156,Minor Damage,Highway Corridor,Clear,Central India,Synthetic Fill
SYN-5K-101487,2023-01-01,22.802685,85.921494,Minor Damage,Rural/Minor Highway,Clear,Central India,Synthetic Fill
SYN-5K-101488,2023-01-01,26.191421,82.17072,Fatal,Highway Corridor,Clear,Central India,Synthetic Fill
SYN-5K-101489,2023-01-01,22.586898,78.180464,Minor Damage,Rural/Minor Highway,Clear,Central India,Synthetic Fill
SYN-5K-101490,2023-01-01,28.436965,77.316758,Fatal,Highway Corridor,Clear,Central India,Synthetic Fill
SYN-5K-101491,2023-01-01,15.814947,75.33466,Grievous Injury,Rural/Minor Highway,Clear,Central India,Synthetic Fill
SYN-5K-101492,2023-01-01,17.468442,80.902512888,Fatal,Highway Corridor,Clear,Central India,Synthetic Fill
SYN-5K-101493,2023-01-01,20.462032,75.222807,Minor Damage,Rural/Minor Highway,Clear,Central India,Synthetic Fill
SYN-5K-101494,2023-01-01,25.901089,78.482606,Minor Damage,Highway Corridor,Clear,Central India,Synthetic Fill
SYN-5K-101495,2023-01-01,23.237106,77.647394,Fatal,Rural/Minor Highway,Clear,Central India,Synthetic Fill
SYN-5K-101496,2023-01-01,17.366,80.865224,Grievous Injury,Highway Corridor,Clear,Central India,Synthetic Fill
SYN-5K-101497,2023-01-01,21.388425,81.467292,Minor Damage,Rural/Minor Highway,Clear,Central India,Synthetic Fill
SYN-5K-101498,2023-01-01,27.331916,77.851662,Fatal,Highway Corridor,Clear,Central India,Synthetic Fill
SYN-5K-101499,2023-01-01,20.863653,78.854831,Minor Damage,Rural/Minor Highway,Clear,Central India,Synthetic Fill
SYN-5K-101500,2023-01-01,16.061679,74.839318,Minor Damage,Highway Corridor,Clear,Central India,Synthetic Fill
SYN-5K-101501,2023-01-01,20.745064,81.823174,Grievous Injury,Rural/Minor Highway,Clear,Central India,Synthetic Fill
SYN-5K-101502,2023-01-01,18.688025,73.73118,Minor Damage,Highway Corridor,Clear,Central India,Synthetic Fill
SYN-5K-101503,2023-01-01,14.84145,74.62570085,Fatal,Rural/Minor Highway,Clear,Central India,Synthetic Fill
SYN-5K-101504,2023-01-01,18.67466,73.706975,Minor Damage,Highway Corridor,Clear,Central India,Synthetic Fill
SYN-5K-101505,2023-01-01,22.469733,81.718853,Minor Damage,Rural/Minor Highway,Clear,Central India,Synthetic Fill
SYN-5K-101506,2023-01-01,18.920514,73.272571,Fatal,Highway Corridor,Clear,Central India,Synthetic Fill
SYN-5K-101507,2023-01-01,22.879658,84.549244,Grievous Injury,Rural/Minor Highway,Clear,Central India,Synthetic Fill
SYN-5K-101508,2023-01-01,18.159144,74.008605,Minor Damage,Highway Corridor,Clear,Central India,Synthetic Fill
SYN-5K-101509,2023-01-01,22.706889,85.443772,Minor Damage,Rural/Minor Highway,Clear,Central India,Synthetic Fill
SYN-5K-101510,2023-01-01,13.357342,77.751748,Minor Damage,Highway Corridor,Clear,Central India,Synthetic Fill
SYN-5K-101511,2023-01-01,22.922914,77.105226,Fatal,Rural/Minor Highway,Clear,Central India,Synthetic Fill
SYN-5K-101512,2023-01-01,25.08633,78.714226,Minor Damage,Highway Corridor,Clear,Central India,Synthetic Fill
SYN-5K-101513,2023-01-01,23.416885,77.4464,Grievous Injury,Rural/Minor Highway,Clear,Central India,Synthetic Fill
SYN-5K-101514,2023-01-01,16.070308,80.393592112,Minor Damage,Highway Corridor,Clear,Central India,Synthetic Fill
SYN-5K-101515,2023-01-01,19.626658,75.521195,Fatal,Rural/Minor Highway,Clear,Central India,Synthetic Fill
SYN-5K-101516,2023-01-01,17.240546,80.81955874399999,Fatal,Highway Corridor,Clear,Central India,Synthetic Fill
SYN-5K-101517,2023-01-01,18.679422,75.190222,Fatal,Rural/Minor Highway,Clear,Central India,Synthetic Fill
SYN-5K-101518,2023-01-01,23.637239,86.624558,Grievous Injury,Highway Corridor,Clear,Central India,Synthetic Fill
SYN-5K-101519,2023-01-01,15.060052,74.545886,Grievous Injury,Rural/Minor Highway,Clear,Central India,Synthetic Fill
SYN-5K-101520,2023-01-01,13.313211,77.270832,Grievous Injury,Highway Corridor,Clear,Central India,Synthetic Fill
SYN-5K-101521,2023-01-01,20.013812,74.892285,Minor Damage,Rural/Minor Highway,Clear,Central India,Synthetic Fill
SYN-5K-101522,2023-01-01,24.422195,85.980562,Minor Damage,Highway Corridor,Clear,Central India,Synthetic Fill
SYN-5K-101523,2023-01-01,21.672613,78.398456,Grievous Injury,Rural/Minor Highway,Clear,Central India,Synthetic Fill
SYN-5K-101524,2023-01-01,21.439224,79.012274,Fatal,Highway Corridor,Clear,Central India,Synthetic Fill
SYN-5K-101525,2023-01-01,23.815474,78.496134,Fatal,Rural/Minor Highway,Clear,Central India,Synthetic Fill
SYN-5K-101526,2023-01-01,20.618905,72.80844,Grievous Injury,Highway Corridor,Clear,Central India,Synthetic Fill
SYN-5K-101527,2023-01-01,22.381829,78.005987,Minor Damage,Rural/Minor Highway,Clear,Central India,Synthetic Fill
SYN-5K-101528,2023-01-01,24.387736,73.627007,Minor Damage,Highway Corridor,Clear,Central India,Synthetic Fill
SYN-5K-101529,2023-01-01,15.731246,74.948808,Fatal,Rural/Minor Highway,Clear,Central India,Synthetic Fill
SYN-5K-101530,2023-01-01,18.075717,74.007073,Minor Damage,Highway Corridor,Clear,Central India,Synthetic Fill
SYN-5K-101531,2023-01-01,15.279047,75.39155,Minor Damage,Rural/Minor Highway,Clear,Central India,Synthetic Fill
SYN-5K-101532,2023-01-01,24.761534,85.783933,Fatal,Highway Corridor,Clear,Central India,Synthetic Fill
SYN-5K-101533,2023-01-01,22.404076,85.292165,Fatal,Rural/Minor Highway,Clear,Central India,Synthetic Fill
SYN-5K-101534,2023-01-01,21.71766,87.372776,Minor Damage,Highway Corridor,Clear,Central India,Synthetic Fill
SYN-5K-101535,2023-01-01,21.186848,79.794434,Grievous Injury,Rural/Minor Highway,Clear,Central India,Synthetic Fill
SYN-5K-101536,2023-01-01,14.305431,77.865796,Grievous Injury,Highway Corridor,Clear,Central India,Synthetic Fill
SYN-5K-101537,2023-01-01,23.220445,78.453307,Grievous Injury,Rural/Minor Highway,Clear,Central India,Synthetic Fill
SYN-5K-101538,2023-01-01,23.392064,87.288851,Minor Damage,Highway Corridor,Clear,Central India,Synthetic Fill
SYN-5K-101539,2023-01-01,23.030684,84.620832,Minor Damage,Rural/Minor Highway,Clear,Central India,Synthetic Fill
SYN-5K-101540,2023-01-01,25.940099,83.127483,Fatal,Highway Corridor,Clear,Central India,Synthetic Fill
SYN-5K-101541,2023-01-01,23.322117,77.388499,Minor Damage,Rural/Minor Highway,Clear,Central India,Synthetic Fill
SYN-5K-101542,2023-01-01,17.352462,80.86029616799999,Fatal,Highway Corridor,Clear,Central India,Synthetic Fill
SYN-5K-101543,2023-01-01,20.800143,79.885545,Fatal,Rural/Minor Highway,Clear,Central India,Synthetic Fill
SYN-5K-101544,2023-01-01,24.076357,86.230763,Minor Damage,Highway Corridor,Clear,Central India,Synthetic Fill
SYN-5K-101545,2023-01-01,23.127319,77.723642,Fatal,Rural/Minor Highway,Clear,Central India,Synthetic Fill
SYN-5K-101546,2023-01-01,23.439571,87.031988,Grievous Injury,Highway Corridor,Clear,Central India,Synthetic Fill
SYN-5K-101547,2023-01-01,21.397921,79.477847,Fatal,Rural/Minor Highway,Clear,Central India,Synthetic Fill
SYN-5K-101548,2023-01-01,13.292841,79.382594124,Minor Damage,Highway Corridor,Clear,Central India,Synthetic Fill
SYN-5K-101549,2023-01-01,21.80798,86.34047,Minor Damage,Rural/Minor Highway,Clear,Central India,Synthetic Fill
SYN-5K-101550,2023-01-01,26.720456,78.173613,Minor Damage,Highway Corridor,Clear,Central India,Synthetic Fill
SYN-5K-101551,2023-01-01,23.040628,85.955912,Grievous Injury,Rural/Minor Highway,Clear,Central India,Synthetic Fill
SYN-5K-101552,2023-01-01,18.014784,78.571886,Grievous Injury,Highway Corridor,Clear,Central India,Synthetic Fill
SYN-5K-101553,2023-01-01,20.014565,79.56734,Grievous Injury,Rural/Minor Highway,Clear,Central India,Synthetic Fill
SYN-5K-101554,2023-01-01,14.147688,76.325435,Fatal,Highway Corridor,Clear,Central India,Synthetic Fill
SYN-5K-101555,2023-01-01,21.708753,81.529527,Fatal,Rural/Minor Highway,Clear,Central India,Synthetic Fill
SYN-5K-101556,2023-01-01,17.992293,74.081317,Grievous Injury,Highway Corridor,Clear,Central India,Synthetic Fill
SYN-5K-101557,2023-01-01,21.426999,80.389711,Fatal,Rural/Minor Highway,Clear,Central India,Synthetic Fill
SYN-5K-101558,2023-01-01,17.175935,78.332776,Grievous Injury,Highway Corridor,Clear,Central India,Synthetic Fill
SYN-5K-101559,2023-01-01,15.771631,74.362736,Minor Damage,Rural/Minor Highway,Clear,Central India,Synthetic Fill
SYN-5K-101560,2023-01-01,26.481547,78.166667,Minor Damage,Highway Corridor,Clear,Central India,Synthetic Fill
SYN-5K-101561,2023-01-01,23.157712,85.822264,Minor Damage,Rural/Minor Highway,Clear,Central India,Synthetic Fill
SYN-5K-101562,2023-01-01,18.326378,81.214801592,Grievous Injury,Highway Corridor,Clear,Central India,Synthetic Fill
SYN-5K-101563,2023-01-01,21.628861,81.730483,Grievous Injury,Rural/Minor Highway,Clear,Central India,Synthetic Fill
SYN-5K-101564,2023-01-01,23.514178,86.808488,Minor Damage,Highway Corridor,Clear,Central India,Synthetic Fill
SYN-5K-101565,2023-01-01,15.197069,75.025129,Grievous Injury,Rural/Minor Highway,Clear,Central India,Synthetic Fill
SYN-5K-101566,2023-01-01,27.373352,76.302732,Grievous Injury,Highway Corridor,Clear,Central India,Synthetic Fill
SYN-5K-101567,2023-01-01,16.281652,74.934088,Fatal,Rural/Minor Highway,Clear,Central India,Synthetic Fill
SYN-5K-101568,2023-01-01,28.491922,77.340065,Fatal,Highway Corridor,Clear,Central India,Synthetic Fill
SYN-5K-101569,2023-01-01,20.932039,78.863919,Fatal,Rural/Minor Highway,Clear,Central India,Synthetic Fill
SYN-5K-101570,2023-01-01,25.287646,74.277708,Grievous Injury,Highway Corridor,Clear,Central India,Synthetic Fill
SYN-5K-101571,2023-01-01,20.636592,78.750177,Fatal,Rural/Minor Highway,Clear,Central India,Synthetic Fill
SYN-5K-101572,2023-01-01,17.549333,74.178955,Minor Damage,Highway Corridor,Clear,Central India,Synthetic Fill
SYN-5K-101573,2023-01-01,19.847094,75.272215,Grievous Injury,Rural/Minor Highway,Clear,Central India,Synthetic Fill
SYN-5K-101574,2023-01-01,16.951025,74.551525,Grievous Injury,Highway Corridor,Clear,Central India,Synthetic Fill
SYN-5K-101575,2023-01-01,15.332677,76.334787,Minor Damage,Rural/Minor Highway,Clear,Central India,Synthetic Fill
SYN-5K-101576,2023-01-01,15.550118,75.063877,Grievous Injury,Highway Corridor,Clear,Central India,Synthetic Fill
SYN-5K-101577,2023-01-01,21.688916,82.43837,Grievous Injury,Rural/Minor Highway,Clear,Central India,Synthetic Fill
SYN-5K-101578,2023-01-01,27.527495,78.821061,Grievous Injury,Highway Corridor,Clear,Central India,Synthetic Fill
SYN-5K-101579,2023-01-01,19.140153,75.989367,Minor Damage,Rural/Minor Highway,Clear,Central India,Synthetic Fill
SYN-5K-101580,2023-01-01,26.272419,81.210716,Grievous Injury,Highway Corridor,Clear,Central India,Synthetic Fill
SYN-5K-101581,2023-01-01,23.507339,77.779577,Fatal,Rural/Minor Highway,Clear,Central India,Synthetic Fill
SYN-5K-101582,2023-01-01,22.070099,87.75214,Minor Damage,Highway Corridor,Clear,Central India,Synthetic Fill
SYN-5K-101583,2023-01-01,23.552388,85.09112,Grievous Injury,Rural/Minor Highway,Clear,Central India,Synthetic Fill
SYN-5K-101584,2023-01-01,21.6738,79.021224,Minor Damage,Highway Corridor,Clear,Central India,Synthetic Fill
SYN-5K-101585,2023-01-01,23.14126,85.451291,Fatal,Rural/Minor Highway,Clear,Central India,Synthetic Fill
SYN-5K-101586,2023-01-01,18.632871,73.794517,Minor Damage,Highway Corridor,Clear,Central India,Synthetic Fill
SYN-5K-101587,2023-01-01,22.817332,77.867156,Minor Damage,Rural/Minor Highway,Clear,Central India,Synthetic Fill
SYN-5K-101588,2023-01-01,22.636899,88.165662,Grievous Injury,Highway Corridor,Clear,Central India,Synthetic Fill
SYN-5K-101589,2023-01-01,20.872357,80.957931,Grievous Injury,Rural/Minor Highway,Clear,Central India,Synthetic Fill
SYN-5K-101590,2023-01-01,26.716087,75.496867,Grievous Injury,Highway Corridor,Clear,Central India,Synthetic Fill
SYN-5K-101591,2023-01-01,15.804506,74.21447593799999,Fatal,Rural/Minor Highway,Clear,Central India,Synthetic Fill
SYN-5K-101592,2023-01-01,14.367673,76.232434,Fatal,Highway Corridor,Clear,Central India,Synthetic Fill
SYN-5K-101593,2023-01-01,23.293814,83.538078,Grievous Injury,Rural/Minor Highway,Clear,Central India,Synthetic Fill
SYN-5K-101594,2023-01-01,18.577892,73.687604,Grievous Injury,Highway Corridor,Clear,Central India,Synthetic Fill
SYN-5K-101595,2023-01-01,20.119575,81.35894,Fatal,Rural/Minor Highway,Clear,Central India,Synthetic Fill
SYN-5K-101596,2023-01-01,16.680482,74.636323,Grievous Injury,Highway Corridor,Clear,Central India,Synthetic Fill
SYN-5K-101597,2023-01-01,23.848108,76.956934,Minor Damage,Rural/Minor Highway,Clear,Central India,Synthetic Fill
SYN-5K-101598,2023-01-01,24.946123,73.949263,Grievous Injury,Highway Corridor,Clear,Central India,Synthetic Fill
SYN-5K-101599,2023-01-01,21.312499,78.94462,Grievous Injury,Rural/Minor Highway,Clear,Central India,Synthetic Fill
SYN-5K-101600,2023-01-01,27.95502,78.000517,Fatal,Highway Corridor,Clear,Central India,Synthetic Fill
SYN-5K-101601,2023-01-01,15.39676,74.662912,Minor Damage,Rural/Minor Highway,Clear,Central India,Synthetic Fill
SYN-5K-101602,2023-01-01,18.334372,78.662798,Fatal,Highway Corridor,Clear,Central India,Synthetic Fill
SYN-5K-101603,2023-01-01,15.136753,75.350338,Minor Damage,Rural/Minor Highway,Clear,Central India,Synthetic Fill
SYN-5K-101604,2023-01-01,28.403175,77.125496,Fatal,Highway Corridor,Clear,Central India,Synthetic Fill
SYN-5K-101605,2023-01-01,23.503085,77.881735,Fatal,Rural/Minor Highway,Clear,Central India,Synthetic Fill
SYN-5K-101606,2023-01-01,26.195371,81.58094,Grievous Injury,Highway Corridor,Clear,Central India,Synthetic Fill
SYN-5K-101607,2023-01-01,21.140984,79.125111,Grievous Injury,Rural/Minor Highway,Clear,Central India,Synthetic Fill
SYN-5K-101608,2023-01-01,15.283165,80.10707206,Minor Damage,Highway Corridor,Clear,Central India,Synthetic Fill
SYN-5K-101609,2023-01-01,19.855957,75.611131,Fatal,Rural/Minor Highway,Clear,Central India,Synthetic Fill
SYN-5K-101610,2023-01-01,19.067536,84.662403,Minor Damage,Highway Corridor,Clear,Central India,Synthetic Fill
SYN-5K-101611,2023-01-01,15.63088,76.160114,Grievous Injury,Rural/Minor Highway,Clear,Central India,Synthetic Fill
SYN-5K-101612,2023-01-01,16.521561,80.557848204,Grievous Injury,Highway Corridor,Clear,Central India,Synthetic Fill
SYN-5K-101613,2023-01-01,18.953846,74.727787,Grievous Injury,Rural/Minor Highway,Clear,Central India,Synthetic Fill
SYN-5K-101614,2023-01-01,26.096248,82.616755,Minor Damage,Highway Corridor,Clear,Central India,Synthetic Fill
SYN-5K-101615,2023-01-01,20.783749,81.731493,Minor Damage,Rural/Minor Highway,Clear,Central India,Synthetic Fill
SYN-5K-101616,2023-01-01,25.570672,74.656357,Grievous Injury,Highway Corridor,Clear,Central India,Synthetic Fill
SYN-5K-101617,2023-01-01,15.30105,75.473693,Grievous Injury,Rural/Minor Highway,Clear,Central India,Synthetic Fill
SYN-5K-101618,2023-01-01,26.905283,79.620429,Minor Damage,Highway Corridor,Clear,Central India,Synthetic Fill
SYN-5K-101619,2023-01-01,15.47021,74.35722032999999,Grievous Injury,Rural/Minor Highway,Clear,Central India,Synthetic Fill
SYN-5K-101620,2023-01-01,27.551738,78.94447,Minor Damage,Highway Corridor,Clear,Central India,Synthetic Fill
SYN-5K-101621,2023-01-01,23.997233,84.493939,Fatal,Rural/Minor Highway,Clear,Central India,Synthetic Fill
SYN-5K-101622,2023-01-01,13.737491,76.692238,Minor Damage,Highway Corridor,Clear,Central India,Synthetic Fill
SYN-5K-101623,2023-01-01,19.818841,74.745747,Minor Damage,Rural/Minor Highway,Clear,Central India,Synthetic Fill
SYN-5K-101624,2023-01-01,25.080368,85.469395,Minor Damage,Highway Corridor,Clear,Central India,Synthetic Fill
SYN-5K-101625,2023-01-01,22.255093,81.08387,Fatal,Rural/Minor Highway,Clear,Central India,Synthetic Fill
SYN-5K-101626,2023-01-01,23.910051,86.288548,Minor Damage,Highway Corridor,Clear,Central India,Synthetic Fill
SYN-5K-101627,2023-01-01,21.22022,80.931673,Grievous Injury,Rural/Minor Highway,Clear,Central India,Synthetic Fill
SYN-5K-101628,2023-01-01,18.661688,73.77088,Fatal,Highway Corridor,Clear,Central India,Synthetic Fill
SYN-5K-101629,2023-01-01,20.852858,80.923823,Minor Damage,Rural/Minor Highway,Clear,Central India,Synthetic Fill
SYN-5K-101630,2023-01-01,23.286773,78.819419,Fatal,Highway Corridor,Clear,Central India,Synthetic Fill
SYN-5K-101631,2023-01-01,15.018403,74.792697,Minor Damage,Rural/Minor Highway,Clear,Central India,Synthetic Fill
SYN-5K-101632,2023-01-01,15.179454,75.42704,Grievous Injury,Highway Corridor,Clear,Central India,Synthetic Fill
SYN-5K-101633,2023-01-01,23.019363,78.298684,Grievous Injury,Rural/Minor Highway,Clear,Central India,Synthetic Fill
SYN-5K-101634,2023-01-01,19.25019,78.771034,Minor Damage,Highway Corridor,Clear,Central India,Synthetic Fill
SYN-5K-101635,2023-01-01,16.219596,74.647377,Fatal,Rural/Minor Highway,Clear,Central India,Synthetic Fill
SYN-5K-101636,2023-01-01,15.885212,80.326217168,Grievous Injury,Highway Corridor,Clear,Central India,Synthetic Fill
SYN-5K-101637,2023-01-01,22.824381,82.103303,Grievous Injury,Rural/Minor Highway,Clear,Central India,Synthetic Fill
SYN-5K-101638,2023-01-01,23.389777,72.724632,Minor Damage,Highway Corridor,Clear,Central India,Synthetic Fill
SYN-5K-101639,2023-01-01,19.406885,74.480716,Minor Damage,Rural/Minor Highway,Clear,Central India,Synthetic Fill
SYN-5K-101640,2023-01-01,21.956859,87.641208,Grievous Injury,Highway Corridor,Clear,Central India,Synthetic Fill
SYN-5K-101641,2023-01-01,14.481556,75.209618,Minor Damage,Rural/Minor Highway,Clear,Central India,Synthetic Fill
SYN-5K-101642,2023-01-01,15.290478,80.109733992,Grievous Injury,Highway Corridor,Clear,Central India,Synthetic Fill
SYN-5K-101643,2023-01-01,23.718136,76.957548,Fatal,Rural/Minor Highway,Clear,Central India,Synthetic Fill
SYN-5K-101644,2023-01-01,24.794913,73.892477,Minor Damage,Highway Corridor,Clear,Central India,Synthetic Fill
SYN-5K-101645,2023-01-01,21.436352,82.003905,Grievous Injury,Rural/Minor Highway,Clear,Central India,Synthetic Fill
SYN-5K-101646,2023-01-01,13.236263,79.361999732,Grievous Injury,Highway Corridor,Clear,Central India,Synthetic Fill
SYN-5K-101647,2023-01-01,19.150593,74.701922,Fatal,Rural/Minor Highway,Clear,Central India,Synthetic Fill
SYN-5K-101648,2023-01-01,14.46801,76.014252,Grievous Injury,Highway Corridor,Clear,Central India,Synthetic Fill
SYN-5K-101649,2023-01-01,23.350038,84.746717,Minor Damage,Rural/Minor Highway,Clear,Central India,Synthetic Fill
SYN-5K-101650,2023-01-01,18.040376,74.04692,Fatal,Highway Corridor,Clear,Central India,Synthetic Fill
SYN-5K-101651,2023-01-01,21.011738,82.244445,Fatal,Rural/Minor Highway,Clear,Central India,Synthetic Fill
SYN-5K-101652,2023-01-01,15.804791,80.29694392399999,Minor Damage,Highway Corridor,Clear,Central India,Synthetic Fill
SYN-5K-101653,2023-01-01,19.944772,74.411234,Minor Damage,Rural/Minor Highway,Clear,Central India,Synthetic Fill
SYN-5K-101654,2023-01-01,25.60534,84.696537,Minor Damage,Highway Corridor,Clear,Central India,Synthetic Fill
SYN-5K-101655,2023-01-01,20.918699,78.476641,Grievous Injury,Rural/Minor Highway,Clear,Central India,Synthetic Fill
SYN-5K-101656,2023-01-01,18.730724,73.519606,Fatal,Highway Corridor,Clear,Central India,Synthetic Fill
SYN-5K-101657,2023-01-01,22.255176,76.454294,Minor Damage,Rural/Minor Highway,Clear,Central India,Synthetic Fill
SYN-5K-101658,2023-01-01,23.841185,73.126651,Minor Damage,Highway Corridor,Clear,Central India,Synthetic Fill
SYN-5K-101659,2023-01-01,20.667786,81.952071,Grievous Injury,Rural/Minor Highway,Clear,Central India,Synthetic Fill
SYN-5K-101660,2023-01-01,19.899339,73.047291,Minor Damage,Highway Corridor,Clear,Central India,Synthetic Fill
SYN-5K-101661,2023-01-01,21.590945,79.335801,Grievous Injury,Rural/Minor Highway,Clear,Central India,Synthetic Fill
SYN-5K-101662,2023-01-01,19.933964,72.876344,Minor Damage,Highway Corridor,Clear,Central India,Synthetic Fill
SYN-5K-101663,2023-01-01,19.199528,75.293887,Fatal,Rural/Minor Highway,Clear,Central India,Synthetic Fill
SYN-5K-101664,2023-01-01,25.909762,83.3492,Fatal,Highway Corridor,Clear,Central India,Synthetic Fill
SYN-5K-101665,2023-01-01,20.352893,75.591677,Grievous Injury,Rural/Minor Highway,Clear,Central India,Synthetic Fill
SYN-5K-101666,2023-01-01,24.978525,85.618337,Minor Damage,Highway Corridor,Clear,Central India,Synthetic Fill
SYN-5K-101667,2023-01-01,20.610063,81.564304,Grievous Injury,Rural/Minor Highway,Clear,Central India,Synthetic Fill
SYN-5K-101668,2023-01-01,21.972069,72.735189,Fatal,Highway Corridor,Clear,Central India,Synthetic Fill
SYN-5K-101669,2023-01-01,20.159324,81.686671,Grievous Injury,Rural/Minor Highway,Clear,Central India,Synthetic Fill
SYN-5K-101670,2023-01-01,21.016609,86.657479,Minor Damage,Highway Corridor,Clear,Central India,Synthetic Fill
SYN-5K-101671,2023-01-01,15.119638,76.999971,Grievous Injury,Rural/Minor Highway,Clear,Central India,Synthetic Fill
SYN-5K-101672,2023-01-01,25.081391,74.101682,Minor Damage,Highway Corridor,Clear,Central India,Synthetic Fill
SYN-5K-101673,2023-01-01,22.414095,86.633164,Grievous Injury,Rural/Minor Highway,Clear,Central India,Synthetic Fill
SYN-5K-101674,2023-01-01,16.593194,74.700382,Fatal,Highway Corridor,Clear,Central India,Synthetic Fill
SYN-5K-101675,2023-01-01,22.70197,78.863551,Grievous Injury,Rural/Minor Highway,Clear,Central India,Synthetic Fill
SYN-5K-101676,2023-01-01,21.405444,72.869028,Fatal,Highway Corridor,Clear,Central India,Synthetic Fill
SYN-5K-101677,2023-01-01,15.511321,76.569158,Fatal,Rural/Minor Highway,Clear,Central India,Synthetic Fill
SYN-5K-101678,2023-01-01,28.518444,77.450092,Fatal,Highway Corridor,Clear,Central India,Synthetic Fill
SYN-5K-101679,2023-01-01,15.460623,76.280141,Grievous Injury,Rural/Minor Highway,Clear,Central India,Synthetic Fill
SYN-5K-101680,2023-01-01,25.956516,74.870761,Grievous Injury,Highway Corridor,Clear,Central India,Synthetic Fill
SYN-5K-101681,2023-01-01,19.528532,75.420493,Grievous Injury,Rural/Minor Highway,Clear,Central India,Synthetic Fill
SYN-5K-101682,2023-01-01,28.437408,77.103739,Grievous Injury,Highway Corridor,Clear,Central India,Synthetic Fill
SYN-5K-101683,2023-01-01,23.698192,85.137801,Minor Damage,Rural/Minor Highway,Clear,Central India,Synthetic Fill
SYN-5K-101684,2023-01-01,18.833873,73.150038,Grievous Injury,Highway Corridor,Clear,Central India,Synthetic Fill
SYN-5K-101685,2023-01-01,23.091564,77.54681,Grievous Injury,Rural/Minor Highway,Clear,Central India,Synthetic Fill
SYN-5K-101686,2023-01-01,20.395517,72.864532,Fatal,Highway Corridor,Clear,Central India,Synthetic Fill
SYN-5K-101687,2023-01-01,22.494258,85.320606,Minor Damage,Rural/Minor Highway,Clear,Central India,Synthetic Fill
SYN-5K-101688,2023-01-01,14.138631,76.453434,Minor Damage,Highway Corridor,Clear,Central India,Synthetic Fill
SYN-5K-101689,2023-01-01,23.507692,78.13621,Grievous Injury,Rural/Minor Highway,Clear,Central India,Synthetic Fill
SYN-5K-101690,2023-01-01,16.781095,78.346856,Fatal,Highway Corridor,Clear,Central India,Synthetic Fill
SYN-5K-101691,2023-01-01,21.260418,78.706162,Minor Damage,Rural/Minor Highway,Clear,Central India,Synthetic Fill
SYN-5K-101692,2023-01-01,23.891494,86.31955,Fatal,Highway Corridor,Clear,Central India,Synthetic Fill
SYN-5K-101693,2023-01-01,21.748504,81.641536,Grievous Injury,Rural/Minor Highway,Clear,Central India,Synthetic Fill
SYN-5K-101694,2023-01-01,22.157879,87.897827,Grievous Injury,Highway Corridor,Clear,Central India,Synthetic Fill
SYN-5K-101695,2023-01-01,20.233872,75.621914,Fatal,Rural/Minor Highway,Clear,Central India,Synthetic Fill
SYN-5K-101696,2023-01-01,16.584926,80.580913064,Minor Damage,Highway Corridor,Clear,Central India,Synthetic Fill
SYN-5K-101697,2023-01-01,21.162698,82.291197,Grievous Injury,Rural/Minor Highway,Clear,Central India,Synthetic Fill
SYN-5K-101698,2023-01-01,24.799334,85.709718,Minor Damage,Highway Corridor,Clear,Central India,Synthetic Fill
SYN-5K-101699,2023-01-01,22.880789,78.040773,Grievous Injury,Rural/Minor Highway,Clear,Central India,Synthetic Fill
SYN-5K-101700,2023-01-01,25.326244,74.268225,Grievous Injury,Highway Corridor,Clear,Central India,Synthetic Fill
SYN-5K-101701,2023-01-01,23.771747,85.8552,Minor Damage,Rural/Minor Highway,Clear,Central India,Synthetic Fill
SYN-5K-101702,2023-01-01,27.148419,79.348017,Grievous Injury,Highway Corridor,Clear,Central India,Synthetic Fill
SYN-5K-101703,2023-01-01,21.841985,81.914214,Grievous Injury,Rural/Minor Highway,Clear,Central India,Synthetic Fill
SYN-5K-101704,2023-01-01,27.720019,78.507857,Grievous Injury,Highway Corridor,Clear,Central India,Synthetic Fill
SYN-5K-101705,2023-01-01,23.70224,85.862875,Fatal,Rural/Minor Highway,Clear,Central India,Synthetic Fill
SYN-5K-101706,2023-01-01,14.579643,79.850990052,Grievous Injury,Highway Corridor,Clear,Central India,Synthetic Fill
SYN-5K-101707,2023-01-01,21.319875,77.986302,Fatal,Rural/Minor Highway,Clear,Central India,Synthetic Fill
SYN-5K-101708,2023-01-01,28.428561,77.541544,Minor Damage,Highway Corridor,Clear,Central India,Synthetic Fill
SYN-5K-101709,2023-01-01,15.676419,74.269169087,Fatal,Rural/Minor Highway,Clear,Central India,Synthetic Fill
SYN-5K-101710,2023-01-01,26.932405,79.638976,Grievous Injury,Highway Corridor,Clear,Central India,Synthetic Fill
SYN-5K-101711,2023-01-01,21.374024,81.00068,Grievous Injury,Rural/Minor Highway,Clear,Central India,Synthetic Fill
SYN-5K-101712,2023-01-01,25.098607,78.609554,Grievous Injury,Highway Corridor,Clear,Central India,Synthetic Fill
SYN-5K-101713,2023-01-01,21.13851,80.706906,Grievous Injury,Rural/Minor Highway,Clear,Central India,Synthetic Fill
SYN-5K-101714,2023-01-01,25.46702,85.21785,Grievous Injury,Highway Corridor,Clear,Central India,Synthetic Fill
SYN-5K-101715,2023-01-01,22.844372,77.521138,Grievous Injury,Rural/Minor Highway,Clear,Central India,Synthetic Fill
SYN-5K-101716,2023-01-01,22.787626,72.697695,Fatal,Highway Corridor,Clear,Central India,Synthetic Fill
SYN-5K-101717,2023-01-01,20.365737,75.674435,Minor Damage,Rural/Minor Highway,Clear,Central India,Synthetic Fill
SYN-5K-101718,2023-01-01,23.399886,72.790851,Minor Damage,Highway Corridor,Clear,Central India,Synthetic Fill
SYN-5K-101719,2023-01-01,14.704877,74.836551,Minor Damage,Rural/Minor Highway,Clear,Central India,Synthetic Fill
SYN-5K-101720,2023-01-01,20.866861,72.900437,Fatal,Highway Corridor,Clear,Central India,Synthetic Fill
SYN-5K-101721,2023-01-01,20.294665,74.671999,Fatal,Rural/Minor Highway,Clear,Central India,Synthetic Fill
SYN-5K-101722,2023-01-01,18.648239,81.331958996,Minor Damage,Highway Corridor,Clear,Central India,Synthetic Fill
SYN-5K-101723,2023-01-01,21.326819,81.809114,Minor Damage,Rural/Minor Highway,Clear,Central India,Synthetic Fill
SYN-5K-101724,2023-01-01,27.7671,76.57737,Minor Damage,Highway Corridor,Clear,Central India,Synthetic Fill
SYN-5K-101725,2023-01-01,19.438128,75.030005,Minor Damage,Rural/Minor Highway,Clear,Central India,Synthetic Fill
SYN-5K-101726,2023-01-01,13.678049,76.837949,Grievous Injury,Highway Corridor,Clear,Central India,Synthetic Fill
SYN-5K-101727,2023-01-01,20.204774,80.745626,Grievous Injury,Rural/Minor Highway,Clear,Central India,Synthetic Fill
SYN-5K-101728,2023-01-01,23.85771,78.710845,Minor Damage,Highway Corridor,Clear,Central India,Synthetic Fill
SYN-5K-101729,2023-01-01,23.48795,85.26046,Grievous Injury,Rural/Minor Highway,Clear,Central India,Synthetic Fill
SYN-5K-101730,2023-01-01,26.923494,78.073311,Minor Damage,Highway Corridor,Clear,Central India,Synthetic Fill
SYN-5K-101731,2023-01-01,15.828968,74.197057,Minor Damage,Rural/Minor Highway,Clear,Central India,Synthetic Fill
SYN-5K-101732,2023-01-01,28.401896,77.035312,Grievous Injury,Highway Corridor,Clear,Central India,Synthetic Fill
SYN-5K-101733,2023-01-01,20.609472,79.39357,Grievous Injury,Rural/Minor Highway,Clear,Central India,Synthetic Fill
SYN-5K-101734,2023-01-01,25.317147,85.324958,Fatal,Highway Corridor,Clear,Central India,Synthetic Fill
SYN-5K-101735,2023-01-01,19.76805,75.740022,Minor Damage,Rural/Minor Highway,Clear,Central India,Synthetic Fill
SYN-5K-101736,2023-01-01,19.310378,84.750998,Minor Damage,Highway Corridor,Clear,Central India,Synthetic Fill
SYN-5K-101737,2023-01-01,21.439307,79.079728,Minor Damage,Rural/Minor Highway,Clear,Central India,Synthetic Fill
SYN-5K-101738,2023-01-01,18.907796,73.11991,Grievous Injury,Highway Corridor,Clear,Central India,Synthetic Fill
SYN-5K-101739,2023-01-01,20.781062,74.3931,Fatal,Rural/Minor Highway,Clear,Central India,Synthetic Fill
SYN-5K-101740,2023-01-01,18.819276,73.533768,Grievous Injury,Highway Corridor,Clear,Central India,Synthetic Fill
SYN-5K-101741,2023-01-01,23.77714,76.719175,Minor Damage,Rural/Minor Highway,Clear,Central India,Synthetic Fill
SYN-5K-101742,2023-01-01,22.070998,72.661688,Grievous Injury,Highway Corridor,Clear,Central India,Synthetic Fill
SYN-5K-101743,2023-01-01,20.578099,75.479538,Grievous Injury,Rural/Minor Highway,Clear,Central India,Synthetic Fill
SYN-5K-101744,2023-01-01,22.568495,78.903111,Minor Damage,Highway Corridor,Clear,Central India,Synthetic Fill
SYN-5K-101745,2023-01-01,23.748928,86.06342,Fatal,Rural/Minor Highway,Clear,Central India,Synthetic Fill
SYN-5K-101746,2023-01-01,13.653363,76.844372,Minor Damage,Highway Corridor,Clear,Central India,Synthetic Fill
SYN-5K-101747,2023-01-01,19.988243,75.036168,Minor Damage,Rural/Minor Highway,Clear,Central India,Synthetic Fill
SYN-5K-101748,2023-01-01,27.851661,76.568624,Fatal,Highway Corridor,Clear,Central India,Synthetic Fill
SYN-5K-101749,2023-01-01,19.737449,75.856711,Fatal,Rural/Minor Highway,Clear,Central India,Synthetic Fill
SYN-5K-101750,2023-01-01,23.383452,78.97863,Fatal,Highway Corridor,Clear,Central India,Synthetic Fill
SYN-5K-101751,2023-01-01,16.895153,75.688701,Grievous Injury,Rural/Minor Highway,Clear,Central India,Synthetic Fill
SYN-5K-101752,2023-01-01,26.502847,78.259792,Grievous Injury,Highway Corridor,Clear,Central India,Synthetic Fill
SYN-5K-101753,2023-01-01,14.439465,74.916151,Fatal,Rural/Minor Highway,Clear,Central India,Synthetic Fill
SYN-5K-101754,2023-01-01,23.121223,87.556932,Fatal,Highway Corridor,Clear,Central India,Synthetic Fill
SYN-5K-101755,2023-01-01,19.961772,76.433002,Grievous Injury,Rural/Minor Highway,Clear,Central India,Synthetic Fill
SYN-5K-101756,2023-01-01,18.607443,73.681495,Fatal,Highway Corridor,Clear,Central India,Synthetic Fill
SYN-5K-101757,2023-01-01,22.365047,76.864228,Grievous Injury,Rural/Minor Highway,Clear,Central India,Synthetic Fill
SYN-5K-101758,2023-01-01,20.986979,72.812832,Fatal,Highway Corridor,Clear,Central India,Synthetic Fill
SYN-5K-101759,2023-01-01,23.872369,85.912757,Grievous Injury,Rural/Minor Highway,Clear,Central India,Synthetic Fill
SYN-5K-101760,2023-01-01,23.820537,78.778891,Minor Damage,Highway Corridor,Clear,Central India,Synthetic Fill
SYN-5K-101761,2023-01-01,20.510166,81.33573,Fatal,Rural/Minor Highway,Clear,Central India,Synthetic Fill
SYN-5K-101762,2023-01-01,23.07673,87.603988,Grievous Injury,Highway Corridor,Clear,Central India,Synthetic Fill
SYN-5K-101763,2023-01-01,21.233086,81.865195,Grievous Injury,Rural/Minor Highway,Clear,Central India,Synthetic Fill
SYN-5K-101764,2023-01-01,24.819592,85.624921,Grievous Injury,Highway Corridor,Clear,Central India,Synthetic Fill
SYN-5K-101765,2023-01-01,23.446039,85.307183,Grievous Injury,Rural/Minor Highway,Clear,Central India,Synthetic Fill
SYN-5K-101766,2023-01-01,26.243446,75.223802,Minor Damage,Highway Corridor,Clear,Central India,Synthetic Fill
SYN-5K-101767,2023-01-01,20.622914,79.280302,Fatal,Rural/Minor Highway,Clear,Central India,Synthetic Fill
SYN-5K-101768,2023-01-01,17.233169,80.816873516,Grievous Injury,Highway Corridor,Clear,Central India,Synthetic Fill
SYN-5K-101769,2023-01-01,23.617478,77.883108,Grievous Injury,Rural/Minor Highway,Clear,Central India,Synthetic Fill
SYN-5K-101770,2023-01-01,20.439321,78.979718,Minor Damage,Highway Corridor,Clear,Central India,Synthetic Fill
SYN-5K-101771,2023-01-01,20.891745,79.698039,Grievous Injury,Rural/Minor Highway,Clear,Central India,Synthetic Fill
SYN-5K-101772,2023-01-01,19.496335,72.92985,Minor Damage,Highway Corridor,Clear,Central India,Synthetic Fill
SYN-5K-101773,2023-01-01,19.53606,74.94681,Minor Damage,Rural/Minor Highway,Clear,Central India,Synthetic Fill
SYN-5K-101774,2023-01-01,24.001395,86.191851,Fatal,Highway Corridor,Clear,Central India,Synthetic Fill
SYN-5K-101775,2023-01-01,21.662019,80.751677,Minor Damage,Rural/Minor Highway,Clear,Central India,Synthetic Fill
SYN-5K-101776,2023-01-01,28.217924,77.745596,Grievous Injury,Highway Corridor,Clear,Central India,Synthetic Fill
SYN-5K-101777,2023-01-01,23.384458,78.447882,Grievous Injury,Rural/Minor Highway,Clear,Central India,Synthetic Fill
SYN-5K-101778,2023-01-01,23.250915,87.302451,Grievous Injury,Highway Corridor,Clear,Central India,Synthetic Fill
SYN-5K-101779,2023-01-01,20.881607,79.110933,Grievous Injury,Rural/Minor Highway,Clear,Central India,Synthetic Fill
SYN-5K-101780,2023-01-01,17.203105,74.30265,Minor Damage,Highway Corridor,Clear,Central India,Synthetic Fill
SYN-5K-101781,2023-01-01,21.33893,81.770045,Grievous Injury,Rural/Minor Highway,Clear,Central India,Synthetic Fill
SYN-5K-101782,2023-01-01,22.806655,78.871063,Minor Damage,Highway Corridor,Clear,Central India,Synthetic Fill
SYN-5K-101783,2023-01-01,15.66139,75.024098,Minor Damage,Rural/Minor Highway,Clear,Central India,Synthetic Fill
SYN-5K-101784,2023-01-01,22.040296,72.650061,Grievous Injury,Highway Corridor,Clear,Central India,Synthetic Fill
SYN-5K-101785,2023-01-01,22.802071,85.32795,Minor Damage,Rural/Minor Highway,Clear,Central India,Synthetic Fill
SYN-5K-101786,2023-01-01,26.650989,78.111256,Grievous Injury,Highway Corridor,Clear,Central India,Synthetic Fill
SYN-5K-101787,2023-01-01,21.232871,79.191627,Minor Damage,Rural/Minor Highway,Clear,Central India,Synthetic Fill
SYN-5K-101788,2023-01-01,26.582098,78.190749,Fatal,Highway Corridor,Clear,Central India,Synthetic Fill
SYN-5K-101789,2023-01-01,23.745343,78.093202,Fatal,Rural/Minor Highway,Clear,Central India,Synthetic Fill
SYN-5K-101790,2023-01-01,16.794464,74.629642,Fatal,Highway Corridor,Clear,Central India,Synthetic Fill
SYN-5K-101791,2023-01-01,20.808015,78.6747,Grievous Injury,Rural/Minor Highway,Clear,Central India,Synthetic Fill
SYN-5K-101792,2023-01-01,28.229262,77.491886,Minor Damage,Highway Corridor,Clear,Central India,Synthetic Fill
SYN-5K-101793,2023-01-01,19.110561,74.778118,Grievous Injury,Rural/Minor Highway,Clear,Central India,Synthetic Fill
SYN-5K-101794,2023-01-01,16.332256,74.743055,Grievous Injury,Highway Corridor,Clear,Central India,Synthetic Fill
SYN-5K-101795,2023-01-01,21.039564,81.82889,Grievous Injury,Rural/Minor Highway,Clear,Central India,Synthetic Fill
SYN-5K-101796,2023-01-01,28.182197,77.888503,Grievous Injury,Highway Corridor,Clear,Central India,Synthetic Fill
SYN-5K-101797,2023-01-01,22.801197,84.639083,Minor Damage,Rural/Minor Highway,Clear,Central India,Synthetic Fill
SYN-5K-101798,2023-01-01,21.211038,86.725172,Fatal,Highway Corridor,Clear,Central India,Synthetic Fill
SYN-5K-101799,2023-01-01,15.897427,74.541522,Grievous Injury,Rural/Minor Highway,Clear,Central India,Synthetic Fill
SYN-5K-101800,2023-01-01,25.857671,78.468832,Grievous Injury,Highway Corridor,Clear,Central India,Synthetic Fill
SYN-5K-101801,2023-01-01,14.801144,74.841872,Fatal,Rural/Minor Highway,Clear,Central India,Synthetic Fill
SYN-5K-101802,2023-01-01,16.942835,80.71119193999999,Fatal,Highway Corridor,Clear,Central India,Synthetic Fill
SYN-5K-101803,2023-01-01,14.950157,75.257962,Fatal,Rural/Minor Highway,Clear,Central India,Synthetic Fill
SYN-5K-101804,2023-01-01,26.607422,75.357821,Minor Damage,Highway Corridor,Clear,Central India,Synthetic Fill
SYN-5K-101805,2023-01-01,23.223065,76.768605,Fatal,Rural/Minor Highway,Clear,Central India,Synthetic Fill
SYN-5K-101806,2023-01-01,20.716872,78.962382,Minor Damage,Highway Corridor,Clear,Central India,Synthetic Fill
SYN-5K-101807,2023-01-01,24.032883,85.246973,Grievous Injury,Rural/Minor Highway,Clear,Central India,Synthetic Fill
SYN-5K-101808,2023-01-01,21.297431,86.995388,Minor Damage,Highway Corridor,Clear,Central India,Synthetic Fill
SYN-5K-101809,2023-01-01,20.968755,81.417897,Fatal,Rural/Minor Highway,Clear,Central India,Synthetic Fill
SYN-5K-101810,2023-01-01,23.22381,72.804037,Fatal,Highway Corridor,Clear,Central India,Synthetic Fill
SYN-5K-101811,2023-01-01,20.301904,76.051611,Grievous Injury,Rural/Minor Highway,Clear,Central India,Synthetic Fill
SYN-5K-101812,2023-01-01,14.635649,77.961198,Fatal,Highway Corridor,Clear,Central India,Synthetic Fill
SYN-5K-101813,2023-01-01,18.942568,75.937175,Minor Damage,Rural/Minor Highway,Clear,Central India,Synthetic Fill
SYN-5K-101814,2023-01-01,17.449663,74.346579,Grievous Injury,Highway Corridor,Clear,Central India,Synthetic Fill
SYN-5K-101815,2023-01-01,21.133456,78.641421,Minor Damage,Rural/Minor Highway,Clear,Central India,Synthetic Fill
SYN-5K-101816,2023-01-01,26.284685,81.511151,Fatal,Highway Corridor,Clear,Central India,Synthetic Fill
SYN-5K-101817,2023-01-01,22.341172,76.545929,Fatal,Rural/Minor Highway,Clear,Central India,Synthetic Fill
SYN-5K-101818,2023-01-01,17.147327,74.483738,Grievous Injury,Highway Corridor,Clear,Central India,Synthetic Fill
SYN-5K-101819,2023-01-01,21.331052,81.15623,Minor Damage,Rural/Minor Highway,Clear,Central India,Synthetic Fill
SYN-5K-101820,2023-01-01,24.425352,78.713262,Minor Damage,Highway Corridor,Clear,Central India,Synthetic Fill
SYN-5K-101821,2023-01-01,20.673872,74.568358,Fatal,Rural/Minor Highway,Clear,Central India,Synthetic Fill
SYN-5K-101822,2023-01-01,27.888836,77.659823,Minor Damage,Highway Corridor,Clear,Central India,Synthetic Fill
SYN-5K-101823,2023-01-01,21.979463,82.469021,Grievous Injury,Rural/Minor Highway,Clear,Central India,Synthetic Fill
SYN-5K-101824,2023-01-01,20.934748,86.440626,Grievous Injury,Highway Corridor,Clear,Central India,Synthetic Fill
SYN-5K-101825,2023-01-01,21.063446,82.156919,Minor Damage,Rural/Minor Highway,Clear,Central India,Synthetic Fill
SYN-5K-101826,2023-01-01,18.737642,73.44288,Fatal,Highway Corridor,Clear,Central India,Synthetic Fill
SYN-5K-101827,2023-01-01,15.343282,75.785522,Grievous Injury,Rural/Minor Highway,Clear,Central India,Synthetic Fill
SYN-5K-101828,2023-01-01,18.101158,81.13282151199999,Grievous Injury,Highway Corridor,Clear,Central India,Synthetic Fill
SYN-5K-101829,2023-01-01,22.913578,77.792407,Grievous Injury,Rural/Minor Highway,Clear,Central India,Synthetic Fill
SYN-5K-101830,2023-01-01,15.967043,74.864373,Minor Damage,Highway Corridor,Clear,Central India,Synthetic Fill
SYN-5K-101831,2023-01-01,20.550777,80.67632,Grievous Injury,Rural/Minor Highway,Clear,Central India,Synthetic Fill
SYN-5K-101832,2023-01-01,18.932055,73.404289,Grievous Injury,Highway Corridor,Clear,Central India,Synthetic Fill
SYN-5K-101833,2023-01-01,23.943821,77.491257,Minor Damage,Rural/Minor Highway,Clear,Central India,Synthetic Fill
SYN-5K-101834,2023-01-01,26.710754,78.166234,Minor Damage,Highway Corridor,Clear,Central India,Synthetic Fill
SYN-5K-101835,2023-01-01,21.392635,81.980391,Grievous Injury,Rural/Minor Highway,Clear,Central India,Synthetic Fill
SYN-5K-101836,2023-01-01,15.757553,78.097408,Grievous Injury,Highway Corridor,Clear,Central India,Synthetic Fill
SYN-5K-101837,2023-01-01,21.155485,82.05505,Minor Damage,Rural/Minor Highway,Clear,Central India,Synthetic Fill
SYN-5K-101838,2023-01-01,17.398919,80.877206516,Minor Damage,Highway Corridor,Clear,Central India,Synthetic Fill
SYN-5K-101839,2023-01-01,22.725412,76.941668,Grievous Injury,Rural/Minor Highway,Clear,Central India,Synthetic Fill
SYN-5K-101840,2023-01-01,14.159778,76.369145,Minor Damage,Highway Corridor,Clear,Central India,Synthetic Fill
SYN-5K-101841,2023-01-01,19.628668,74.670935,Grievous Injury,Rural/Minor Highway,Clear,Central India,Synthetic Fill
SYN-5K-101842,2023-01-01,18.508393,78.695645,Minor Damage,Highway Corridor,Clear,Central India,Synthetic Fill
SYN-5K-101843,2023-01-01,20.930581,80.930073,Minor Damage,Rural/Minor Highway,Clear,Central India,Synthetic Fill
SYN-5K-101844,2023-01-01,25.641059,84.797935,Minor Damage,Highway Corridor,Clear,Central India,Synthetic Fill
SYN-5K-101845,2023-01-01,21.091445,82.310873,Grievous Injury,Rural/Minor Highway,Clear,Central India,Synthetic Fill
SYN-5K-101846,2023-01-01,25.847643,74.871935,Grievous Injury,Highway Corridor,Clear,Central India,Synthetic Fill
SYN-5K-101847,2023-01-01,23.136719,77.385787,Minor Damage,Rural/Minor Highway,Clear,Central India,Synthetic Fill
SYN-5K-101848,2023-01-01,27.297102,76.078553,Fatal,Highway Corridor,Clear,Central India,Synthetic Fill
SYN-5K-101849,2023-01-01,15.597269,74.302966137,Grievous Injury,Rural/Minor Highway,Clear,Central India,Synthetic Fill
SYN-5K-101850,2023-01-01,18.932644,78.709203,Fatal,Highway Corridor,Clear,Central India,Synthetic Fill
SYN-5K-101851,2023-01-01,23.465675,77.396984,Grievous Injury,Rural/Minor Highway,Clear,Central India,Synthetic Fill
SYN-5K-101852,2023-01-01,16.290424,74.753183,Minor Damage,Highway Corridor,Clear,Central India,Synthetic Fill
SYN-5K-101853,2023-01-01,20.291162,75.023599,Grievous Injury,Rural/Minor Highway,Clear,Central India,Synthetic Fill
SYN-5K-101854,2023-01-01,23.684971,86.592974,Grievous Injury,Highway Corridor,Clear,Central India,Synthetic Fill
SYN-5K-101855,2023-01-01,22.542509,80.188749,Minor Damage,Rural/Minor Highway,Clear,Central India,Synthetic Fill
SYN-5K-101856,2023-01-01,20.686742,72.848437,Minor Damage,Highway Corridor,Clear,Central India,Synthetic Fill
SYN-5K-101857,2023-01-01,20.444313,79.256985,Grievous Injury,Rural/Minor Highway,Clear,Central India,Synthetic Fill
SYN-5K-101858,2023-01-01,19.616686,72.902633,Minor Damage,Highway Corridor,Clear,Central India,Synthetic Fill
SYN-5K-101859,2023-01-01,21.513641,81.349292,Grievous Injury,Rural/Minor Highway,Clear,Central India,Synthetic Fill
SYN-5K-101860,2023-01-01,22.550021,78.90509,Minor Damage,Highway Corridor,Clear,Central India,Synthetic Fill
SYN-5K-101861,2023-01-01,20.494828,79.222219,Grievous Injury,Rural/Minor Highway,Clear,Central India,Synthetic Fill
SYN-5K-101862,2023-01-01,23.328803,87.069086,Minor Damage,Highway Corridor,Clear,Central India,Synthetic Fill
SYN-5K-101863,2023-01-01,23.432415,78.729383,Grievous Injury,Rural/Minor Highway,Clear,Central India,Synthetic Fill
SYN-5K-101864,2023-01-01,14.51498,78.053334,Minor Damage,Highway Corridor,Clear,Central India,Synthetic Fill
SYN-5K-101865,2023-01-01,20.291817,82.128748,Grievous Injury,Rural/Minor Highway,Clear,Central India,Synthetic Fill
SYN-5K-101866,2023-01-01,17.847962,74.032275,Minor Damage,Highway Corridor,Clear,Central India,Synthetic Fill
SYN-5K-101867,2023-01-01,19.272271,75.369552,Grievous Injury,Rural/Minor Highway,Clear,Central India,Synthetic Fill
SYN-5K-101868,2023-01-01,17.148683,80.78612061199999,Grievous Injury,Highway Corridor,Clear,Central India,Synthetic Fill
SYN-5K-101869,2023-01-01,20.184957,75.437579,Grievous Injury,Rural/Minor Highway,Clear,Central India,Synthetic Fill
SYN-5K-101870,2023-01-01,28.343623,77.501452,Minor Damage,Highway Corridor,Clear,Central India,Synthetic Fill
SYN-5K-101871,2023-01-01,20.548371,81.438899,Fatal,Rural/Minor Highway,Clear,Central India,Synthetic Fill
SYN-5K-101872,2023-01-01,20.956579,86.579029,Fatal,Highway Corridor,Clear,Central India,Synthetic Fill
SYN-5K-101873,2023-01-01,22.231569,79.751409,Minor Damage,Rural/Minor Highway,Clear,Central India,Synthetic Fill
SYN-5K-101874,2023-01-01,17.383531,80.871605284,Minor Damage,Highway Corridor,Clear,Central India,Synthetic Fill
SYN-5K-101875,2023-01-01,21.706461,81.996623,Fatal,Rural/Minor Highway,Clear,Central India,Synthetic Fill
SYN-5K-101876,2023-01-01,17.161346,74.350015,Fatal,Highway Corridor,Clear,Central India,Synthetic Fill
SYN-5K-101877,2023-01-01,21.281751,79.8984,Grievous Injury,Rural/Minor Highway,Clear,Central India,Synthetic Fill
SYN-5K-101878,2023-01-01,17.043021,80.747659644,Minor Damage,Highway Corridor,Clear,Central India,Synthetic Fill
SYN-5K-101879,2023-01-01,23.260569,77.157167,Minor Damage,Rural/Minor Highway,Clear,Central India,Synthetic Fill
SYN-5K-101880,2023-01-01,25.851324,83.772666,Minor Damage,Highway Corridor,Clear,Central India,Synthetic Fill
SYN-5K-101881,2023-01-01,22.248906,77.834204,Minor Damage,Rural/Minor Highway,Clear,Central India,Synthetic Fill
SYN-5K-101882,2023-01-01,18.850811,73.36517,Minor Damage,Highway Corridor,Clear,Central India,Synthetic Fill
SYN-5K-101883,2023-01-01,20.087687,74.137871,Grievous Injury,Rural/Minor Highway,Clear,Central India,Synthetic Fill
SYN-5K-101884,2023-01-01,21.451462,87.124359,Fatal,Highway Corridor,Clear,Central India,Synthetic Fill
SYN-5K-101885,2023-01-01,21.535099,82.18043,Minor Damage,Rural/Minor Highway,Clear,Central India,Synthetic Fill
SYN-5K-101886,2023-01-01,19.128528,84.748068,Grievous Injury,Highway Corridor,Clear,Central India,Synthetic Fill
SYN-5K-101887,2023-01-01,20.019821,75.803013,Grievous Injury,Rural/Minor Highway,Clear,Central India,Synthetic Fill
SYN-5K-101888,2023-01-01,18.874133,73.166166,Grievous Injury,Highway Corridor,Clear,Central India,Synthetic Fill
SYN-5K-101889,2023-01-01,21.803001,81.859894,Minor Damage,Rural/Minor Highway,Clear,Central India,Synthetic Fill
SYN-5K-101890,2023-01-01,15.125295,75.393319,Grievous Injury,Highway Corridor,Clear,Central India,Synthetic Fill
SYN-5K-101891,2023-01-01,22.587089,77.65666,Grievous Injury,Rural/Minor Highway,Clear,Central India,Synthetic Fill
SYN-5K-101892,2023-01-01,26.019215,82.730474,Grievous Injury,Highway Corridor,Clear,Central India,Synthetic Fill
SYN-5K-101893,2023-01-01,19.623174,75.009758,Fatal,Rural/Minor Highway,Clear,Central India,Synthetic Fill
SYN-5K-101894,2023-01-01,26.61354,75.515351,Minor Damage,Highway Corridor,Clear,Central India,Synthetic Fill
SYN-5K-101895,2023-01-01,22.922413,85.234429,Minor Damage,Rural/Minor Highway,Clear,Central India,Synthetic Fill
SYN-5K-101896,2023-01-01,18.534913,73.774198,Grievous Injury,Highway Corridor,Clear,Central India,Synthetic Fill
SYN-5K-101897,2023-01-01,22.567333,78.235182,Minor Damage,Rural/Minor Highway,Clear,Central India,Synthetic Fill
SYN-5K-101898,2023-01-01,23.47892,86.86596,Grievous Injury,Highway Corridor,Clear,Central India,Synthetic Fill
SYN-5K-101899,2023-01-01,23.032161,77.969972,Fatal,Rural/Minor Highway,Clear,Central India,Synthetic Fill
SYN-5K-101900,2023-01-01,20.487528,72.917299,Grievous Injury,Highway Corridor,Clear,Central India,Synthetic Fill
SYN-5K-101901,2023-01-01,21.427987,82.270034,Grievous Injury,Rural/Minor Highway,Clear,Central India,Synthetic Fill
SYN-5K-101902,2023-01-01,26.821271,79.672926,Fatal,Highway Corridor,Clear,Central India,Synthetic Fill
SYN-5K-101903,2023-01-01,23.495192,77.453063,Grievous Injury,Rural/Minor Highway,Clear,Central India,Synthetic Fill
SYN-5K-101904,2023-01-01,24.119144,86.134588,Grievous Injury,Highway Corridor,Clear,Central India,Synthetic Fill
SYN-5K-101905,2023-01-01,22.728903,84.993182,Grievous Injury,Rural/Minor Highway,Clear,Central India,Synthetic Fill
SYN-5K-101906,2023-01-01,18.726007,73.49753,Grievous Injury,Highway Corridor,Clear,Central India,Synthetic Fill
SYN-5K-101907,2023-01-01,24.044028,85.993927,Grievous Injury,Rural/Minor Highway,Clear,Central India,Synthetic Fill
SYN-5K-101908,2023-01-01,26.737902,79.916561,Grievous Injury,Highway Corridor,Clear,Central India,Synthetic Fill
SYN-5K-101909,2023-01-01,14.755253,74.66250696899999,Grievous Injury,Rural/Minor Highway,Clear,Central India,Synthetic Fill
SYN-5K-101910,2023-01-01,18.291016,81.20192982399999,Grievous Injury,Highway Corridor,Clear,Central India,Synthetic Fill
SYN-5K-101911,2023-01-01,20.793293,81.236602,Grievous Injury,Rural/Minor Highway,Clear,Central India,Synthetic Fill
SYN-5K-101912,2023-01-01,18.908732,81.426778448,Grievous Injury,Highway Corridor,Clear,Central India,Synthetic Fill
SYN-5K-101913,2023-01-01,20.631952,82.135574,Minor Damage,Rural/Minor Highway,Clear,Central India,Synthetic Fill
SYN-5K-101914,2023-01-01,26.147007,81.771594,Fatal,Highway Corridor,Clear,Central India,Synthetic Fill
SYN-5K-101915,2023-01-01,21.926259,79.761575,Fatal,Rural/Minor Highway,Clear,Central India,Synthetic Fill
SYN-5K-101916,2023-01-01,27.123868,78.092118,Grievous Injury,Highway Corridor,Clear,Central India,Synthetic Fill
SYN-5K-101917,2023-01-01,21.675648,78.189246,Grievous Injury,Rural/Minor Highway,Clear,Central India,Synthetic Fill
SYN-5K-101918,2023-01-01,28.569307,77.325872,Grievous Injury,Highway Corridor,Clear,Central India,Synthetic Fill
SYN-5K-101919,2023-01-01,20.486431,79.911727,Grievous Injury,Rural/Minor Highway,Clear,Central India,Synthetic Fill
SYN-5K-101920,2023-01-01,18.692307,73.57065,Minor Damage,Highway Corridor,Clear,Central India,Synthetic Fill
SYN-5K-101921,2023-01-01,23.099878,83.667408,Minor Damage,Rural/Minor Highway,Clear,Central India,Synthetic Fill
SYN-5K-101922,2023-01-01,23.630282,73.027566,Minor Damage,Highway Corridor,Clear,Central India,Synthetic Fill
SYN-5K-101923,2023-01-01,19.186841,74.9057,Minor Damage,Rural/Minor Highway,Clear,Central India,Synthetic Fill
SYN-5K-101924,2023-01-01,19.78365,72.853382,Grievous Injury,Highway Corridor,Clear,Central India,Synthetic Fill
SYN-5K-101925,2023-01-01,19.025954,75.283848,Fatal,Rural/Minor Highway,Clear,Central India,Synthetic Fill
SYN-5K-101926,2023-01-01,26.142761,82.205448,Minor Damage,Highway Corridor,Clear,Central India,Synthetic Fill
SYN-5K-101927,2023-01-01,21.713959,81.285823,Minor Damage,Rural/Minor Highway,Clear,Central India,Synthetic Fill
SYN-5K-101928,2023-01-01,15.098305,78.094339,Grievous Injury,Highway Corridor,Clear,Central India,Synthetic Fill
SYN-5K-101929,2023-01-01,15.030045,74.545170785,Fatal,Rural/Minor Highway,Clear,Central India,Synthetic Fill
SYN-5K-101930,2023-01-01,26.124311,82.550082,Grievous Injury,Highway Corridor,Clear,Central India,Synthetic Fill
SYN-5K-101931,2023-01-01,21.520874,78.990815,Fatal,Rural/Minor Highway,Clear,Central India,Synthetic Fill
SYN-5K-101932,2023-01-01,26.987405,78.09631,Grievous Injury,Highway Corridor,Clear,Central India,Synthetic Fill
SYN-5K-101933,2023-01-01,19.981899,75.084806,Grievous Injury,Rural/Minor Highway,Clear,Central India,Synthetic Fill
SYN-5K-101934,2023-01-01,23.601798,86.76902,Minor Damage,Highway Corridor,Clear,Central India,Synthetic Fill
SYN-5K-101935,2023-01-01,20.62736,78.885611,Fatal,Rural/Minor Highway,Clear,Central India,Synthetic Fill
SYN-5K-101936,2023-01-01,16.62757,78.348866,Grievous Injury,Highway Corridor,Clear,Central India,Synthetic Fill
SYN-5K-101937,2023-01-01,14.338227,75.290552,Fatal,Rural/Minor Highway,Clear,Central India,Synthetic Fill
SYN-5K-101938,2023-01-01,28.123335,77.768871,Minor Damage,Highway Corridor,Clear,Central India,Synthetic Fill
SYN-5K-101939,2023-01-01,22.051001,84.601684,Grievous Injury,Rural/Minor Highway,Clear,Central India,Synthetic Fill
SYN-5K-101940,2023-01-01,18.725134,81.359948776,Fatal,Highway Corridor,Clear,Central India,Synthetic Fill
SYN-5K-101941,2023-01-01,23.190547,77.426999,Minor Damage,Rural/Minor Highway,Clear,Central India,Synthetic Fill
SYN-5K-101942,2023-01-01,14.185896,77.826783,Fatal,Highway Corridor,Clear,Central India,Synthetic Fill
SYN-5K-101943,2023-01-01,20.051375,75.458048,Minor Damage,Rural/Minor Highway,Clear,Central India,Synthetic Fill
SYN-5K-101944,2023-01-01,18.5107,73.733812,Grievous Injury,Highway Corridor,Clear,Central India,Synthetic Fill
SYN-5K-101945,2023-01-01,22.512031,84.946795,Fatal,Rural/Minor Highway,Clear,Central India,Synthetic Fill
SYN-5K-101946,2023-01-01,21.724964,79.062318,Grievous Injury,Highway Corridor,Clear,Central India,Synthetic Fill
SYN-5K-101947,2023-01-01,20.012229,75.317128,Grievous Injury,Rural/Minor Highway,Clear,Central India,Synthetic Fill
SYN-5K-101948,2023-01-01,13.444253,77.019318,Minor Damage,Highway Corridor,Clear,Central India,Synthetic Fill
SYN-5K-101949,2023-01-01,15.364774,75.054686,Minor Damage,Rural/Minor Highway,Clear,Central India,Synthetic Fill
SYN-5K-101950,2023-01-01,24.857286,85.583926,Grievous Injury,Highway Corridor,Clear,Central India,Synthetic Fill
SYN-5K-101951,2023-01-01,19.507623,75.446051,Grievous Injury,Rural/Minor Highway,Clear,Central India,Synthetic Fill
SYN-5K-101952,2023-01-01,26.327911,78.197253,Minor Damage,Highway Corridor,Clear,Central India,Synthetic Fill
SYN-5K-101953,2023-01-01,20.669507,81.932669,Fatal,Rural/Minor Highway,Clear,Central India,Synthetic Fill
SYN-5K-101954,2023-01-01,23.881037,73.25987,Minor Damage,Highway Corridor,Clear,Central India,Synthetic Fill
SYN-5K-101955,2023-01-01,22.029757,81.922218,Grievous Injury,Rural/Minor Highway,Clear,Central India,Synthetic Fill
SYN-5K-101956,2023-01-01,18.584077,73.715834,Grievous Injury,Highway Corridor,Clear,Central India,Synthetic Fill
SYN-5K-101957,2023-01-01,20.858467,82.260311,Fatal,Rural/Minor Highway,Clear,Central India,Synthetic Fill
SYN-5K-101958,2023-01-01,18.889407,73.228891,Grievous Injury,Highway Corridor,Clear,Central India,Synthetic Fill
SYN-5K-101959,2023-01-01,23.52255,77.792638,Minor Damage,Rural/Minor Highway,Clear,Central India,Synthetic Fill
SYN-5K-101960,2023-01-01,22.186086,87.859148,Minor Damage,Highway Corridor,Clear,Central India,Synthetic Fill
SYN-5K-101961,2023-01-01,15.553687,75.251324,Fatal,Rural/Minor Highway,Clear,Central India,Synthetic Fill
SYN-5K-101962,2023-01-01,23.344988,78.936553,Grievous Injury,Highway Corridor,Clear,Central India,Synthetic Fill
SYN-5K-101963,2023-01-01,20.931646,82.426273,Grievous Injury,Rural/Minor Highway,Clear,Central India,Synthetic Fill
SYN-5K-101964,2023-01-01,27.423167,77.889208,Minor Damage,Highway Corridor,Clear,Central India,Synthetic Fill
SYN-5K-101965,2023-01-01,14.917997,74.59301528099999,Fatal,Rural/Minor Highway,Clear,Central India,Synthetic Fill
SYN-5K-101966,2023-01-01,14.99698,75.523933,Minor Damage,Highway Corridor,Clear,Central India,Synthetic Fill
SYN-5K-101967,2023-01-01,24.760269,76.903894,Minor Damage,Rural/Minor Highway,Clear,Central India,Synthetic Fill
SYN-5K-101968,2023-01-01,16.670419,80.612032516,Grievous Injury,Highway Corridor,Clear,Central India,Synthetic Fill
SYN-5K-101969,2023-01-01,20.674187,74.794799,Grievous Injury,Rural/Minor Highway,Clear,Central India,Synthetic Fill
SYN-5K-101970,2023-01-01,21.625726,72.749937,Minor Damage,Highway Corridor,Clear,Central India,Synthetic Fill
SYN-5K-101971,2023-01-01,23.416534,78.025051,Fatal,Rural/Minor Highway,Clear,Central India,Synthetic Fill
SYN-5K-101972,2023-01-01,19.69811,78.771665,Grievous Injury,Highway Corridor,Clear,Central India,Synthetic Fill
SYN-5K-101973,2023-01-01,20.150217,75.253883,Grievous Injury,Rural/Minor Highway,Clear,Central India,Synthetic Fill
SYN-5K-101974,2023-01-01,15.51003,80.18965091999999,Grievous Injury,Highway Corridor,Clear,Central India,Synthetic Fill
SYN-5K-101975,2023-01-01,23.132599,85.122122,Grievous Injury,Rural/Minor Highway,Clear,Central India,Synthetic Fill
SYN-5K-101976,2023-01-01,25.184299,85.362447,Minor Damage,Highway Corridor,Clear,Central India,Synthetic Fill
SYN-5K-101977,2023-01-01,23.723191,85.675315,Grievous Injury,Rural/Minor Highway,Clear,Central India,Synthetic Fill
SYN-5K-101978,2023-01-01,25.71111,74.604089,Fatal,Highway Corridor,Clear,Central India,Synthetic Fill
SYN-5K-101979,2023-01-01,20.537842,82.017072,Minor Damage,Rural/Minor Highway,Clear,Central India,Synthetic Fill
SYN-5K-101980,2023-01-01,15.490043,74.980666,Minor Damage,Highway Corridor,Clear,Central India,Synthetic Fill
SYN-5K-101981,2023-01-01,23.964334,85.654577,Minor Damage,Rural/Minor Highway,Clear,Central India,Synthetic Fill
SYN-5K-101982,2023-01-01,19.675203,85.188609,Minor Damage,Highway Corridor,Clear,Central India,Synthetic Fill
SYN-5K-101983,2023-01-01,22.559182,85.67415,Grievous Injury,Rural/Minor Highway,Clear,Central India,Synthetic Fill
SYN-5K-101984,2023-01-01,16.440222,78.252207,Fatal,Highway Corridor,Clear,Central India,Synthetic Fill
SYN-5K-101985,2023-01-01,22.13195,76.893772,Grievous Injury,Rural/Minor Highway,Clear,Central India,Synthetic Fill
SYN-5K-101986,2023-01-01,22.417929,88.185816,Grievous Injury,Highway Corridor,Clear,Central India,Synthetic Fill
SYN-5K-101987,2023-01-01,22.840059,85.722041,Fatal,Rural/Minor Highway,Clear,Central India,Synthetic Fill
SYN-5K-101988,2023-01-01,19.153782,84.669612,Grievous Injury,Highway Corridor,Clear,Central India,Synthetic Fill
SYN-5K-101989,2023-01-01,21.52021,80.462124,Fatal,Rural/Minor Highway,Clear,Central India,Synthetic Fill
SYN-5K-101990,2023-01-01,19.86985,85.444493,Grievous Injury,Highway Corridor,Clear,Central India,Synthetic Fill
SYN-5K-101991,2023-01-01,23.141218,77.659508,Grievous Injury,Rural/Minor Highway,Clear,Central India,Synthetic Fill
SYN-5K-101992,2023-01-01,25.629703,78.418549,Minor Damage,Highway Corridor,Clear,Central India,Synthetic Fill
SYN-5K-101993,2023-01-01,19.608542,76.563561,Minor Damage,Rural/Minor Highway,Clear,Central India,Synthetic Fill
SYN-5K-101994,2023-01-01,13.728703,77.758949,Minor Damage,Highway Corridor,Clear,Central India,Synthetic Fill
SYN-5K-101995,2023-01-01,19.701379,75.833926,Grievous Injury,Rural/Minor Highway,Clear,Central India,Synthetic Fill
SYN-5K-101996,2023-01-01,21.00033,72.850686,Minor Damage,Highway Corridor,Clear,Central India,Synthetic Fill
SYN-5K-101997,2023-01-01,23.745255,78.138687,Minor Damage,Rural/Minor Highway,Clear,Central India,Synthetic Fill
SYN-5K-101998,2023-01-01,20.128327,72.853992,Grievous Injury,Highway Corridor,Clear,Central India,Synthetic Fill
SYN-5K-101999,2023-01-01,23.139532,85.203226,Grievous Injury,Rural/Minor Highway,Clear,Central India,Synthetic Fill
SYN-5K-102000,2023-01-01,19.405686,85.044469,Grievous Injury,Highway Corridor,Clear,Central India,Synthetic Fill
SYN-5K-102001,2023-01-01,24.006094,84.187038,Grievous Injury,Rural/Minor Highway,Clear,Central India,Synthetic Fill
SYN-5K-102002,2023-01-01,27.689982,78.629027,Grievous Injury,Highway Corridor,Clear,Central India,Synthetic Fill
SYN-5K-102003,2023-01-01,16.541057,75.666199,Fatal,Rural/Minor Highway,Clear,Central India,Synthetic Fill
SYN-5K-102004,2023-01-01,15.923714,74.85998,Fatal,Highway Corridor,Clear,Central India,Synthetic Fill
SYN-5K-102005,2023-01-01,21.937198,77.592035,Grievous Injury,Rural/Minor Highway,Clear,Central India,Synthetic Fill
SYN-5K-102006,2023-01-01,27.27044,77.89888,Minor Damage,Highway Corridor,Clear,Central India,Synthetic Fill
SYN-5K-102007,2023-01-01,24.544789,77.212772,Grievous Injury,Rural/Minor Highway,Clear,Central India,Synthetic Fill
SYN-5K-102008,2023-01-01,20.684828,72.993363,Fatal,Highway Corridor,Clear,Central India,Synthetic Fill
SYN-5K-102009,2023-01-01,21.457976,78.36009,Grievous Injury,Rural/Minor Highway,Clear,Central India,Synthetic Fill
SYN-5K-102010,2023-01-01,23.259472,87.16175,Minor Damage,Highway Corridor,Clear,Central India,Synthetic Fill
SYN-5K-102011,2023-01-01,19.05048,75.338905,Grievous Injury,Rural/Minor Highway,Clear,Central India,Synthetic Fill
SYN-5K-102012,2023-01-01,22.978396,87.698734,Minor Damage,Highway Corridor,Clear,Central India,Synthetic Fill
SYN-5K-102013,2023-01-01,20.440673,75.919174,Grievous Injury,Rural/Minor Highway,Clear,Central India,Synthetic Fill
SYN-5K-102014,2023-01-01,22.883708,78.803741,Grievous Injury,Highway Corridor,Clear,Central India,Synthetic Fill
SYN-5K-102015,2023-01-01,22.894609,76.789628,Fatal,Rural/Minor Highway,Clear,Central India,Synthetic Fill
SYN-5K-102016,2023-01-01,28.520084,77.115771,Grievous Injury,Highway Corridor,Clear,Central India,Synthetic Fill
SYN-5K-102017,2023-01-01,20.612318,79.384153,Fatal,Rural/Minor Highway,Clear,Central India,Synthetic Fill
SYN-5K-102018,2023-01-01,19.951467,78.857755,Minor Damage,Highway Corridor,Clear,Central India,Synthetic Fill
SYN-5K-102019,2023-01-01,22.669785,85.052936,Grievous Injury,Rural/Minor Highway,Clear,Central India,Synthetic Fill
SYN-5K-102020,2023-01-01,25.775003,83.708013,Fatal,Highway Corridor,Clear,Central India,Synthetic Fill
SYN-5K-102021,2023-01-01,22.772301,86.165092,Fatal,Rural/Minor Highway,Clear,Central India,Synthetic Fill
SYN-5K-102022,2023-01-01,26.951294,78.081458,Fatal,Highway Corridor,Clear,Central India,Synthetic Fill
SYN-5K-102023,2023-01-01,19.590933,74.619042,Grievous Injury,Rural/Minor Highway,Clear,Central India,Synthetic Fill
SYN-5K-102024,2023-01-01,22.57292,72.636394,Grievous Injury,Highway Corridor,Clear,Central India,Synthetic Fill
SYN-5K-102025,2023-01-01,21.222981,81.231623,Grievous Injury,Rural/Minor Highway,Clear,Central India,Synthetic Fill
SYN-5K-102026,2023-01-01,18.967369,73.097874,Grievous Injury,Highway Corridor,Clear,Central India,Synthetic Fill
SYN-5K-102027,2023-01-01,20.620173,78.647201,Grievous Injury,Rural/Minor Highway,Clear,Central India,Synthetic Fill
SYN-5K-102028,2023-01-01,23.103227,87.417054,Grievous Injury,Highway Corridor,Clear,Central India,Synthetic Fill
SYN-5K-102029,2023-01-01,23.444255,85.20077,Minor Damage,Rural/Minor Highway,Clear,Central India,Synthetic Fill
SYN-5K-102030,2023-01-01,19.39366,85.044226,Grievous Injury,Highway Corridor,Clear,Central India,Synthetic Fill
SYN-5K-102031,2023-01-01,20.080486,75.920018,Fatal,Rural/Minor Highway,Clear,Central India,Synthetic Fill
SYN-5K-102032,2023-01-01,22.551741,78.925697,Fatal,Highway Corridor,Clear,Central India,Synthetic Fill
SYN-5K-102033,2023-01-01,20.840753,79.33847,Grievous Injury,Rural/Minor Highway,Clear,Central India,Synthetic Fill
SYN-5K-102034,2023-01-01,24.530604,78.647711,Grievous Injury,Highway Corridor,Clear,Central India,Synthetic Fill
SYN-5K-102035,2023-01-01,23.014376,77.005838,Grievous Injury,Rural/Minor Highway,Clear,Central India,Synthetic Fill
SYN-5K-102036,2023-01-01,19.001916,73.144695,Minor Damage,Highway Corridor,Clear,Central India,Synthetic Fill
SYN-5K-102037,2023-01-01,15.073081,74.616938,Grievous Injury,Rural/Minor Highway,Clear,Central India,Synthetic Fill
SYN-5K-102038,2023-01-01,24.400336,85.983494,Grievous Injury,Highway Corridor,Clear,Central India,Synthetic Fill
SYN-5K-102039,2023-01-01,21.551606,80.943943,Grievous Injury,Rural/Minor Highway,Clear,Central India,Synthetic Fill
SYN-5K-102040,2023-01-01,19.019835,84.498948,Minor Damage,Highway Corridor,Clear,Central India,Synthetic Fill
SYN-5K-102041,2023-01-01,21.170509,78.869788,Grievous Injury,Rural/Minor Highway,Clear,Central India,Synthetic Fill
SYN-5K-102042,2023-01-01,16.802789,80.660215196,Fatal,Highway Corridor,Clear,Central India,Synthetic Fill
SYN-5K-102043,2023-01-01,15.209234,75.883993,Fatal,Rural/Minor Highway,Clear,Central India,Synthetic Fill
SYN-5K-102044,2023-01-01,25.154695,85.415481,Fatal,Highway Corridor,Clear,Central India,Synthetic Fill
SYN-5K-102045,2023-01-01,20.21758,75.489146,Minor Damage,Rural/Minor Highway,Clear,Central India,Synthetic Fill
SYN-5K-102046,2023-01-01,16.497373,74.616445,Fatal,Highway Corridor,Clear,Central India,Synthetic Fill
SYN-5K-102047,2023-01-01,23.133866,76.439174,Grievous Injury,Rural/Minor Highway,Clear,Central India,Synthetic Fill
SYN-5K-102048,2023-01-01,13.754902,79.55078432799999,Grievous Injury,Highway Corridor,Clear,Central India,Synthetic Fill
SYN-5K-102049,2023-01-01,14.945038,74.581468774,Fatal,Rural/Minor Highway,Clear,Central India,Synthetic Fill
SYN-5K-102050,2023-01-01,14.505897,76.011928,Grievous Injury,Highway Corridor,Clear,Central India,Synthetic Fill
SYN-5K-102051,2023-01-01,20.92487,81.603533,Minor Damage,Rural/Minor Highway,Clear,Central India,Synthetic Fill
SYN-5K-102052,2023-01-01,28.503472,77.09997,Grievous Injury,Highway Corridor,Clear,Central India,Synthetic Fill
SYN-5K-102053,2023-01-01,24.014248,85.532603,Grievous Injury,Rural/Minor Highway,Clear,Central India,Synthetic Fill
SYN-5K-102054,2023-01-01,18.790573,81.383768572,Fatal,Highway Corridor,Clear,Central India,Synthetic Fill
SYN-5K-102055,2023-01-01,21.858084,79.096796,Fatal,Rural/Minor Highway,Clear,Central India,Synthetic Fill
SYN-5K-102056,2023-01-01,25.135356,74.320569,Fatal,Highway Corridor,Clear,Central India,Synthetic Fill
SYN-5K-102057,2023-01-01,21.205927,75.417814,Minor Damage,Rural/Minor Highway,Clear,Central India,Synthetic Fill
SYN-5K-102058,2023-01-01,21.354113,72.737801,Grievous Injury,Highway Corridor,Clear,Central India,Synthetic Fill
SYN-5K-102059,2023-01-01,21.74708,81.133999,Grievous Injury,Rural/Minor Highway,Clear,Central India,Synthetic Fill
SYN-5K-102060,2023-01-01,19.127519,84.787679,Grievous Injury,Highway Corridor,Clear,Central India,Synthetic Fill
SYN-5K-102061,2023-01-01,22.64729,76.52939,Fatal,Rural/Minor Highway,Clear,Central India,Synthetic Fill
SYN-5K-102062,2023-01-01,27.944644,77.565512,Fatal,Highway Corridor,Clear,Central India,Synthetic Fill
SYN-5K-102063,2023-01-01,22.79799,77.157851,Minor Damage,Rural/Minor Highway,Clear,Central India,Synthetic Fill
SYN-5K-102064,2023-01-01,17.0638,80.7552232,Grievous Injury,Highway Corridor,Clear,Central India,Synthetic Fill
SYN-5K-102065,2023-01-01,22.678399,84.785831,Grievous Injury,Rural/Minor Highway,Clear,Central India,Synthetic Fill
SYN-5K-102066,2023-01-01,28.320082,77.856309,Fatal,Highway Corridor,Clear,Central India,Synthetic Fill
SYN-5K-102067,2023-01-01,23.54842,85.51008,Fatal,Rural/Minor Highway,Clear,Central India,Synthetic Fill
SYN-5K-102068,2023-01-01,24.356384,85.983972,Fatal,Highway Corridor,Clear,Central India,Synthetic Fill
SYN-5K-102069,2023-01-01,15.913042,75.493848,Grievous Injury,Rural/Minor Highway,Clear,Central India,Synthetic Fill
SYN-5K-102070,2023-01-01,27.673019,77.570138,Fatal,Highway Corridor,Clear,Central India,Synthetic Fill
SYN-5K-102071,2023-01-01,21.222514,82.128911,Minor Damage,Rural/Minor Highway,Clear,Central India,Synthetic Fill
SYN-5K-102072,2023-01-01,26.892423,78.004803,Grievous Injury,Highway Corridor,Clear,Central India,Synthetic Fill
SYN-5K-102073,2023-01-01,22.89781,76.914166,Grievous Injury,Rural/Minor Highway,Clear,Central India,Synthetic Fill
SYN-5K-102074,2023-01-01,24.035942,73.348206,Minor Damage,Highway Corridor,Clear,Central India,Synthetic Fill
SYN-5K-102075,2023-01-01,20.650822,82.615187,Minor Damage,Rural/Minor Highway,Clear,Central India,Synthetic Fill
SYN-5K-102076,2023-01-01,21.799039,87.594397,Grievous Injury,Highway Corridor,Clear,Central India,Synthetic Fill
SYN-5K-102077,2023-01-01,23.135522,77.422606,Fatal,Rural/Minor Highway,Clear,Central India,Synthetic Fill
SYN-5K-102078,2023-01-01,23.739839,86.657997,Grievous Injury,Highway Corridor,Clear,Central India,Synthetic Fill
SYN-5K-102079,2023-01-01,23.449021,84.995337,Grievous Injury,Rural/Minor Highway,Clear,Central India,Synthetic Fill
SYN-5K-102080,2023-01-01,26.32408,78.241629,Grievous Injury,Highway Corridor,Clear,Central India,Synthetic Fill
SYN-5K-102081,2023-01-01,23.963812,84.690965,Fatal,Rural/Minor Highway,Clear,Central India,Synthetic Fill
SYN-5K-102082,2023-01-01,24.664948,85.834998,Grievous Injury,Highway Corridor,Clear,Central India,Synthetic Fill
SYN-5K-102083,2023-01-01,21.148306,79.121946,Fatal,Rural/Minor Highway,Clear,Central India,Synthetic Fill
SYN-5K-102084,2023-01-01,13.305069,79.387045116,Minor Damage,Highway Corridor,Clear,Central India,Synthetic Fill
SYN-5K-102085,2023-01-01,23.405576,85.458618,Minor Damage,Rural/Minor Highway,Clear,Central India,Synthetic Fill
SYN-5K-102086,2023-01-01,21.133373,86.545456,Minor Damage,Highway Corridor,Clear,Central India,Synthetic Fill
SYN-5K-102087,2023-01-01,22.540555,85.904421,Minor Damage,Rural/Minor Highway,Clear,Central India,Synthetic Fill
SYN-5K-102088,2023-01-01,21.819081,87.536499,Minor Damage,Highway Corridor,Clear,Central India,Synthetic Fill
SYN-5K-102089,2023-01-01,19.691289,75.789189,Minor Damage,Rural/Minor Highway,Clear,Central India,Synthetic Fill
SYN-5K-102090,2023-01-01,22.730811,88.216139,Grievous Injury,Highway Corridor,Clear,Central India,Synthetic Fill
SYN-5K-102091,2023-01-01,24.189568,85.192605,Minor Damage,Rural/Minor Highway,Clear,Central India,Synthetic Fill
SYN-5K-102092,2023-01-01,18.458585,81.26292493999999,Minor Damage,Highway Corridor,Clear,Central India,Synthetic Fill
SYN-5K-102093,2023-01-01,19.223005,75.230901,Grievous Injury,Rural/Minor Highway,Clear,Central India,Synthetic Fill
SYN-5K-102094,2023-01-01,23.60876,73.009727,Grievous Injury,Highway Corridor,Clear,Central India,Synthetic Fill
SYN-5K-102095,2023-01-01,23.184323,86.028131,Fatal,Rural/Minor Highway,Clear,Central India,Synthetic Fill
SYN-5K-102096,2023-01-01,18.852985,73.288679,Grievous Injury,Highway Corridor,Clear,Central India,Synthetic Fill
SYN-5K-102097,2023-01-01,19.546173,82.110067,Fatal,Rural/Minor Highway,Clear,Central India,Synthetic Fill
SYN-5K-102098,2023-01-01,24.094744,73.306666,Grievous Injury,Highway Corridor,Clear,Central India,Synthetic Fill
SYN-5K-102099,2023-01-01,23.900794,84.963464,Fatal,Rural/Minor Highway,Clear,Central India,Synthetic Fill
SYN-5K-102100,2023-01-01,17.477979,74.167195,Grievous Injury,Highway Corridor,Clear,Central India,Synthetic Fill
SYN-5K-102101,2023-01-01,22.55011,85.611866,Grievous Injury,Rural/Minor Highway,Clear,Central India,Synthetic Fill
